####
#
# OBJ File Generated by Meshlab
#
####
# Object NO.obj
#
# Vertices: 5234
# Faces: 10464
#
####
v 25362.509766 22938.689453 22559.623047
v 25209.099609 23016.767578 22542.646484
v 25144.994141 23100.242188 22548.546875
v 25240.595703 23078.027344 22542.871094
v 26647.513672 23264.306641 22556.531250
v 25171.832031 22870.080078 22585.919922
v 25298.236328 22924.267578 22555.953125
v 25152.494141 22931.103516 22571.505859
v 25344.648438 23038.171875 22555.986328
v 25094.468750 23001.304688 22571.068359
v 26708.316406 23237.371094 22551.501953
v 26774.414062 23310.007812 22540.052734
v 25281.429688 23143.734375 22563.951172
v 25154.585938 23250.722656 22601.968750
v 26568.574219 23291.804688 22572.869141
v 26858.898438 23256.984375 22569.195312
v 26657.212891 23371.748047 22550.812500
v 26844.525391 23355.951172 22543.644531
v 26989.619141 23406.335938 22595.730469
v 26598.326172 23424.066406 22570.207031
v 26750.605469 23439.937500 22541.562500
v 26845.224609 23445.111328 22551.634766
v 26949.929688 23473.298828 22583.263672
v 26734.921875 23504.988281 22559.593750
v 26653.390625 23476.162109 22564.578125
v 26958.880859 23563.132812 22598.005859
v 26691.953125 23599.888672 22582.730469
v 26838.210938 23565.253906 22576.302734
v 26625.541016 23675.310547 22613.195312
v 26773.404297 23638.523438 22590.009766
v 25321.396484 22816.679688 22588.167969
v 25250.541016 22835.275391 22586.638672
v 25445.070312 22846.042969 22589.310547
v 25508.957031 22944.544922 22595.117188
v 26731.388672 23171.519531 22563.687500
v 25445.933594 23015.113281 22579.888672
v 26559.140625 23176.097656 22576.037109
v 26804.791016 23189.625000 22568.828125
v 25441.191406 23089.023438 22588.511719
v 26533.992188 23369.761719 22583.720703
v 26890.667969 23177.669922 22595.132812
v 25093.898438 23177.255859 22584.167969
v 25393.177734 23131.203125 22584.257812
v 26994.720703 23244.544922 22613.605469
v 25191.224609 23136.218750 22552.277344
v 26939.302734 23322.542969 22583.587891
v 25271.130859 23237.740234 22599.740234
v 27087.755859 23358.199219 22633.636719
v 27141.513672 23433.226562 22653.046875
v 26511.457031 23513.945312 22601.460938
v 27079.892578 23491.341797 22631.546875
v 27043.330078 23578.529297 22628.261719
v 26525.386719 23575.779297 22606.837891
v 26574.914062 23574.490234 22591.957031
v 26514.265625 23626.937500 22624.046875
v 26754.869141 23721.480469 22620.994141
v 27015.898438 23656.910156 22634.386719
v 26918.580078 23683.666016 22615.119141
v 26846.478516 23734.320312 22625.789062
v 25378.193359 22667.058594 22644.248047
v 25261.140625 22679.917969 22647.976562
v 25430.507812 22761.242188 22607.093750
v 25516.736328 22749.316406 22622.882812
v 25066.085938 22842.822266 22614.972656
v 25047.662109 22895.671875 22602.585938
v 26606.300781 22915.210938 22620.320312
v 26702.726562 23039.722656 22593.808594
v 26612.582031 23079.527344 22579.746094
v 26749.978516 22978.275391 22618.765625
v 25559.601562 23039.623047 22616.511719
v 26867.728516 23032.972656 22628.837891
v 24934.402344 23018.289062 22619.710938
v 25049.371094 23091.968750 22580.806641
v 26490.896484 23058.150391 22599.863281
v 26402.384766 23013.525391 22619.726562
v 26816.132812 23091.431641 22598.039062
v 25682.939453 23125.513672 22661.302734
v 26459.898438 23174.431641 22600.980469
v 26961.603516 23151.537109 22623.984375
v 25538.644531 23158.521484 22630.996094
v 24965.957031 23173.462891 22616.527344
v 26380.042969 23252.667969 22623.763672
v 25047.779297 23311.142578 22629.990234
v 25417.490234 23236.236328 22620.470703
v 26444.265625 23423.353516 22614.203125
v 27115.320312 23310.570312 22648.929688
v 25236.214844 23344.355469 22639.496094
v 25138.171875 23379.113281 22648.386719
v 27175.480469 23555.693359 22673.318359
v 25461.582031 22593.572266 22673.880859
v 25590.582031 22608.496094 22682.841797
v 25627.273438 22700.550781 22660.052734
v 25167.001953 22749.271484 22630.970703
v 24985.027344 22702.687500 22696.738281
v 26395.507812 22692.863281 22688.205078
v 25604.210938 22807.160156 22629.359375
v 25773.695312 22810.552734 22668.818359
v 26704.607422 22860.986328 22644.652344
v 26724.898438 22761.259766 22679.845703
v 24923.291016 22812.787109 22672.451172
v 26533.531250 22758.953125 22662.183594
v 26636.945312 22828.185547 22644.500000
v 24813.269531 22913.796875 22691.216797
v 24959.341797 22963.605469 22616.810547
v 25550.048828 22878.324219 22608.291016
v 25689.214844 22852.095703 22646.347656
v 26519.929688 22926.361328 22618.884766
v 26872.792969 22878.832031 22677.021484
v 26785.535156 22867.796875 22658.441406
v 26935.867188 22861.871094 22702.144531
v 25681.035156 22942.941406 22642.052734
v 26508.240234 23009.437500 22603.578125
v 24800.851562 23100.628906 22675.554688
v 26365.957031 23047.089844 22625.218750
v 25602.068359 22971.839844 22621.921875
v 25705.685547 23054.291016 22655.439453
v 24885.554688 23145.511719 22641.347656
v 26318.945312 23147.093750 22636.277344
v 24789.261719 23212.408203 22681.937500
v 24861.214844 23261.728516 22661.664062
v 27074.820312 23213.187500 22652.281250
v 24980.818359 23265.019531 22630.361328
v 24880.210938 23374.046875 22680.982422
v 24982.265625 23359.029297 22655.642578
v 25566.232422 23267.156250 22665.849609
v 27258.244141 23409.089844 22700.023438
v 24963.718750 23438.683594 22685.435547
v 25378.468750 23298.994141 22635.330078
v 26389.089844 23461.476562 22635.765625
v 25476.593750 23333.255859 22666.738281
v 25057.226562 23388.144531 22654.894531
v 25247.521484 23451.912109 22683.570312
v 26412.234375 23567.246094 22647.455078
v 27143.718750 23652.003906 22675.808594
v 26368.761719 23606.519531 22684.714844
v 26485.371094 23686.751953 22668.876953
v 26573.609375 23713.152344 22648.859375
v 26670.355469 23803.470703 22705.142578
v 26721.728516 23759.275391 22652.726562
v 26799.464844 23789.849609 22670.115234
v 27077.044922 23757.519531 22684.744141
v 26955.853516 23761.310547 22654.960938
v 25385.988281 22526.097656 22702.955078
v 25550.611328 22540.875000 22704.191406
v 25167.560547 22594.478516 22698.658203
v 25746.335938 22607.203125 22709.658203
v 26608.101562 22710.253906 22680.085938
v 25085.498047 22730.712891 22656.144531
v 25706.761719 22749.679688 22664.281250
v 25791.478516 22717.902344 22686.500000
v 26684.349609 22631.804688 22712.642578
v 24757.458984 22798.923828 22748.845703
v 26399.607422 22796.414062 22658.382812
v 26824.167969 22750.382812 22707.052734
v 24730.373047 22894.208984 22736.744141
v 26151.007812 22842.927734 22677.322266
v 25869.083984 22895.550781 22676.445312
v 25962.464844 22910.042969 22682.089844
v 25776.976562 22956.185547 22662.349609
v 26071.441406 22911.925781 22679.246094
v 27015.578125 22835.291016 22743.246094
v 24661.972656 22989.587891 22749.996094
v 26254.533203 22935.195312 22653.671875
v 26331.708984 22873.351562 22650.224609
v 25836.664062 22989.109375 22673.929688
v 24806.480469 22980.685547 22683.267578
v 25924.121094 23086.140625 22692.470703
v 27070.630859 23072.101562 22685.068359
v 25800.716797 23064.685547 22675.937500
v 26253.769531 23018.693359 22649.125000
v 27187.410156 23090.570312 22732.347656
v 24693.199219 23271.343750 22720.033203
v 26286.478516 23267.521484 22652.869141
v 25652.623047 23209.679688 22672.916016
v 27160.501953 23250.998047 22681.068359
v 24780.972656 23387.953125 22707.734375
v 25583.255859 23341.460938 22696.365234
v 25673.605469 23302.503906 22707.103516
v 25359.476562 23397.724609 22675.402344
v 25505.722656 23419.183594 22712.283203
v 24865.933594 23454.619141 22706.158203
v 25013.105469 23501.691406 22703.720703
v 25334.712891 23507.378906 22721.136719
v 27251.232422 23488.285156 22697.259766
v 25054.300781 23549.169922 22722.552734
v 26310.966797 23494.710938 22676.783203
v 27265.369141 23617.828125 22714.164062
v 26873.886719 23808.271484 22684.798828
v 27079.316406 23808.593750 22711.390625
v 25453.109375 22480.080078 22726.552734
v 25532.515625 22469.158203 22739.460938
v 25303.250000 22496.052734 22725.226562
v 25715.787109 22462.835938 22767.082031
v 25227.736328 22544.906250 22709.708984
v 25739.250000 22527.171875 22738.689453
v 25153.828125 22502.039062 22743.429688
v 26558.617188 22555.738281 22729.271484
v 25063.974609 22579.476562 22729.978516
v 26507.718750 22517.750000 22743.974609
v 26183.394531 22699.150391 22703.205078
v 24724.982422 22726.412109 22794.617188
v 24823.910156 22743.230469 22738.972656
v 26191.560547 22778.244141 22683.998047
v 26861.410156 22709.851562 22734.910156
v 25901.623047 22738.746094 22695.619141
v 25989.888672 22733.640625 22700.906250
v 26062.455078 22787.990234 22690.998047
v 26946.828125 22716.759766 22767.164062
v 25886.308594 22816.605469 22682.771484
v 25983.115234 22808.902344 22689.552734
v 26015.988281 23013.693359 22683.544922
v 26994.613281 22947.867188 22692.029297
v 25924.679688 23004.519531 22683.068359
v 26098.226562 23026.025391 22676.492188
v 24674.755859 23085.587891 22729.093750
v 26051.144531 23096.625000 22688.082031
v 26184.390625 23149.052734 22669.830078
v 26207.453125 23070.046875 22658.839844
v 27149.242188 22978.070312 22746.964844
v 25800.498047 23188.906250 22699.791016
v 25792.554688 23275.554688 22724.402344
v 27294.957031 23251.156250 22747.843750
v 26170.433594 23235.714844 22684.367188
v 24753.351562 23345.087891 22708.589844
v 26276.416016 23381.351562 22670.474609
v 25755.382812 23364.541016 22750.843750
v 27392.468750 23423.302734 22773.476562
v 24689.619141 23410.933594 22743.318359
v 25648.482422 23415.140625 22747.951172
v 25526.775391 23525.431641 22771.412109
v 25405.314453 23580.417969 22771.294922
v 27354.443359 23615.796875 22753.488281
v 25138.394531 23494.150391 22689.179688
v 26338.285156 23633.429688 22719.611328
v 27132.359375 23713.164062 22686.763672
v 27244.056641 23778.234375 22744.982422
v 26497.322266 23732.648438 22699.150391
v 26569.535156 23815.052734 22741.140625
v 26970.289062 23840.128906 22717.871094
v 25331.371094 22404.455078 22772.701172
v 26646.144531 22576.382812 22725.271484
v 26717.638672 22491.687500 22784.769531
v 25035.683594 22489.031250 22782.189453
v 26191.830078 22617.214844 22726.587891
v 26409.777344 22599.687500 22717.607422
v 26733.447266 22626.699219 22725.167969
v 26767.621094 22569.785156 22761.333984
v 24924.892578 22657.539062 22736.195312
v 24838.925781 22655.447266 22769.568359
v 25874.378906 22508.296875 22765.476562
v 26863.564453 22591.335938 22788.597656
v 25875.205078 22592.609375 22731.630859
v 26038.898438 22603.000000 22737.589844
v 25882.082031 22664.050781 22711.546875
v 26034.615234 22665.847656 22717.277344
v 27086.681641 22807.867188 22791.849609
v 26064.333984 23175.306641 22698.179688
v 25979.285156 23176.542969 22708.408203
v 24629.917969 23201.568359 22741.576172
v 25888.978516 23226.521484 22720.179688
v 25881.267578 23133.207031 22697.597656
v 24592.191406 23311.982422 22763.078125
v 26179.708984 23329.976562 22698.109375
v 27316.917969 23399.306641 22732.833984
v 26217.804688 23433.316406 22707.148438
v 24653.988281 23494.410156 22781.472656
v 27377.486328 23515.146484 22757.726562
v 24767.574219 23490.115234 22743.021484
v 26270.710938 23549.398438 22718.660156
v 24862.425781 23590.587891 22769.667969
v 25274.792969 23573.275391 22743.945312
v 25358.582031 23680.146484 22815.628906
v 24963.492188 23610.960938 22766.896484
v 25237.703125 23644.882812 22779.507812
v 27046.853516 23842.361328 22728.058594
v 27170.123047 23829.103516 22746.519531
v 26798.875000 23896.953125 22775.982422
v 25521.390625 22405.828125 22774.279297
v 26593.058594 22296.984375 22858.656250
v 26545.671875 22423.847656 22788.595703
v 26793.220703 22403.564453 22853.869141
v 26624.421875 22468.232422 22775.873047
v 26837.539062 22488.482422 22824.884766
v 25831.320312 22421.906250 22803.751953
v 26321.640625 22494.529297 22762.603516
v 26336.845703 22412.318359 22795.628906
v 24998.322266 22476.269531 22801.761719
v 26162.007812 22526.144531 22760.783203
v 24805.792969 22597.826172 22820.707031
v 26021.558594 22522.767578 22766.179688
v 26905.843750 22525.234375 22837.218750
v 27002.152344 22663.734375 22819.351562
v 24633.640625 22828.226562 22805.990234
v 24554.125000 22918.277344 22828.220703
v 24623.314453 22912.177734 22787.472656
v 24578.527344 23094.882812 22771.423828
v 24583.685547 23145.943359 22761.820312
v 27262.681641 23137.792969 22758.923828
v 26023.419922 23260.947266 22724.953125
v 25953.750000 23290.150391 22740.900391
v 26100.582031 23283.179688 22712.906250
v 26076.109375 23341.638672 22736.875000
v 27356.414062 23246.800781 22782.458984
v 24513.753906 23374.636719 22808.820312
v 25842.507812 23369.250000 22767.328125
v 26120.337891 23414.664062 22744.810547
v 25692.150391 23489.843750 22797.820312
v 26177.750000 23510.492188 22753.177734
v 25532.222656 23604.185547 22818.371094
v 26249.300781 23633.736328 22773.697266
v 24766.748047 23593.130859 22792.150391
v 24924.300781 23693.359375 22823.302734
v 26285.621094 23708.462891 22802.164062
v 25056.310547 23675.167969 22794.046875
v 26391.195312 23755.746094 22776.828125
v 27160.796875 23889.146484 22781.703125
v 26928.748047 23910.255859 22779.277344
v 27270.771484 23821.859375 22771.824219
v 26495.212891 22327.669922 22836.521484
v 25603.507812 22314.593750 22843.027344
v 25403.453125 22393.181641 22775.677734
v 26700.710938 22379.416016 22837.322266
v 25737.070312 22362.369141 22828.466797
v 26442.669922 22358.234375 22817.056641
v 25229.875000 22436.560547 22763.810547
v 25815.671875 22339.210938 22852.148438
v 26908.437500 22405.376953 22901.236328
v 25117.601562 22407.029297 22808.812500
v 27020.507812 22410.121094 22954.177734
v 26138.691406 22455.691406 22792.117188
v 27014.259766 22516.101562 22897.580078
v 27138.851562 22726.345703 22862.765625
v 27207.984375 22969.406250 22780.423828
v 24456.253906 23113.492188 22840.328125
v 24455.806641 23211.468750 22829.703125
v 27328.072266 23114.666016 22804.701172
v 25827.322266 23434.359375 22797.488281
v 27496.578125 23378.537109 22840.892578
v 25788.345703 23511.748047 22834.339844
v 27443.761719 23583.994141 22800.378906
v 27318.218750 23699.164062 22749.917969
v 24836.361328 23738.724609 22868.568359
v 25154.025391 23689.439453 22800.468750
v 25259.736328 23722.746094 22827.125000
v 24934.867188 23786.089844 22885.201172
v 25034.367188 23755.015625 22851.738281
v 27431.390625 23795.830078 22836.675781
v 26648.035156 23890.593750 22798.640625
v 26765.291016 24001.814453 22878.730469
v 27042.816406 23919.974609 22792.664062
v 27160.025391 23933.193359 22814.037109
v 26410.431641 22271.779297 22870.564453
v 25434.166016 22289.214844 22843.984375
v 25530.427734 22242.744141 22885.287109
v 26741.500000 22231.800781 22921.000000
v 26008.615234 22442.048828 22802.886719
v 24888.697266 22515.802734 22826.878906
v 26050.630859 22387.482422 22832.470703
v 27224.132812 22772.554688 22891.207031
v 24633.607422 22758.601562 22836.888672
v 24502.144531 23271.025391 22802.957031
v 25895.324219 23336.916016 22757.777344
v 24578.085938 23443.746094 22794.726562
v 24565.289062 23531.787109 22826.578125
v 26068.884766 23502.800781 22803.318359
v 27529.960938 23495.814453 22855.591797
v 24547.796875 23613.187500 22866.908203
v 25697.070312 23564.541016 22844.351562
v 24647.625000 23584.791016 22822.867188
v 24579.046875 23662.802734 22881.359375
v 24781.121094 23675.636719 22838.445312
v 25497.171875 23721.343750 22883.537109
v 24664.085938 23696.949219 22880.732422
v 25025.443359 23837.476562 22914.107422
v 25143.712891 23779.517578 22863.062500
v 25284.980469 23819.005859 22902.816406
v 26539.990234 23908.972656 22851.767578
v 26879.537109 23976.009766 22839.496094
v 26982.732422 24038.207031 22895.755859
v 26813.550781 23981.933594 22852.783203
v 26520.177734 22257.595703 22875.722656
v 25242.609375 22287.767578 22858.142578
v 26662.917969 22286.117188 22874.394531
v 25318.636719 22323.550781 22824.597656
v 26325.927734 22324.261719 22843.156250
v 25934.978516 22328.548828 22868.054688
v 26177.919922 22376.500000 22829.429688
v 24833.898438 22501.839844 22871.404297
v 24676.085938 22653.216797 22869.787109
v 24546.197266 22734.703125 22932.757812
v 27338.074219 23032.125000 22842.703125
v 24475.333984 23039.912109 22843.585938
v 24298.349609 23098.658203 22936.179688
v 27474.070312 23236.900391 22859.958984
v 24313.175781 23210.712891 22906.814453
v 24371.828125 23260.939453 22872.642578
v 27519.845703 23305.582031 22871.154297
v 26020.023438 23450.089844 22794.902344
v 27679.029297 23350.609375 22962.923828
v 25886.560547 23470.910156 22823.326172
v 24381.585938 23498.835938 22893.101562
v 27575.306641 23400.423828 22890.625000
v 25702.349609 23647.185547 22906.337891
v 25766.050781 23594.021484 22884.691406
v 26110.642578 23573.197266 22819.486328
v 27418.103516 23669.314453 22793.246094
v 25585.681641 23655.718750 22869.667969
v 27575.625000 23719.792969 22904.605469
v 27482.433594 23755.000000 22854.109375
v 25351.876953 23756.978516 22867.216797
v 26486.927734 23826.537109 22787.878906
v 27116.740234 24000.003906 22870.525391
v 27275.509766 23916.828125 22828.445312
v 27143.343750 24076.246094 22948.574219
v 25358.945312 22200.431641 22911.980469
v 25395.916016 22251.406250 22867.982422
v 25746.279297 22206.011719 22946.367188
v 26340.187500 22240.558594 22896.767578
v 25751.048828 22284.208984 22883.699219
v 25121.103516 22323.191406 22863.863281
v 25002.236328 22384.902344 22864.519531
v 27243.890625 22576.621094 23006.882812
v 24550.632812 22845.185547 22859.132812
v 27319.880859 22929.617188 22875.871094
v 24477.648438 22920.474609 22880.501953
v 24415.792969 23018.640625 22887.873047
v 27532.992188 23093.269531 22950.515625
v 27411.777344 23130.257812 22853.767578
v 24410.128906 23331.042969 22854.332031
v 25979.462891 23374.484375 22770.416016
v 27659.675781 23493.181641 22938.740234
v 25834.339844 23569.371094 22881.873047
v 27580.531250 23604.017578 22892.115234
v 27669.421875 23686.578125 22957.917969
v 25564.894531 23764.064453 22946.453125
v 26076.013672 23675.128906 22906.242188
v 24525.935547 23744.119141 22953.607422
v 24594.203125 23743.732422 22931.296875
v 27556.304688 23814.607422 22916.644531
v 24845.636719 23829.906250 22932.298828
v 25436.683594 23787.625000 22914.583984
v 24946.527344 23888.894531 22957.921875
v 26394.074219 23833.623047 22844.732422
v 25231.320312 23839.748047 22915.300781
v 27426.697266 23860.890625 22865.117188
v 26454.839844 23972.253906 22954.210938
v 27381.667969 23916.763672 22875.912109
v 27207.185547 23963.687500 22848.876953
v 26467.496094 22163.714844 22940.667969
v 26321.253906 22186.365234 22938.019531
v 26579.732422 22138.503906 22953.835938
v 25591.396484 22200.003906 22924.361328
v 25869.507812 22247.289062 22927.298828
v 26180.494141 22274.179688 22892.763672
v 26839.023438 22261.935547 22940.857422
v 25983.271484 22276.625000 22909.072266
v 26065.343750 22305.757812 22884.390625
v 27161.718750 22623.966797 22928.699219
v 27531.824219 23183.603516 22913.070312
v 24319.140625 23151.476562 22912.363281
v 27678.980469 23296.687500 22977.710938
v 24298.136719 23333.121094 22911.566406
v 25989.119141 23521.130859 22841.603516
v 24367.847656 23551.222656 22913.929688
v 24429.757812 23604.785156 22909.482422
v 27731.580078 23586.679688 22986.681641
v 26051.402344 23571.083984 22847.656250
v 25527.271484 23852.482422 23023.117188
v 24578.291016 23802.923828 22985.238281
v 24734.726562 23767.318359 22911.431641
v 25382.712891 23869.078125 22965.593750
v 24730.609375 23845.472656 22974.423828
v 24853.128906 23890.382812 22977.099609
v 26564.650391 24055.970703 22993.046875
v 27398.841797 23971.349609 22921.214844
v 26628.718750 23981.347656 22893.595703
v 26708.867188 24057.406250 22948.742188
v 27010.488281 24113.269531 22979.500000
v 27234.046875 24049.572266 22935.378906
v 26908.275391 24140.623047 23010.205078
v 25441.152344 22155.566406 22948.507812
v 25650.341797 22153.527344 22974.337891
v 25264.505859 22185.238281 22934.363281
v 26647.664062 22164.273438 22936.898438
v 25212.689453 22152.388672 22970.248047
v 25122.486328 22233.496094 22936.865234
v 24911.644531 22376.992188 22925.242188
v 27093.970703 22486.093750 22957.384766
v 24563.597656 22651.369141 22983.789062
v 27303.564453 22856.160156 22901.380859
v 24416.814453 22902.216797 22938.134766
v 24222.199219 23194.943359 22957.949219
v 24183.623047 23287.671875 22966.593750
v 24171.453125 23379.718750 22970.628906
v 24289.789062 23436.683594 22924.392578
v 24268.626953 23537.787109 22954.152344
v 25997.730469 23619.736328 22903.722656
v 24439.347656 23678.617188 22942.035156
v 25749.115234 23709.902344 22979.384766
v 27732.818359 23733.382812 23003.896484
v 26270.078125 23838.710938 22919.792969
v 27535.156250 23873.587891 22928.437500
v 25079.427734 23880.537109 22949.451172
v 25181.740234 23890.880859 22963.767578
v 26386.351562 24062.582031 23082.876953
v 27528.509766 23968.597656 22976.091797
v 27309.708984 24025.277344 22932.238281
v 27315.339844 24141.970703 23034.878906
v 26402.650391 22128.474609 22978.310547
v 25818.503906 22179.703125 22984.628906
v 26266.376953 22150.437500 22985.468750
v 26106.589844 22211.369141 22957.544922
v 27554.523438 22978.964844 23019.878906
v 24302.406250 23036.490234 22955.800781
v 27643.402344 23188.876953 22989.652344
v 24039.021484 23379.025391 23028.095703
v 24003.929688 23451.199219 23045.621094
v 24164.923828 23452.441406 22978.400391
v 24158.783203 23527.599609 22992.826172
v 25912.316406 23570.367188 22885.765625
v 24294.960938 23614.390625 22971.755859
v 24315.632812 23700.935547 23009.402344
v 25649.564453 23801.312500 23030.283203
v 27670.240234 23812.292969 22985.937500
v 27704.123047 23902.384766 23037.025391
v 24692.820312 23898.798828 23032.089844
v 24956.845703 23940.148438 23010.097656
v 25373.056641 23907.517578 23011.255859
v 26290.439453 23989.525391 23061.142578
v 27484.376953 24085.564453 23038.332031
v 26753.847656 24098.615234 22981.503906
v 27388.164062 24071.460938 22995.203125
v 25302.632812 22081.460938 23016.304688
v 25220.505859 22092.587891 23022.662109
v 25389.494141 22000.494141 23080.488281
v 25484.468750 22070.097656 23024.033203
v 25755.695312 22133.140625 23019.906250
v 26745.498047 22110.279297 22997.568359
v 25126.060547 22164.697266 22991.953125
v 25926.820312 22207.210938 22970.992188
v 26908.007812 22198.029297 23002.337891
v 26995.869141 22290.505859 22997.722656
v 24759.378906 22493.390625 22939.130859
v 24304.576172 22973.191406 22981.550781
v 27640.052734 23100.406250 23023.666016
v 24074.425781 23111.087891 23056.101562
v 24132.917969 23172.810547 23008.480469
v 27830.318359 23164.083984 23129.857422
v 24013.279297 23191.107422 23066.484375
v 24058.992188 23260.324219 23027.867188
v 23993.533203 23358.496094 23050.449219
v 27804.060547 23355.130859 23052.298828
v 23990.562500 23519.128906 23057.728516
v 27776.812500 23449.316406 23017.904297
v 27785.031250 23582.511719 23022.357422
v 24220.152344 23654.460938 23018.433594
v 25831.804688 23655.277344 22950.208984
v 25979.158203 23733.812500 23004.160156
v 24397.761719 23731.355469 22996.679688
v 27888.449219 23668.757812 23100.164062
v 24450.376953 23777.990234 23010.314453
v 24628.210938 23868.921875 23028.724609
v 24918.574219 23930.136719 23000.382812
v 25166.681641 23932.767578 23014.234375
v 25253.759766 23951.519531 23055.273438
v 27621.558594 23968.500000 23023.550781
v 26506.871094 24098.652344 23061.822266
v 26839.359375 24096.083984 22963.931641
v 27122.025391 24158.767578 23032.375000
v 26207.691406 20912.291016 23126.822266
v 26316.794922 20929.117188 23124.917969
v 26301.396484 20970.996094 23129.351562
v 26400.128906 20945.931641 23134.775391
v 25272.630859 22000.025391 23087.638672
v 25550.361328 22030.753906 23073.224609
v 25128.767578 22092.654297 23055.369141
v 26377.472656 22082.015625 23030.054688
v 26544.660156 21988.203125 23082.861328
v 25021.966797 22152.185547 23058.095703
v 25775.929688 22088.035156 23079.148438
v 26262.804688 22105.033203 23041.712891
v 26835.646484 22071.398438 23041.433594
v 25015.173828 22249.464844 22976.841797
v 25881.078125 22140.921875 23040.498047
v 24939.359375 22258.267578 23015.835938
v 26029.919922 22180.140625 23000.330078
v 26814.431641 22152.210938 22992.919922
v 24846.154297 22394.201172 22957.667969
v 24670.033203 22523.386719 22994.011719
v 24496.414062 22624.505859 23073.796875
v 24471.244141 22718.115234 23017.394531
v 24440.126953 22837.009766 22956.880859
v 24352.308594 22872.804688 23005.304688
v 23929.878906 23301.187500 23089.019531
v 27798.562500 23283.859375 23064.371094
v 23882.292969 23387.316406 23110.214844
v 23931.599609 23448.652344 23080.019531
v 27922.501953 23530.029297 23125.992188
v 27850.832031 23537.783203 23069.517578
v 24074.605469 23582.488281 23038.449219
v 25890.320312 23672.480469 22970.375000
v 24113.839844 23687.716797 23074.916016
v 25724.138672 23782.082031 23046.878906
v 27782.130859 23797.042969 23051.349609
v 26059.583984 23771.957031 22996.888672
v 27770.607422 23857.847656 23062.005859
v 27733.201172 23945.960938 23077.191406
v 24845.919922 23964.947266 23059.103516
v 27723.087891 24013.009766 23107.248047
v 27570.324219 24067.867188 23062.476562
v 26614.962891 24131.576172 23057.462891
v 27236.724609 24142.740234 23021.837891
v 26262.634766 20819.142578 23148.011719
v 26383.226562 20850.900391 23134.673828
v 26466.621094 20893.136719 23142.787109
v 25194.560547 22018.375000 23092.238281
v 25637.468750 22033.984375 23096.046875
v 25565.144531 21978.183594 23137.902344
v 25086.773438 22045.253906 23111.570312
v 26389.693359 22018.048828 23096.845703
v 26613.724609 21994.955078 23067.003906
v 26681.828125 22063.085938 23016.542969
v 26777.960938 22023.222656 23055.640625
v 25750.431641 22044.152344 23130.199219
v 26208.203125 22080.908203 23101.246094
v 24938.181641 22176.164062 23087.816406
v 26147.267578 22138.019531 23036.546875
v 25948.148438 22122.966797 23076.160156
v 26055.289062 22125.023438 23073.863281
v 26917.734375 22091.712891 23053.130859
v 24376.595703 22793.707031 23039.919922
v 24204.560547 22837.923828 23124.841797
v 24178.236328 22958.371094 23065.746094
v 24109.476562 23041.630859 23064.253906
v 23916.273438 23566.884766 23093.292969
v 24056.814453 23634.107422 23065.361328
v 25953.865234 23643.562500 22936.003906
v 25934.666016 23787.265625 23077.488281
v 25810.775391 23758.384766 23048.816406
v 24325.695312 23775.861328 23062.457031
v 24636.443359 23935.912109 23097.716797
v 24749.914062 23975.861328 23098.091797
v 25290.240234 23984.441406 23122.175781
v 25421.005859 23912.861328 23044.503906
v 27867.867188 24008.824219 23209.695312
v 24860.421875 24006.294922 23105.988281
v 25010.876953 24027.646484 23126.728516
v 25141.658203 23992.664062 23093.593750
v 27423.154297 24189.406250 23103.861328
v 27544.076172 24125.904297 23095.435547
v 26331.128906 20722.308594 23190.375000
v 26399.015625 20756.378906 23172.283203
v 25310.187500 21921.728516 23164.533203
v 26746.796875 21907.847656 23116.644531
v 26629.175781 21939.767578 23107.367188
v 26847.648438 21954.298828 23097.472656
v 25050.177734 22011.906250 23151.808594
v 26712.519531 21984.458984 23073.378906
v 24958.671875 22098.269531 23135.126953
v 27078.572266 21946.535156 23137.623047
v 26976.728516 22002.121094 23100.974609
v 25890.888672 22065.619141 23161.250000
v 26104.400391 22094.410156 23118.796875
v 27083.763672 22127.855469 23092.943359
v 26990.099609 22147.511719 23055.716797
v 24831.171875 22286.015625 23068.287109
v 27105.580078 22378.501953 23014.927734
v 27241.371094 22466.728516 23057.136719
v 27383.417969 22657.464844 23060.832031
v 27497.203125 22773.035156 23082.810547
v 24066.656250 22934.785156 23144.970703
v 23973.994141 23124.970703 23109.789062
v 23908.248047 23236.343750 23117.050781
v 23894.957031 23290.708984 23113.222656
v 27889.001953 23285.037109 23133.609375
v 27884.398438 23739.574219 23111.878906
v 25918.462891 23766.337891 23055.765625
v 23883.308594 23652.964844 23145.984375
v 25861.695312 23773.679688 23070.726562
v 24015.708984 23695.091797 23115.683594
v 24188.992188 23746.054688 23089.664062
v 26018.113281 23835.185547 23085.791016
v 24500.519531 23849.779297 23055.419922
v 25662.794922 23872.119141 23136.902344
v 26109.306641 23852.054688 23043.017578
v 27840.939453 23930.980469 23146.416016
v 25342.675781 24001.906250 23182.283203
v 27773.029297 24085.246094 23199.386719
v 24680.382812 23996.160156 23154.818359
v 25151.343750 24046.480469 23183.117188
v 24932.943359 24025.189453 23122.699219
v 27658.349609 24101.414062 23135.158203
v 26203.566406 20760.203125 23182.197266
v 26512.343750 20766.154297 23183.398438
v 26147.277344 20847.468750 23151.958984
v 26123.189453 20909.347656 23143.632812
v 26158.435547 20997.437500 23137.046875
v 26391.105469 21027.109375 23159.583984
v 26183.703125 21069.271484 23166.191406
v 26952.869141 21826.158203 23150.828125
v 27076.718750 21663.853516 23192.265625
v 26801.244141 21808.257812 23156.736328
v 26873.796875 21789.550781 23159.384766
v 27156.000000 21676.574219 23197.324219
v 26860.320312 21889.806641 23123.652344
v 27057.570312 21775.931641 23171.792969
v 27125.683594 21775.580078 23180.167969
v 26655.177734 21874.382812 23143.191406
v 27005.560547 21886.566406 23139.982422
v 27202.867188 21808.341797 23189.609375
v 25457.783203 21952.919922 23138.494141
v 27157.861328 21883.703125 23167.291016
v 27212.384766 21935.007812 23171.482422
v 25128.335938 21957.535156 23164.507812
v 25575.195312 21906.349609 23253.843750
v 24979.021484 22002.601562 23182.558594
v 26519.466797 21954.261719 23118.234375
v 27140.685547 22075.789062 23122.978516
v 25874.408203 22090.501953 23108.769531
v 24854.445312 22086.343750 23195.904297
v 25976.447266 22091.181641 23133.224609
v 26035.558594 22076.091797 23169.191406
v 24845.613281 22139.246094 23171.705078
v 24851.332031 22197.097656 23128.984375
v 24772.300781 22285.531250 23118.000000
v 24753.351562 22207.974609 23189.832031
v 27071.347656 22223.712891 23058.837891
v 27162.251953 22333.248047 23061.517578
v 24669.285156 22390.554688 23117.794922
v 24477.029297 22518.316406 23191.984375
v 24374.677734 22690.441406 23124.001953
v 24303.253906 22771.640625 23110.316406
v 24143.953125 22801.162109 23194.285156
v 24042.667969 22899.730469 23183.824219
v 27829.275391 22943.650391 23236.771484
v 24003.291016 23003.091797 23143.945312
v 23909.466797 23134.076172 23150.521484
v 23808.425781 23310.669922 23173.357422
v 23784.046875 23398.773438 23179.402344
v 23825.441406 23495.925781 23143.259766
v 27954.345703 23605.664062 23152.101562
v 23842.609375 23588.582031 23143.960938
v 23855.667969 23701.207031 23201.982422
v 23921.757812 23703.521484 23164.916016
v 24314.511719 23819.324219 23107.855469
v 27944.560547 23712.345703 23154.636719
v 24256.789062 23845.523438 23164.287109
v 27901.818359 23832.144531 23149.820312
v 24385.500000 23881.437500 23152.003906
v 26058.863281 23911.210938 23144.902344
v 27910.941406 23915.425781 23197.371094
v 24521.287109 23923.492188 23134.527344
v 25282.093750 24045.287109 23243.281250
v 24936.009766 24065.669922 23180.369141
v 26606.957031 24233.062500 23184.681641
v 27505.630859 24194.291016 23141.220703
v 27011.945312 24232.357422 23115.080078
v 27236.884766 24219.253906 23099.494141
v 27358.673828 24243.058594 23139.251953
v 25918.341797 20759.777344 23242.537109
v 26059.912109 20761.613281 23214.085938
v 26607.054688 20914.933594 23179.636719
v 25998.425781 20904.097656 23184.222656
v 26025.707031 20846.845703 23189.162109
v 25836.886719 20948.660156 23221.492188
v 25926.859375 21007.339844 23199.488281
v 26001.675781 20947.750000 23182.070312
v 25977.324219 21055.630859 23196.029297
v 26045.921875 21020.685547 23177.748047
v 26098.931641 21082.673828 23187.796875
v 26279.931641 21048.722656 23152.628906
v 27443.939453 21320.628906 23236.167969
v 27414.828125 21456.585938 23239.720703
v 26777.066406 21698.601562 23198.933594
v 26695.984375 21733.355469 23201.521484
v 27251.691406 21639.779297 23215.398438
v 27279.478516 21748.677734 23214.363281
v 26711.226562 21793.238281 23173.628906
v 25403.175781 21915.359375 23179.003906
v 27360.593750 21781.345703 23237.552734
v 25231.285156 21930.052734 23163.505859
v 26581.923828 21880.095703 23155.500000
v 27305.546875 21896.835938 23205.751953
v 27392.751953 21903.777344 23235.785156
v 26406.457031 21962.769531 23153.675781
v 25917.798828 22049.998047 23208.828125
v 27269.507812 22033.771484 23173.078125
v 27258.099609 22162.337891 23146.599609
v 27187.273438 22186.921875 23114.576172
v 27195.386719 22280.914062 23093.707031
v 27467.289062 22672.437500 23108.021484
v 27658.250000 22856.554688 23157.515625
v 23922.261719 22971.167969 23224.152344
v 27913.248047 23017.468750 23267.244141
v 23874.500000 23078.951172 23201.990234
v 23755.068359 23188.734375 23249.652344
v 27912.585938 23378.607422 23134.070312
v 23765.929688 23513.882812 23192.892578
v 23793.179688 23577.398438 23176.669922
v 27997.429688 23594.023438 23204.427734
v 23776.019531 23652.882812 23224.357422
v 24069.902344 23757.539062 23143.865234
v 25737.345703 23851.011719 23140.615234
v 24161.187500 23800.951172 23153.220703
v 26003.621094 23932.375000 23207.210938
v 24604.865234 24010.863281 23213.634766
v 26235.220703 24048.019531 23176.884766
v 25446.613281 23982.531250 23209.433594
v 24691.078125 24029.630859 23201.162109
v 24812.837891 24023.658203 23142.021484
v 25034.095703 24058.324219 23172.914062
v 24755.576172 24055.912109 23215.015625
v 26532.191406 24213.234375 23192.283203
v 27492.093750 24245.279297 23192.494141
v 26851.652344 24239.789062 23134.699219
v 27146.621094 24252.792969 23134.289062
v 26265.009766 20700.046875 23208.685547
v 26564.300781 20804.070312 23181.761719
v 26682.542969 20832.966797 23199.357422
v 26604.738281 20853.421875 23181.865234
v 25784.833984 20820.441406 23247.490234
v 25844.539062 20884.097656 23224.876953
v 25865.064453 20787.826172 23241.552734
v 26579.724609 20975.728516 23180.164062
v 25780.945312 21032.738281 23238.867188
v 27330.818359 21102.869141 23227.140625
v 27079.517578 21126.242188 23212.724609
v 27176.623047 21061.000000 23218.912109
v 25760.136719 21111.785156 23260.980469
v 26486.142578 21070.287109 23192.107422
v 25873.789062 21075.220703 23224.003906
v 27184.132812 21245.587891 23212.298828
v 27308.728516 21251.384766 23216.378906
v 26400.503906 21111.841797 23201.148438
v 25844.953125 21177.398438 23258.660156
v 25873.923828 21164.162109 23249.953125
v 26241.671875 21142.541016 23206.214844
v 27433.238281 21104.978516 23241.947266
v 26072.900391 21148.085938 23220.126953
v 27107.951172 21294.119141 23212.085938
v 25919.115234 21204.611328 23263.853516
v 27419.242188 21238.699219 23232.603516
v 27509.373047 21267.179688 23251.498047
v 27211.490234 21368.341797 23212.068359
v 27359.751953 21347.367188 23210.009766
v 27510.375000 21367.822266 23258.580078
v 27274.164062 21442.890625 23216.875000
v 26972.099609 21540.861328 23210.164062
v 27176.011719 21469.804688 23211.322266
v 27091.277344 21556.949219 23204.537109
v 27247.404297 21546.912109 23216.767578
v 27336.089844 21472.439453 23225.582031
v 26891.816406 21628.830078 23203.875000
v 26972.408203 21649.708984 23193.320312
v 27179.542969 21577.222656 23208.125000
v 27300.455078 21577.662109 23225.972656
v 27373.851562 21529.130859 23240.054688
v 26618.726562 21712.685547 23229.556641
v 27332.925781 21677.654297 23234.324219
v 25134.230469 21902.634766 23202.132812
v 26477.789062 21918.341797 23161.058594
v 25057.082031 21948.601562 23188.111328
v 25695.847656 21948.181641 23266.382812
v 27468.898438 21966.421875 23259.189453
v 27410.431641 22191.210938 23202.769531
v 27410.162109 22345.964844 23176.589844
v 27265.583984 22248.917969 23132.328125
v 27324.234375 22391.060547 23124.552734
v 27335.437500 22494.898438 23099.705078
v 27471.640625 22597.765625 23139.996094
v 27897.261719 23144.666016 23191.326172
v 23750.488281 23242.314453 23233.849609
v 27953.158203 23221.566406 23211.212891
v 27980.712891 23754.388672 23200.498047
v 25850.527344 23872.453125 23189.009766
v 23831.001953 23764.900391 23290.498047
v 23912.687500 23760.326172 23223.802734
v 23971.660156 23806.146484 23245.085938
v 24077.363281 23811.656250 23202.925781
v 27977.894531 23832.884766 23230.017578
v 24104.050781 23852.234375 23256.642578
v 24256.158203 23892.884766 23235.849609
v 27939.007812 23918.132812 23232.142578
v 24386.837891 23920.443359 23211.933594
v 25488.751953 23933.134766 23126.964844
v 25652.533203 23917.230469 23212.957031
v 24846.986328 24073.046875 23217.103516
v 26371.441406 24147.539062 23204.414062
v 26439.697266 24152.066406 23165.308594
v 27429.402344 24307.570312 23245.890625
v 27573.660156 24248.464844 23249.716797
v 27315.894531 24307.111328 23209.537109
v 26958.474609 24308.007812 23205.941406
v 26533.738281 20687.179688 23218.605469
v 26639.183594 20700.111328 23226.523438
v 26681.400391 20761.658203 23214.101562
v 25852.900391 20718.054688 23268.515625
v 25958.572266 20687.232422 23270.677734
v 25989.478516 20612.085938 23314.416016
v 26790.218750 20837.640625 23214.634766
v 26812.716797 20763.986328 23230.107422
v 26743.574219 20897.027344 23202.332031
v 26683.421875 20927.902344 23192.759766
v 26869.115234 20932.662109 23213.353516
v 27007.248047 20812.556641 23239.158203
v 27192.529297 20870.000000 23248.435547
v 26782.804688 20990.783203 23205.646484
v 26918.755859 20883.179688 23221.632812
v 27127.853516 20924.896484 23232.558594
v 27357.367188 20894.433594 23267.125000
v 27353.574219 21044.318359 23234.839844
v 26675.324219 20987.791016 23195.480469
v 27008.636719 20983.818359 23217.902344
v 26735.591797 21056.429688 23208.814453
v 26615.695312 21075.871094 23207.142578
v 26653.191406 21051.695312 23203.947266
v 26952.628906 21168.121094 23215.939453
v 26847.289062 21101.554688 23215.060547
v 26927.384766 21044.875000 23212.966797
v 26563.953125 21161.248047 23233.615234
v 26752.927734 21136.265625 23222.539062
v 25760.130859 21186.783203 23288.507812
v 26322.419922 21166.490234 23225.695312
v 26066.226562 21214.093750 23257.064453
v 26028.308594 21257.519531 23287.937500
v 27654.382812 21321.396484 23295.386719
v 26968.285156 21299.957031 23220.472656
v 27553.103516 21411.406250 23278.964844
v 27065.667969 21439.197266 23211.878906
v 27509.857422 21511.095703 23284.878906
v 26872.171875 21495.617188 23228.648438
v 26692.255859 21635.664062 23236.962891
v 26811.478516 21586.027344 23224.285156
v 26654.201172 21556.750000 23269.822266
v 26521.523438 21721.701172 23260.609375
v 26542.291016 21824.654297 23200.439453
v 27393.099609 21640.466797 23254.638672
v 27429.390625 21799.576172 23264.757812
v 26431.488281 21863.968750 23220.726562
v 25048.228516 21867.121094 23230.160156
v 25111.306641 21816.722656 23254.859375
v 24980.781250 21931.746094 23211.894531
v 25763.822266 22010.847656 23194.527344
v 25840.132812 22013.673828 23248.484375
v 26252.707031 21988.843750 23220.369141
v 26167.470703 22009.238281 23257.353516
v 26096.000000 22030.000000 23268.699219
v 24765.806641 22114.941406 23230.535156
v 27572.578125 22387.648438 23245.562500
v 24613.687500 22342.875000 23207.152344
v 27486.962891 22514.083984 23175.935547
v 27574.160156 22490.468750 23227.457031
v 24131.083984 22726.582031 23283.302734
v 24292.455078 22674.146484 23202.333984
v 27621.078125 22628.064453 23220.271484
v 24027.091797 22847.431641 23242.613281
v 23908.916016 22963.636719 23246.195312
v 23865.632812 23029.109375 23239.824219
v 27772.949219 23070.984375 23130.923828
v 23688.449219 23347.992188 23281.250000
v 27968.750000 23358.923828 23191.148438
v 23715.447266 23408.853516 23242.044922
v 23727.265625 23537.400391 23237.837891
v 28029.582031 23590.457031 23254.074219
v 23730.681641 23597.867188 23250.980469
v 28009.054688 23715.660156 23235.697266
v 25797.449219 23842.566406 23147.099609
v 23959.513672 23819.919922 23286.371094
v 25716.605469 23905.183594 23220.156250
v 24537.013672 24007.132812 23274.353516
v 25629.265625 23957.162109 23295.601562
v 26144.316406 24075.560547 23308.921875
v 27938.539062 23958.714844 23279.365234
v 26130.560547 24023.845703 23233.642578
v 24881.244141 24118.287109 23299.970703
v 24942.814453 24123.982422 23290.216797
v 27819.742188 24097.093750 23261.359375
v 27647.152344 24163.050781 23189.699219
v 26714.564453 24232.255859 23147.980469
v 27095.158203 24324.261719 23220.851562
v 26497.654297 20632.537109 23242.509766
v 26637.056641 20638.970703 23249.052734
v 26768.578125 20684.457031 23245.515625
v 26918.654297 20710.552734 23253.369141
v 25745.132812 20755.585938 23266.818359
v 27091.361328 20680.451172 23280.480469
v 27265.585938 20680.718750 23307.925781
v 25592.587891 20802.445312 23281.378906
v 27404.689453 20766.218750 23312.621094
v 25718.683594 20890.189453 23250.607422
v 25547.035156 20932.378906 23279.630859
v 27476.777344 20948.804688 23279.310547
v 25679.835938 20979.140625 23258.101562
v 27563.082031 21117.660156 23272.386719
v 26844.546875 21196.857422 23226.246094
v 26690.814453 21199.218750 23241.865234
v 26449.187500 21187.753906 23244.031250
v 25760.171875 21242.330078 23316.910156
v 27557.111328 21215.656250 23261.835938
v 24801.833984 21435.677734 23306.673828
v 24988.541016 21346.794922 23304.277344
v 26173.740234 21239.001953 23271.529297
v 26339.283203 21278.224609 23299.705078
v 26404.826172 21236.500000 23271.326172
v 26880.982422 21294.658203 23232.875000
v 27702.070312 21230.289062 23309.873047
v 24873.101562 21459.083984 23299.822266
v 25826.324219 21285.250000 23329.496094
v 25017.845703 21480.195312 23311.421875
v 26756.589844 21501.687500 23252.128906
v 26909.886719 21397.500000 23230.324219
v 24796.769531 21505.650391 23306.361328
v 24730.125000 21461.169922 23321.582031
v 24785.992188 21623.306641 23303.185547
v 24968.939453 21520.302734 23300.949219
v 27428.443359 21574.751953 23263.302734
v 24823.523438 21721.287109 23287.775391
v 24894.779297 21608.492188 23291.412109
v 26441.421875 21727.722656 23296.716797
v 24735.949219 21712.789062 23310.732422
v 24983.789062 21630.064453 23292.755859
v 27406.759766 21713.599609 23260.660156
v 24786.210938 21858.152344 23279.138672
v 25042.359375 21695.187500 23290.953125
v 25501.445312 21889.613281 23240.984375
v 26298.519531 21882.388672 23288.369141
v 24988.140625 21711.439453 23278.484375
v 25063.074219 21765.580078 23271.357422
v 24739.785156 21914.513672 23291.638672
v 24825.994141 21825.492188 23273.021484
v 24910.730469 21780.650391 23265.458984
v 25002.740234 21809.214844 23253.367188
v 24959.148438 21890.417969 23231.654297
v 26297.517578 21920.675781 23256.935547
v 27508.283203 21838.597656 23298.673828
v 24794.001953 21998.117188 23252.417969
v 24872.642578 22001.005859 23222.656250
v 24893.259766 21920.650391 23236.863281
v 26376.107422 21927.816406 23202.363281
v 25911.240234 22010.322266 23318.488281
v 24735.460938 22028.230469 23273.595703
v 24672.800781 22149.998047 23270.644531
v 24653.595703 22243.585938 23238.371094
v 27653.236328 22206.205078 23311.261719
v 24408.937500 22479.281250 23282.144531
v 24380.349609 22547.904297 23247.443359
v 24222.773438 22653.439453 23283.285156
v 24013.453125 22819.644531 23293.308594
v 23942.003906 22866.732422 23322.087891
v 23849.537109 22975.019531 23332.753906
v 23861.359375 22991.632812 23283.181641
v 23779.605469 23118.865234 23259.625000
v 27971.515625 23095.900391 23284.019531
v 23688.144531 23243.287109 23299.568359
v 28002.757812 23226.015625 23268.605469
v 23656.759766 23434.884766 23315.263672
v 23671.158203 23553.054688 23315.365234
v 28064.890625 23669.298828 23354.687500
v 23694.257812 23617.525391 23312.115234
v 28043.408203 23663.431641 23289.277344
v 23743.669922 23691.183594 23301.189453
v 23795.359375 23751.294922 23327.568359
v 28007.458984 23795.556641 23261.203125
v 23939.992188 23826.730469 23335.843750
v 24089.843750 23871.964844 23317.431641
v 25452.437500 24010.855469 23299.417969
v 25082.304688 24094.466797 23250.617188
v 26235.933594 24130.265625 23300.652344
v 26239.152344 24088.560547 23225.910156
v 27724.205078 24145.935547 23220.777344
v 27682.542969 24194.880859 23262.212891
v 27511.369141 24288.853516 23267.402344
v 27193.837891 24371.609375 23300.302734
v 27170.210938 24348.615234 23256.343750
v 27330.693359 24366.939453 23330.218750
v 27485.988281 24321.242188 23329.380859
v 26848.414062 24328.734375 23246.197266
v 26498.451172 20536.003906 23288.466797
v 26615.679688 20554.146484 23280.505859
v 26752.187500 20586.115234 23275.091797
v 26536.699219 20590.689453 23264.363281
v 26947.595703 20578.166016 23292.103516
v 26334.775391 20586.181641 23275.154297
v 26427.601562 20596.513672 23261.769531
v 25768.091797 20647.904297 23307.531250
v 25863.138672 20621.720703 23315.503906
v 25690.492188 20673.685547 23302.406250
v 26113.619141 20681.326172 23247.935547
v 25464.005859 20811.251953 23296.228516
v 25639.666016 20725.474609 23291.964844
v 27540.562500 20847.464844 23322.210938
v 25388.246094 20901.046875 23295.312500
v 25506.730469 20870.554688 23285.130859
v 25261.814453 20970.847656 23306.498047
v 25439.357422 21049.916016 23307.648438
v 25438.441406 20989.240234 23296.667969
v 25321.250000 21037.048828 23309.847656
v 25410.761719 21122.917969 23330.839844
v 25544.037109 21002.917969 23286.064453
v 27575.474609 21005.343750 23292.923828
v 25051.267578 21100.195312 23310.269531
v 25236.794922 21087.431641 23314.212891
v 25582.525391 21060.035156 23290.541016
v 24951.828125 21146.085938 23313.082031
v 25085.060547 21191.771484 23310.511719
v 25324.324219 21117.837891 23326.458984
v 25146.859375 21101.251953 23310.378906
v 25592.148438 21125.361328 23308.554688
v 25163.955078 21226.289062 23327.539062
v 27651.228516 21142.091797 23293.658203
v 24931.855469 21305.222656 23301.917969
v 26551.394531 21259.681641 23275.861328
v 24796.984375 21294.332031 23320.941406
v 24863.181641 21196.718750 23319.707031
v 25073.017578 21313.703125 23317.855469
v 24739.019531 21301.871094 23333.095703
v 26217.773438 21290.517578 23312.496094
v 25164.699219 21307.486328 23343.843750
v 27769.083984 21318.400391 23345.808594
v 24693.203125 21389.037109 23337.451172
v 25079.226562 21419.996094 23328.513672
v 26744.292969 21350.005859 23263.281250
v 26773.451172 21431.208984 23255.435547
v 24678.503906 21558.085938 23333.980469
v 25100.828125 21556.291016 23335.587891
v 27623.195312 21597.628906 23361.121094
v 26585.345703 21627.466797 23272.529297
v 26490.343750 21631.916016 23309.894531
v 24651.375000 21715.253906 23345.953125
v 26357.744141 21698.015625 23358.552734
v 25028.894531 21602.964844 23304.943359
v 26371.236328 21748.654297 23326.259766
v 24704.255859 21819.011719 23317.953125
v 26430.447266 21806.843750 23258.187500
v 25296.253906 21814.011719 23277.419922
v 25422.355469 21833.658203 23284.554688
v 25177.431641 21841.208984 23243.484375
v 25613.615234 21877.910156 23329.859375
v 24662.035156 21861.816406 23341.535156
v 24654.234375 22025.300781 23325.533203
v 24671.701172 22071.683594 23299.441406
v 24605.005859 22205.142578 23295.503906
v 24553.798828 22287.501953 23291.105469
v 24505.177734 22383.650391 23268.875000
v 24427.082031 22386.750000 23342.427734
v 24279.904297 22567.482422 23325.197266
v 23786.935547 23076.796875 23289.800781
v 23746.662109 23117.748047 23311.177734
v 28107.287109 23255.804688 23404.767578
v 23655.044922 23330.121094 23330.775391
v 28014.158203 23418.082031 23243.164062
v 28060.722656 23437.644531 23317.611328
v 28060.587891 23551.902344 23319.408203
v 28087.300781 23527.574219 23384.939453
v 23858.136719 23787.568359 23310.626953
v 27989.001953 23877.974609 23298.708984
v 24300.957031 23931.955078 23301.185547
v 25916.425781 23922.398438 23240.716797
v 24122.847656 23894.976562 23368.205078
v 24381.794922 23947.832031 23275.787109
v 25998.240234 23971.455078 23269.724609
v 26360.847656 24192.767578 23281.816406
v 26608.730469 24312.429688 23301.398438
v 26581.382812 20347.232422 23341.619141
v 26756.892578 20291.685547 23350.177734
v 26542.294922 20306.462891 23355.740234
v 26845.046875 20274.935547 23358.066406
v 26430.488281 20388.601562 23352.044922
v 26524.146484 20410.300781 23332.166016
v 26647.191406 20403.562500 23325.761719
v 26793.074219 20454.007812 23314.705078
v 26442.056641 20467.466797 23321.736328
v 26284.441406 20518.304688 23321.890625
v 26571.011719 20477.824219 23307.810547
v 26703.986328 20501.201172 23299.625000
v 26917.226562 20440.285156 23323.630859
v 27031.742188 20529.185547 23312.564453
v 26847.892578 20538.402344 23295.234375
v 25377.451172 20596.330078 23351.595703
v 26404.218750 20533.607422 23295.941406
v 25630.390625 20568.138672 23344.871094
v 25785.261719 20566.605469 23344.523438
v 25907.123047 20541.042969 23363.576172
v 25514.841797 20657.609375 23324.714844
v 26242.970703 20608.611328 23273.474609
v 27135.839844 20558.558594 23318.078125
v 27222.734375 20472.375000 23354.802734
v 27200.292969 20731.712891 23282.744141
v 25479.414062 20729.957031 23310.125000
v 27615.630859 20809.205078 23358.669922
v 27667.478516 20938.404297 23338.986328
v 25066.574219 20770.468750 23351.035156
v 25280.457031 20807.628906 23318.812500
v 25169.066406 20939.437500 23314.558594
v 25021.777344 20948.554688 23328.507812
v 27713.650391 21056.527344 23329.765625
v 24894.142578 20980.019531 23340.755859
v 24744.769531 21050.605469 23362.972656
v 24807.296875 21044.734375 23348.550781
v 25234.501953 21184.386719 23332.822266
v 25474.697266 21154.966797 23339.931641
v 27783.931641 21128.445312 23353.070312
v 25588.976562 21202.220703 23344.517578
v 27868.867188 21154.687500 23400.996094
v 26726.138672 21266.304688 23254.378906
v 27736.933594 21154.333984 23325.648438
v 24618.707031 21411.328125 23361.582031
v 26282.949219 21336.462891 23349.771484
v 26058.876953 21305.660156 23323.123047
v 26020.255859 21337.496094 23354.732422
v 26187.214844 21345.427734 23366.859375
v 27844.560547 21372.974609 23394.283203
v 25700.416016 21352.429688 23435.406250
v 24613.000000 21549.138672 23358.550781
v 26641.779297 21485.429688 23287.328125
v 24582.419922 21685.498047 23383.826172
v 24523.066406 21676.667969 23430.955078
v 25346.966797 21787.111328 23312.232422
v 25314.419922 21729.521484 23350.281250
v 24624.867188 21821.699219 23369.017578
v 26299.000000 21828.888672 23327.894531
v 25727.398438 21920.935547 23361.248047
v 27529.699219 22016.724609 23279.318359
v 24641.562500 21916.714844 23355.253906
v 25836.339844 21990.179688 23309.494141
v 26194.812500 21938.978516 23318.724609
v 24588.574219 22126.033203 23348.613281
v 25969.474609 22034.369141 23278.640625
v 24489.066406 22280.843750 23360.105469
v 27804.433594 22584.082031 23329.740234
v 23888.734375 22906.546875 23378.109375
v 27885.771484 22903.863281 23293.107422
v 23805.173828 23021.425781 23374.546875
v 23788.623047 23043.583984 23424.792969
v 23717.201172 23159.753906 23381.236328
v 28031.023438 23259.695312 23295.607422
v 23635.402344 23405.000000 23367.525391
v 28100.056641 23427.636719 23395.240234
v 23942.076172 23833.685547 23382.181641
v 25778.886719 23899.984375 23225.263672
v 25840.675781 23913.181641 23249.398438
v 25751.052734 23941.892578 23309.060547
v 24400.662109 23971.351562 23337.332031
v 25676.375000 23942.929688 23286.712891
v 25972.701172 23999.511719 23350.683594
v 26054.535156 24036.072266 23339.658203
v 27959.146484 23956.037109 23347.601562
v 24667.478516 24056.371094 23288.597656
v 25158.064453 24100.089844 23313.947266
v 25013.921875 24141.968750 23373.507812
v 27866.968750 24057.908203 23275.156250
v 24810.244141 24108.296875 23321.144531
v 27724.763672 24191.158203 23312.015625
v 26432.601562 24258.650391 23331.607422
v 26492.916016 24252.878906 23273.646484
v 26714.197266 24316.853516 23264.505859
v 27443.496094 24351.212891 23412.707031
v 27128.330078 24403.878906 23382.763672
v 26652.908203 20074.757812 23439.556641
v 26897.843750 20143.976562 23417.708984
v 26597.662109 20167.673828 23398.632812
v 26906.189453 20206.128906 23388.839844
v 26645.650391 20240.570312 23365.595703
v 26725.347656 20178.636719 23387.359375
v 26461.515625 20222.035156 23402.316406
v 27000.863281 20325.693359 23360.000000
v 27151.703125 20300.562500 23385.853516
v 26337.082031 20420.134766 23359.039062
v 26341.384766 20317.445312 23399.968750
v 27233.404297 20320.267578 23396.867188
v 25488.248047 20401.033203 23394.052734
v 27082.744141 20462.183594 23332.773438
v 25681.292969 20469.787109 23383.660156
v 25732.828125 20519.994141 23365.330078
v 26241.564453 20412.412109 23389.609375
v 25819.539062 20464.046875 23402.652344
v 26142.660156 20510.406250 23361.119141
v 27338.013672 20619.521484 23340.289062
v 26050.101562 20541.953125 23358.740234
v 27429.156250 20633.964844 23359.462891
v 27520.300781 20711.531250 23361.566406
v 25234.199219 20688.910156 23345.945312
v 27729.326172 20832.818359 23395.117188
v 24812.234375 20858.882812 23374.507812
v 27769.960938 20964.593750 23372.613281
v 27817.107422 21025.853516 23383.498047
v 25353.095703 21182.373047 23350.679688
v 24667.865234 21153.904297 23370.724609
v 25239.568359 21256.359375 23353.232422
v 27950.314453 21228.117188 23453.634766
v 27891.439453 21295.603516 23412.416016
v 26504.574219 21360.671875 23323.455078
v 25665.224609 21287.187500 23382.789062
v 26595.769531 21410.824219 23306.386719
v 26531.164062 21501.009766 23325.994141
v 27640.394531 21442.779297 23318.626953
v 26396.437500 21624.257812 23362.896484
v 25169.386719 21625.238281 23351.335938
v 25108.531250 21713.742188 23300.533203
v 25214.171875 21733.931641 23319.544922
v 26295.078125 21761.935547 23373.812500
v 24582.175781 21834.568359 23420.527344
v 25413.460938 21709.574219 23403.765625
v 25402.806641 21751.402344 23365.519531
v 25445.716797 21794.927734 23339.644531
v 24601.814453 21914.437500 23398.255859
v 27773.404297 22156.369141 23382.095703
v 26026.181641 22024.750000 23314.107422
v 24530.433594 22147.273438 23404.431641
v 24544.337891 22216.982422 23343.748047
v 27844.478516 22329.146484 23388.496094
v 24364.507812 22466.957031 23337.042969
v 24232.421875 22550.964844 23408.917969
v 27815.748047 22694.458984 23315.792969
v 24153.021484 22657.357422 23370.300781
v 24002.759766 22783.259766 23441.039062
v 27665.794922 22771.816406 23199.785156
v 23651.316406 23561.427734 23378.804688
v 28034.093750 23794.839844 23341.869141
v 23820.990234 23781.503906 23396.052734
v 25837.974609 23948.658203 23321.039062
v 24557.539062 24028.925781 23338.146484
v 26150.638672 24103.031250 23364.968750
v 27900.830078 24034.400391 23328.806641
v 26351.355469 24231.210938 23369.320312
v 27821.144531 24121.365234 23327.275391
v 27734.826172 24195.707031 23348.628906
v 26584.556641 24333.812500 23353.312500
v 27060.445312 24398.824219 23349.394531
v 24945.158203 20052.396484 23468.556641
v 24863.048828 20032.742188 23491.386719
v 25007.195312 20108.978516 23443.765625
v 26580.859375 20068.306641 23452.117188
v 26664.017578 20024.701172 23470.693359
v 26902.906250 20031.435547 23491.691406
v 25172.345703 20086.890625 23444.841797
v 26755.419922 20058.048828 23452.599609
v 26874.460938 20074.751953 23454.847656
v 24870.144531 20173.322266 23437.679688
v 26499.068359 20155.691406 23421.246094
v 26786.828125 20117.912109 23417.214844
v 27085.326172 20157.496094 23440.296875
v 24761.902344 20260.662109 23441.158203
v 26390.285156 20200.449219 23431.111328
v 27062.003906 20211.580078 23405.625000
v 24984.925781 20188.273438 23426.941406
v 25169.634766 20159.642578 23423.128906
v 25266.912109 20247.349609 23408.748047
v 27083.457031 20249.443359 23391.621094
v 26306.435547 20200.896484 23461.900391
v 27179.974609 20244.566406 23415.259766
v 25146.642578 20252.027344 23404.699219
v 24655.736328 20338.845703 23453.595703
v 25030.041016 20301.980469 23404.578125
v 25616.548828 20425.671875 23394.888672
v 24770.816406 20391.628906 23421.794922
v 24888.117188 20369.386719 23408.250000
v 25484.652344 20510.302734 23366.837891
v 25728.470703 20395.875000 23422.650391
v 27371.234375 20326.861328 23435.609375
v 25809.761719 20376.380859 23450.250000
v 24672.615234 20506.787109 23430.556641
v 25911.103516 20434.597656 23434.039062
v 24757.478516 20504.148438 23412.626953
v 27338.941406 20479.716797 23379.890625
v 27390.039062 20414.572266 23412.878906
v 27618.541016 20707.958984 23397.326172
v 24950.214844 20759.410156 23368.017578
v 24904.220703 20676.492188 23384.296875
v 27791.783203 20881.330078 23408.849609
v 27884.921875 20917.757812 23447.845703
v 27941.445312 21036.320312 23457.339844
v 24583.333984 21077.068359 23405.931641
v 24510.091797 21219.250000 23418.171875
v 27973.460938 21111.015625 23472.945312
v 24593.033203 21261.957031 23382.175781
v 25382.626953 21302.208984 23405.597656
v 26425.308594 21319.980469 23319.136719
v 26377.982422 21408.740234 23378.177734
v 25918.525391 21386.330078 23421.156250
v 26149.279297 21376.322266 23410.378906
v 26449.558594 21438.736328 23359.955078
v 27773.011719 21406.865234 23365.771484
v 26434.216797 21531.123047 23366.082031
v 24535.568359 21631.410156 23404.144531
v 24575.779297 21757.326172 23406.410156
v 25324.730469 21666.328125 23393.689453
v 27572.726562 21733.402344 23348.964844
v 24546.685547 21787.578125 23465.861328
v 25512.283203 21823.419922 23340.074219
v 26231.236328 21762.820312 23431.177734
v 27617.521484 21867.044922 23353.255859
v 24564.025391 21903.339844 23471.376953
v 25860.248047 21967.699219 23424.232422
v 26201.988281 21858.070312 23390.080078
v 24595.511719 22000.917969 23390.292969
v 26110.988281 21927.232422 23417.160156
v 26095.355469 21962.535156 23381.488281
v 25963.656250 21992.363281 23411.818359
v 27983.257812 22316.164062 23462.769531
v 27947.873047 22666.101562 23392.175781
v 27981.447266 22488.031250 23437.058594
v 24140.593750 22643.271484 23422.765625
v 24033.363281 22768.218750 23371.695312
v 27924.097656 22777.251953 23356.996094
v 27857.820312 22809.531250 23308.726562
v 23850.603516 22959.556641 23452.234375
v 27972.144531 22901.093750 23354.242188
v 27957.750000 22992.150391 23313.781250
v 28066.394531 23136.001953 23371.210938
v 28073.082031 23688.154297 23432.298828
v 23760.925781 23741.394531 23396.439453
v 23980.017578 23849.257812 23435.000000
v 25716.927734 23965.457031 23385.941406
v 25830.734375 23972.525391 23405.441406
v 25910.597656 23974.654297 23342.814453
v 28012.312500 23870.650391 23381.058594
v 25622.638672 23979.021484 23388.623047
v 25467.515625 24019.304688 23381.996094
v 27849.650391 24102.416016 23369.617188
v 24903.498047 24145.931641 23406.742188
v 26294.464844 24205.910156 23397.310547
v 27654.625000 24260.962891 23430.035156
v 26453.738281 24296.222656 23385.080078
v 27628.361328 24258.443359 23324.486328
v 26667.031250 24371.318359 23386.130859
v 26866.984375 24409.855469 23389.675781
v 26978.212891 24383.306641 23303.826172
v 26951.603516 24415.644531 23396.818359
v 27309.791016 24386.542969 23443.267578
v 24905.326172 20005.789062 23496.214844
v 25167.384766 20000.939453 23481.748047
v 25066.505859 20036.722656 23459.734375
v 25279.070312 19989.078125 23501.332031
v 26564.826172 20003.785156 23503.515625
v 26751.238281 19987.191406 23508.445312
v 26836.724609 19981.224609 23524.716797
v 26404.796875 20005.808594 23532.275391
v 25530.968750 20185.316406 23457.246094
v 26385.226562 20069.785156 23494.984375
v 27059.750000 20061.779297 23500.886719
v 24832.078125 20112.535156 23463.966797
v 25264.763672 20127.859375 23433.283203
v 25346.488281 20080.640625 23468.044922
v 27141.757812 20092.246094 23499.128906
v 25347.654297 20211.359375 23423.503906
v 27222.117188 20096.607422 23521.435547
v 24778.021484 20145.191406 23466.486328
v 27322.318359 20165.517578 23505.835938
v 25588.689453 20232.478516 23455.076172
v 27224.320312 20187.603516 23460.013672
v 24655.875000 20241.871094 23477.070312
v 27343.310547 20245.136719 23460.521484
v 25493.054688 20250.441406 23431.470703
v 25251.210938 20351.962891 23396.183594
v 25397.773438 20319.011719 23407.060547
v 25569.619141 20365.949219 23410.183594
v 25653.769531 20329.011719 23436.402344
v 25377.263672 20419.810547 23387.556641
v 27425.201172 20299.095703 23466.929688
v 25127.892578 20492.904297 23384.898438
v 25270.214844 20460.027344 23382.783203
v 25268.912109 20544.722656 23369.919922
v 27529.416016 20437.341797 23455.974609
v 24593.037109 20589.523438 23444.257812
v 27496.140625 20550.664062 23406.783203
v 25002.236328 20576.802734 23385.636719
v 27598.199219 20559.878906 23441.283203
v 27705.109375 20617.468750 23467.281250
v 24809.644531 20604.664062 23401.560547
v 27760.191406 20748.996094 23440.730469
v 24791.312500 20744.601562 23392.832031
v 24639.134766 20859.998047 23411.640625
v 28002.246094 21017.126953 23500.607422
v 28039.658203 21174.888672 23515.111328
v 25515.605469 21237.046875 23378.792969
v 24427.449219 21164.792969 23459.197266
v 25581.328125 21267.867188 23388.919922
v 25259.109375 21402.765625 23397.714844
v 24488.750000 21379.640625 23417.125000
v 25853.238281 21367.880859 23406.486328
v 26227.171875 21399.007812 23425.791016
v 25894.664062 21399.855469 23455.478516
v 26373.087891 21504.943359 23401.861328
v 24504.806641 21532.375000 23413.005859
v 27776.072266 21595.009766 23435.457031
v 24438.544922 21583.027344 23468.265625
v 25610.646484 21813.917969 23426.105469
v 27718.023438 21760.324219 23422.705078
v 25673.529297 21873.072266 23396.148438
v 25777.851562 21908.968750 23467.207031
v 26110.886719 21886.925781 23473.089844
v 26046.685547 21972.562500 23413.207031
v 24514.078125 22078.121094 23472.269531
v 28036.554688 22736.419922 23430.988281
v 28046.509766 22867.587891 23413.513672
v 23932.042969 22860.119141 23448.285156
v 28016.871094 22973.523438 23368.144531
v 28026.236328 23058.455078 23351.828125
v 23679.058594 23230.615234 23356.361328
v 28094.656250 23183.818359 23395.591797
v 28134.072266 23320.380859 23443.599609
v 28114.019531 23493.015625 23454.626953
v 28090.935547 23585.302734 23426.191406
v 23678.671875 23612.416016 23448.416016
v 23703.152344 23665.902344 23397.818359
v 28023.220703 23849.255859 23446.345703
v 24062.166016 23875.382812 23425.189453
v 25770.710938 23966.572266 23396.673828
v 24294.238281 23942.205078 23362.347656
v 25947.066406 24011.634766 23432.378906
v 25289.417969 24070.105469 23328.000000
v 27978.984375 23939.878906 23427.144531
v 24709.546875 24088.132812 23386.218750
v 25284.027344 24081.511719 23391.660156
v 27927.787109 24016.386719 23411.617188
v 24801.714844 24123.242188 23452.031250
v 25141.000000 24120.343750 23417.152344
v 26141.609375 24110.294922 23407.369141
v 26240.582031 24182.837891 23450.326172
v 26429.042969 24317.345703 23474.853516
v 27762.423828 24183.066406 23412.095703
v 26499.937500 24341.675781 23452.748047
v 27421.199219 24356.140625 23469.285156
v 26808.158203 24376.664062 23334.255859
v 27061.425781 24417.232422 23454.435547
v 27214.181641 24399.855469 23415.339844
v 26872.683594 24420.476562 23456.005859
v 25029.957031 19928.736328 23533.658203
v 25093.271484 19998.292969 23478.175781
v 25373.566406 19943.306641 23546.544922
v 26540.652344 19956.908203 23545.494141
v 27033.388672 20005.550781 23542.587891
v 25402.439453 20039.957031 23499.023438
v 25504.759766 20058.449219 23516.781250
v 27159.312500 20019.832031 23560.783203
v 25576.888672 20074.269531 23533.744141
v 27485.843750 20244.285156 23519.820312
v 25624.625000 20187.355469 23488.574219
v 24585.521484 20300.136719 23487.242188
v 25768.611328 20272.351562 23497.144531
v 25725.166016 20311.890625 23462.121094
v 27564.193359 20282.902344 23536.726562
v 25837.730469 20271.548828 23526.189453
v 26146.494141 20415.826172 23421.007812
v 24542.681641 20470.517578 23474.322266
v 25984.628906 20445.589844 23434.783203
v 24517.664062 20812.246094 23449.835938
v 24661.597656 20658.597656 23422.691406
v 24597.599609 20982.525391 23410.105469
v 24489.001953 20994.359375 23445.880859
v 25349.089844 21370.451172 23420.935547
v 24365.794922 21182.478516 23488.269531
v 24374.281250 21369.406250 23479.708984
v 26239.052734 21444.382812 23464.373047
v 25183.535156 21443.080078 23371.605469
v 26095.830078 21402.900391 23485.417969
v 26344.332031 21388.324219 23378.082031
v 28011.199219 21391.824219 23506.089844
v 24389.552734 21474.080078 23478.337891
v 25195.824219 21515.476562 23379.265625
v 26291.556641 21462.193359 23440.929688
v 26302.296875 21513.720703 23446.808594
v 27974.798828 21487.769531 23506.570312
v 25265.324219 21648.126953 23379.513672
v 26310.316406 21580.769531 23435.294922
v 27579.480469 21643.425781 23346.773438
v 25410.119141 21653.488281 23440.003906
v 25513.136719 21694.648438 23474.082031
v 25480.724609 21743.521484 23411.906250
v 26168.880859 21812.671875 23467.050781
v 24559.246094 21987.203125 23453.292969
v 25917.396484 21986.197266 23423.433594
v 26006.181641 21985.462891 23416.601562
v 24377.230469 22350.529297 23435.648438
v 28064.755859 22346.439453 23504.521484
v 24175.558594 22565.626953 23486.376953
v 24297.355469 22451.675781 23437.812500
v 24077.126953 22686.978516 23489.203125
v 28123.699219 22833.609375 23469.765625
v 28156.023438 22907.640625 23483.449219
v 28096.468750 22987.275391 23429.173828
v 28152.980469 23148.197266 23465.119141
v 23659.957031 23310.578125 23423.208984
v 23642.294922 23463.917969 23422.910156
v 28080.939453 23651.832031 23461.773438
v 23798.832031 23753.224609 23479.388672
v 24100.585938 23882.007812 23484.279297
v 24282.214844 23942.515625 23418.593750
v 25839.667969 23985.130859 23492.251953
v 25891.304688 23996.000000 23461.160156
v 24428.234375 23989.232422 23401.886719
v 25616.921875 23986.765625 23458.341797
v 26145.478516 24124.392578 23477.078125
v 26047.769531 24058.490234 23424.128906
v 27856.003906 24099.917969 23456.351562
v 25031.355469 24140.871094 23456.462891
v 26335.337891 24253.960938 23477.429688
v 27774.576172 24167.671875 23485.660156
v 27667.144531 24251.085938 23465.291016
v 27572.046875 24300.771484 23390.863281
v 26464.671875 24335.210938 23501.425781
v 27545.365234 24315.312500 23452.267578
v 27286.923828 24391.029297 23510.939453
v 26609.488281 24383.623047 23495.953125
v 26748.380859 24403.304688 23442.638672
v 27175.351562 24409.617188 23512.537109
v 25145.378906 19900.507812 23549.394531
v 25236.291016 19882.017578 23562.312500
v 24853.246094 19967.054688 23534.402344
v 26765.414062 19921.796875 23581.087891
v 26940.179688 19958.710938 23563.095703
v 25585.703125 20022.748047 23570.416016
v 24707.802734 20048.369141 23529.394531
v 27397.763672 20109.613281 23579.769531
v 26300.355469 20088.964844 23518.541016
v 24626.316406 20154.949219 23516.421875
v 25715.156250 20151.355469 23545.921875
v 27486.814453 20152.191406 23583.652344
v 26169.578125 20328.443359 23459.851562
v 26059.761719 20431.855469 23441.380859
v 24407.029297 20600.552734 23512.279297
v 24412.068359 20755.015625 23494.619141
v 27666.308594 20535.457031 23479.199219
v 27792.761719 20643.251953 23501.748047
v 27899.001953 20782.189453 23503.181641
v 27864.621094 20681.750000 23528.062500
v 24528.867188 20630.082031 23460.279297
v 24425.986328 20938.494141 23475.783203
v 28104.898438 21105.796875 23567.634766
v 24304.101562 21205.873047 23522.359375
v 25459.777344 21304.902344 23417.705078
v 25518.605469 21370.859375 23460.802734
v 25598.283203 21352.740234 23452.193359
v 25753.810547 21401.070312 23490.650391
v 26230.031250 21579.128906 23509.255859
v 25306.894531 21502.488281 23431.150391
v 25262.587891 21570.294922 23403.837891
v 27682.314453 21686.236328 23406.263672
v 26194.572266 21710.539062 23502.728516
v 27776.796875 21701.921875 23452.947266
v 24476.398438 21719.964844 23517.416016
v 25687.964844 21847.179688 23462.365234
v 27922.904297 21898.792969 23512.542969
v 27837.832031 21985.648438 23449.632812
v 24274.949219 22380.025391 23549.308594
v 28110.341797 22602.904297 23496.269531
v 28171.886719 22803.562500 23503.210938
v 28118.632812 23070.408203 23436.939453
v 28190.185547 22980.140625 23504.964844
v 28226.216797 23210.597656 23549.628906
v 28183.632812 23244.701172 23506.513672
v 28214.955078 23073.398438 23524.970703
v 23726.955078 23181.007812 23494.781250
v 28109.773438 23551.142578 23492.525391
v 24260.523438 23934.291016 23471.544922
v 25766.265625 23975.259766 23501.568359
v 24545.214844 24034.076172 23428.287109
v 25630.722656 23983.568359 23521.083984
v 25527.697266 24007.537109 23486.677734
v 25984.230469 24037.695312 23500.152344
v 25428.933594 24039.501953 23472.738281
v 25026.681641 19870.902344 23589.060547
v 26582.273438 19902.607422 23603.216797
v 26652.785156 19945.929688 23549.421875
v 26847.347656 19894.625000 23624.605469
v 25488.060547 19952.939453 23578.498047
v 26882.958984 19937.484375 23574.279297
v 26497.359375 19943.425781 23569.380859
v 27124.126953 19997.455078 23574.246094
v 26313.074219 20032.466797 23548.601562
v 24555.861328 20132.720703 23562.234375
v 26226.746094 20082.968750 23567.207031
v 27564.880859 20182.177734 23601.175781
v 24398.160156 20260.167969 23595.925781
v 24517.923828 20236.488281 23539.056641
v 27650.583984 20261.347656 23597.359375
v 25825.978516 20215.427734 23561.060547
v 24468.570312 20337.550781 23532.443359
v 26082.341797 20326.574219 23499.941406
v 27653.044922 20333.167969 23559.539062
v 24434.439453 20479.539062 23517.458984
v 27608.976562 20422.269531 23497.562500
v 24351.851562 20717.712891 23527.736328
v 27741.236328 20526.425781 23521.617188
v 24344.052734 20833.832031 23519.833984
v 27991.603516 20907.658203 23519.498047
v 24338.273438 21046.333984 23510.470703
v 25445.070312 21383.208984 23451.316406
v 28020.804688 21283.722656 23505.125000
v 24317.339844 21380.289062 23518.136719
v 25585.300781 21467.570312 23536.521484
v 25636.623047 21409.958984 23506.509766
v 26167.285156 21433.140625 23506.734375
v 25415.683594 21447.839844 23467.312500
v 27884.591797 21537.400391 23470.808594
v 25440.908203 21580.593750 23482.621094
v 25481.308594 21623.300781 23492.353516
v 25558.417969 21649.652344 23534.003906
v 24513.710938 21805.912109 23574.357422
v 25583.435547 21759.568359 23469.255859
v 26126.619141 21798.230469 23539.214844
v 25674.025391 21800.039062 23517.648438
v 26077.800781 21867.042969 23550.130859
v 28008.359375 21934.800781 23556.164062
v 28129.333984 22427.726562 23533.041016
v 28220.591797 22622.107422 23563.960938
v 23775.453125 23086.480469 23506.427734
v 23686.738281 23302.335938 23513.105469
v 28133.781250 23409.005859 23465.298828
v 28073.564453 23656.359375 23586.529297
v 28059.855469 23715.990234 23495.802734
v 23874.207031 23802.371094 23476.953125
v 23951.873047 23818.746094 23521.080078
v 27978.101562 23903.640625 23505.998047
v 25926.941406 24011.818359 23543.906250
v 27844.125000 24105.646484 23511.177734
v 27904.857422 24041.455078 23481.480469
v 25182.708984 24113.134766 23476.316406
v 27713.082031 24203.085938 23535.595703
v 27550.214844 24297.187500 23539.658203
v 27518.417969 24316.884766 23528.511719
v 26587.410156 24378.183594 23538.539062
v 26908.955078 24415.800781 23579.808594
v 25163.152344 19839.505859 23615.044922
v 25381.273438 19898.785156 23579.474609
v 24855.656250 19939.927734 23565.962891
v 26381.605469 19928.193359 23622.839844
v 26489.146484 19893.533203 23633.994141
v 27024.246094 19939.884766 23613.933594
v 24682.115234 20016.724609 23563.269531
v 27191.562500 19983.306641 23617.191406
v 27367.617188 20061.248047 23614.162109
v 27645.871094 20195.183594 23637.886719
v 26118.763672 20244.226562 23532.914062
v 24340.833984 20415.101562 23582.701172
v 25896.699219 20345.707031 23493.513672
v 24314.326172 20509.902344 23579.265625
v 27780.818359 20422.472656 23596.562500
v 24305.744141 20578.470703 23572.521484
v 24250.687500 20735.421875 23587.294922
v 24285.980469 20917.869141 23548.542969
v 24249.251953 20990.492188 23569.394531
v 28087.984375 21012.142578 23569.302734
v 24223.982422 21175.505859 23577.593750
v 24251.185547 21305.287109 23558.125000
v 25639.164062 21457.792969 23550.839844
v 25739.615234 21421.441406 23529.408203
v 25965.076172 21406.285156 23505.839844
v 26213.812500 21484.822266 23511.035156
v 25457.666016 21525.007812 23498.087891
v 25526.380859 21480.123047 23519.406250
v 26221.208984 21520.937500 23515.447266
v 24233.101562 21470.917969 23598.251953
v 24443.023438 21642.511719 23491.914062
v 27880.890625 21623.957031 23494.408203
v 25548.324219 21559.509766 23545.951172
v 26114.697266 21733.359375 23607.191406
v 25626.632812 21735.599609 23535.757812
v 27950.343750 21810.326172 23538.861328
v 25762.880859 21851.191406 23573.359375
v 25993.568359 21905.912109 23665.919922
v 25830.865234 21853.632812 23691.449219
v 24473.859375 22000.662109 23592.585938
v 25853.628906 21913.748047 23610.335938
v 25990.017578 21959.742188 23546.248047
v 28012.275391 22076.898438 23530.490234
v 28229.492188 22450.892578 23594.357422
v 28267.175781 22777.648438 23575.886719
v 28353.365234 22711.029297 23642.777344
v 24074.261719 22637.601562 23565.001953
v 28218.031250 22833.115234 23531.755859
v 23963.832031 22813.814453 23532.103516
v 28250.908203 22899.279297 23554.761719
v 23860.900391 22951.250000 23531.949219
v 28255.533203 23145.708984 23566.380859
v 23712.843750 23237.980469 23534.175781
v 23665.197266 23360.582031 23490.113281
v 28138.054688 23490.402344 23529.193359
v 23645.001953 23410.748047 23453.589844
v 28102.125000 23593.871094 23537.375000
v 23664.474609 23503.802734 23508.531250
v 23751.029297 23699.976562 23506.007812
v 28033.246094 23754.130859 23547.986328
v 24115.650391 23869.658203 23546.591797
v 24275.615234 23931.328125 23529.466797
v 25698.326172 23976.394531 23484.447266
v 25579.734375 23988.722656 23574.273438
v 27966.996094 23860.824219 23580.734375
v 25483.849609 24015.242188 23583.962891
v 26063.525391 24078.787109 23515.515625
v 24844.250000 24129.800781 23529.742188
v 26128.099609 24115.199219 23571.644531
v 26238.187500 24188.943359 23524.148438
v 26385.724609 24289.335938 23531.886719
v 26512.242188 24346.296875 23586.068359
v 27335.365234 24373.464844 23536.373047
v 26731.283203 24408.197266 23548.484375
v 26877.537109 24408.115234 23620.513672
v 26993.896484 24417.000000 23549.589844
v 27097.640625 24410.849609 23540.179688
v 25008.595703 19846.015625 23628.697266
v 24833.707031 19911.375000 23623.667969
v 25381.740234 19870.234375 23611.398438
v 24729.906250 19960.802734 23609.523438
v 24632.658203 20016.777344 23598.765625
v 27403.591797 20033.138672 23669.667969
v 26256.746094 20031.341797 23586.203125
v 27522.097656 20123.177734 23630.773438
v 25833.371094 20143.146484 23626.093750
v 25683.769531 20045.007812 23609.460938
v 27722.339844 20282.539062 23630.986328
v 26030.175781 20359.283203 23496.074219
v 27814.115234 20541.853516 23559.308594
v 24249.210938 20542.511719 23619.820312
v 24198.394531 20688.140625 23635.457031
v 27917.960938 20674.414062 23568.785156
v 24191.982422 20773.605469 23626.730469
v 24190.593750 21067.968750 23607.140625
v 28105.812500 21310.730469 23571.814453
v 26006.705078 21423.097656 23622.453125
v 25850.257812 21427.878906 23565.664062
v 25696.916016 21436.980469 23546.750000
v 25636.025391 21523.640625 23589.429688
v 24236.544922 21419.316406 23582.396484
v 26170.007812 21632.281250 23567.595703
v 24297.470703 21547.214844 23573.794922
v 28006.761719 21580.589844 23551.683594
v 24304.210938 21604.748047 23600.453125
v 27959.949219 21705.320312 23544.910156
v 24381.761719 21664.226562 23572.433594
v 24540.142578 21887.294922 23552.914062
v 28073.074219 21866.191406 23604.248047
v 28088.707031 21980.830078 23597.685547
v 26052.126953 21919.246094 23516.591797
v 25899.111328 21959.939453 23546.210938
v 28110.667969 22072.957031 23593.550781
v 24437.826172 22243.777344 23452.546875
v 28218.390625 22310.732422 23614.154297
v 28325.417969 22581.683594 23638.779297
v 28313.474609 22457.263672 23650.443359
v 28362.863281 22867.386719 23639.894531
v 23749.066406 23205.296875 23634.304688
v 28193.476562 23322.333984 23543.646484
v 28153.613281 23485.828125 23573.412109
v 23708.464844 23604.187500 23534.394531
v 28113.111328 23585.007812 23614.812500
v 23841.615234 23758.291016 23530.154297
v 23950.611328 23771.923828 23602.283203
v 24082.007812 23834.726562 23597.750000
v 25752.595703 23965.003906 23599.417969
v 25818.800781 23974.548828 23594.052734
v 25666.494141 23969.187500 23602.412109
v 25899.861328 23995.064453 23601.175781
v 27910.185547 24019.566406 23516.662109
v 24378.533203 23970.972656 23489.476562
v 25614.484375 23965.185547 23664.990234
v 24482.158203 24006.896484 23533.462891
v 24678.716797 24084.990234 23481.291016
v 26001.671875 24040.238281 23599.689453
v 27847.970703 24001.041016 23627.185547
v 24916.234375 24137.570312 23540.316406
v 24999.728516 24139.476562 23531.601562
v 25053.617188 24133.437500 23603.589844
v 27797.833984 24095.685547 23600.669922
v 27793.707031 24129.777344 23556.111328
v 27714.138672 24147.046875 23642.171875
v 26452.609375 24306.574219 23640.841797
v 27185.298828 24394.947266 23573.955078
v 25036.710938 19825.839844 23661.509766
v 24898.265625 19866.685547 23673.240234
v 26596.160156 19850.265625 23667.716797
v 26839.755859 19856.244141 23681.304688
v 24778.068359 19918.166016 23657.078125
v 26433.109375 19876.890625 23678.021484
v 24705.800781 19949.826172 23666.800781
v 26977.830078 19889.302734 23674.140625
v 25514.322266 19921.150391 23627.662109
v 27114.539062 19913.494141 23692.767578
v 25613.707031 19952.718750 23664.439453
v 25603.949219 19981.681641 23613.753906
v 26322.087891 19958.566406 23618.613281
v 27191.722656 19952.675781 23667.199219
v 27318.062500 19990.689453 23682.285156
v 24504.332031 20120.509766 23604.931641
v 27567.021484 20103.773438 23686.150391
v 26138.615234 20081.289062 23640.863281
v 27657.277344 20148.169922 23691.244141
v 24388.859375 20206.316406 23637.339844
v 24336.873047 20314.679688 23620.171875
v 26106.208984 20187.109375 23577.611328
v 27884.433594 20405.658203 23683.556641
v 27831.980469 20275.015625 23723.654297
v 27837.408203 20396.292969 23650.785156
v 24257.058594 20430.626953 23641.126953
v 28047.085938 20801.474609 23606.710938
v 28094.353516 20911.843750 23602.138672
v 24191.798828 21237.201172 23602.507812
v 24166.271484 21311.833984 23627.414062
v 24124.207031 21286.015625 23668.453125
v 24148.121094 21372.695312 23654.292969
v 24185.320312 21537.750000 23667.560547
v 25657.095703 21629.263672 23619.429688
v 24342.322266 21679.566406 23623.160156
v 25653.181641 21707.085938 23586.912109
v 26031.119141 21823.775391 23698.701172
v 28167.076172 21932.923828 23658.500000
v 28184.355469 22068.750000 23645.283203
v 28302.082031 22234.486328 23696.345703
v 28380.589844 22427.351562 23705.587891
v 28441.875000 22797.751953 23697.708984
v 23985.890625 22759.250000 23577.341797
v 23897.591797 22886.113281 23597.439453
v 23824.859375 23011.126953 23619.359375
v 28340.423828 23012.175781 23625.484375
v 28386.654297 23130.150391 23677.642578
v 28305.656250 23241.878906 23638.328125
v 28277.546875 23293.841797 23632.054688
v 23698.886719 23372.265625 23592.117188
v 28245.056641 23356.111328 23628.812500
v 28190.755859 23382.447266 23569.314453
v 23689.333984 23521.224609 23549.314453
v 23740.484375 23596.976562 23582.103516
v 28027.812500 23712.728516 23654.365234
v 23833.189453 23719.681641 23570.324219
v 28003.130859 23770.728516 23614.746094
v 24233.066406 23893.828125 23604.982422
v 24335.535156 23936.253906 23605.960938
v 25539.041016 23990.742188 23649.082031
v 24529.326172 24022.089844 23639.037109
v 24657.607422 24081.908203 23649.855469
v 25952.597656 24001.361328 23669.076172
v 25301.523438 24076.589844 23604.025391
v 24844.707031 24133.375000 23642.128906
v 26198.033203 24156.947266 23625.941406
v 26363.976562 24265.617188 23602.208984
v 27577.736328 24214.658203 23666.662109
v 27708.630859 24184.341797 23588.679688
v 26521.242188 24337.279297 23644.769531
v 26642.017578 24386.054688 23589.474609
v 27006.427734 24400.722656 23637.125000
v 26676.513672 19847.761719 23666.306641
v 26651.519531 19790.281250 23759.593750
v 26731.521484 19847.031250 23670.150391
v 25253.652344 19812.533203 23660.490234
v 26928.125000 19847.806641 23737.330078
v 25432.183594 19857.382812 23677.339844
v 24677.677734 19946.974609 23711.677734
v 26298.605469 19931.082031 23678.982422
v 27020.781250 19877.191406 23723.458984
v 24584.593750 20016.753906 23673.261719
v 27340.396484 19974.039062 23734.142578
v 27472.589844 20036.119141 23719.509766
v 24542.990234 20063.560547 23633.658203
v 24483.871094 20073.417969 23702.492188
v 24409.265625 20158.160156 23668.261719
v 26042.732422 20246.068359 23567.851562
v 24307.267578 20257.656250 23683.714844
v 24287.226562 20313.132812 23665.992188
v 27983.750000 20478.056641 23728.191406
v 27931.583984 20498.599609 23668.363281
v 27988.591797 20647.597656 23637.710938
v 24179.404297 20908.648438 23629.107422
v 28220.226562 21052.457031 23681.576172
v 28169.203125 21381.210938 23631.500000
v 25904.802734 21454.798828 23667.572266
v 26104.074219 21475.035156 23617.863281
v 26144.476562 21534.519531 23601.466797
v 28104.041016 21513.505859 23601.250000
v 26134.937500 21594.623047 23622.644531
v 28157.775391 21592.294922 23653.322266
v 24209.757812 21627.384766 23693.861328
v 28075.513672 21637.482422 23603.707031
v 28058.730469 21724.283203 23600.615234
v 28112.947266 21788.640625 23635.064453
v 26082.599609 21808.625000 23608.238281
v 24510.580078 21864.574219 23599.615234
v 25721.070312 21782.201172 23601.564453
v 28198.148438 21842.242188 23689.675781
v 24369.869141 22166.789062 23621.419922
v 24131.289062 22538.556641 23587.195312
v 24015.531250 22657.835938 23632.738281
v 28448.650391 22564.126953 23727.312500
v 28509.701172 22662.894531 23754.339844
v 28435.830078 22633.994141 23706.136719
v 23931.714844 22789.708984 23642.181641
v 23870.234375 22899.257812 23653.419922
v 28446.277344 23031.500000 23708.410156
v 28323.646484 23330.861328 23698.720703
v 28309.001953 23398.119141 23729.871094
v 28191.878906 23446.562500 23619.509766
v 28247.593750 23423.582031 23680.669922
v 28143.169922 23554.400391 23655.708984
v 27873.896484 23892.253906 23694.085938
v 25797.656250 23910.806641 23798.166016
v 24423.511719 23969.367188 23647.140625
v 24746.169922 24108.785156 23603.173828
v 25220.394531 24100.683594 23618.087891
v 26088.148438 24078.513672 23652.052734
v 26339.035156 24231.521484 23676.363281
v 27520.660156 24276.417969 23614.187500
v 27377.218750 24339.039062 23601.359375
v 26816.775391 24389.013672 23666.578125
v 27203.441406 24371.591797 23644.625000
v 25020.029297 19810.681641 23769.652344
v 26443.687500 19841.009766 23737.375000
v 24815.898438 19884.193359 23727.777344
v 24915.095703 19838.246094 23754.757812
v 26350.351562 19897.027344 23695.066406
v 25691.351562 19981.935547 23692.921875
v 26196.394531 20003.705078 23674.103516
v 24410.175781 20124.984375 23715.554688
v 27732.421875 20192.359375 23700.681641
v 25878.533203 20148.845703 23648.320312
v 26050.552734 20145.130859 23645.099609
v 25927.355469 20215.837891 23603.203125
v 25979.859375 20291.433594 23552.089844
v 24215.144531 20375.445312 23702.494141
v 24198.273438 20438.244141 23697.380859
v 24136.064453 20766.406250 23678.791016
v 28081.978516 20674.927734 23705.097656
v 24122.224609 20904.716797 23685.658203
v 24149.287109 21013.443359 23649.417969
v 28224.371094 21166.994141 23671.755859
v 28158.974609 21214.630859 23610.101562
v 26002.048828 21441.044922 23663.417969
v 26084.089844 21431.568359 23582.322266
v 25739.308594 21462.656250 23597.490234
v 28196.744141 21742.916016 23692.490234
v 24469.738281 21800.259766 23628.478516
v 25736.292969 21739.992188 23662.621094
v 28285.478516 21992.142578 23740.335938
v 24368.919922 22098.503906 23674.253906
v 25920.761719 21931.652344 23653.763672
v 28382.994141 22237.449219 23763.087891
v 28440.748047 22471.757812 23744.103516
v 24003.513672 22543.089844 23744.339844
v 23933.478516 22691.375000 23718.783203
v 28468.324219 22910.994141 23716.156250
v 28523.820312 22818.787109 23756.117188
v 23782.476562 23105.154297 23631.222656
v 28366.007812 23188.318359 23674.769531
v 28417.279297 23263.345703 23749.402344
v 28268.548828 23484.984375 23765.603516
v 23735.640625 23493.484375 23620.027344
v 27930.888672 23792.546875 23743.220703
v 27923.408203 23827.318359 23696.683594
v 24236.441406 23873.029297 23662.962891
v 24230.011719 23847.378906 23720.144531
v 24326.023438 23905.271484 23709.822266
v 25771.044922 23946.138672 23674.439453
v 25855.205078 23957.658203 23697.748047
v 27784.208984 23964.937500 23730.371094
v 25491.382812 24003.181641 23688.464844
v 25327.062500 24068.062500 23691.925781
v 24723.498047 24119.558594 23703.085938
v 24878.326172 24147.990234 23702.990234
v 24936.197266 24141.648438 23653.375000
v 24968.773438 24138.251953 23594.160156
v 25139.072266 24120.324219 23646.015625
v 27726.875000 24064.460938 23710.986328
v 26192.304688 24128.957031 23706.767578
v 27338.998047 24327.304688 23662.431641
v 27025.568359 24366.621094 23711.070312
v 27148.273438 24355.808594 23700.587891
v 26592.718750 19815.666016 23721.943359
v 26812.953125 19813.384766 23750.109375
v 26962.964844 19837.976562 23799.048828
v 24652.205078 19952.498047 23738.742188
v 26199.429688 19970.585938 23717.044922
v 27207.843750 19917.281250 23766.148438
v 27475.451172 20010.044922 23787.703125
v 27585.652344 20080.281250 23746.335938
v 26081.771484 20069.746094 23702.306641
v 25997.929688 20168.035156 23645.955078
v 27858.701172 20253.242188 23772.789062
v 24207.791016 20358.935547 23734.998047
v 24162.400391 20595.005859 23685.888672
v 24105.308594 20663.523438 23741.867188
v 28181.656250 20762.695312 23750.994141
v 28222.503906 20950.667969 23706.779297
v 24140.257812 21141.640625 23648.287109
v 25814.699219 21467.773438 23643.152344
v 28196.322266 21432.152344 23661.421875
v 28268.310547 21540.757812 23735.759766
v 24093.464844 21368.558594 23712.369141
v 25702.019531 21519.384766 23627.009766
v 26100.650391 21683.355469 23659.876953
v 28245.119141 21703.066406 23728.654297
v 24416.355469 21800.337891 23666.699219
v 24435.650391 21941.515625 23669.722656
v 28260.949219 22080.064453 23701.433594
v 28534.392578 22581.578125 23792.099609
v 23868.847656 22829.039062 23716.183594
v 23819.447266 22982.953125 23697.230469
v 28520.478516 22958.068359 23757.996094
v 28515.429688 23054.453125 23766.074219
v 23782.597656 23112.490234 23690.779297
v 23751.015625 23250.652344 23671.820312
v 28502.625000 23176.644531 23788.251953
v 23739.763672 23336.794922 23661.511719
v 23766.892578 23206.466797 23723.937500
v 23722.371094 23412.515625 23625.843750
v 28412.080078 23331.443359 23782.599609
v 23767.375000 23395.466797 23698.423828
v 28393.480469 23397.814453 23816.308594
v 23826.148438 23586.757812 23667.146484
v 28198.796875 23502.396484 23693.308594
v 23897.607422 23623.271484 23706.554688
v 23814.996094 23661.019531 23604.417969
v 23970.285156 23673.732422 23723.447266
v 28089.833984 23638.652344 23714.285156
v 23892.878906 23706.423828 23629.207031
v 27994.392578 23734.949219 23763.955078
v 24166.785156 23819.294922 23698.251953
v 27791.431641 23901.519531 23777.398438
v 25712.046875 23932.236328 23722.533203
v 25423.128906 24030.863281 23700.085938
v 26095.609375 24059.769531 23731.031250
v 25203.984375 24115.021484 23733.294922
v 24809.044922 24143.738281 23719.931641
v 25041.679688 24141.947266 23687.937500
v 26423.619141 24268.109375 23707.812500
v 26937.007812 24381.935547 23690.943359
v 26485.089844 19847.193359 23699.835938
v 26650.769531 19777.660156 23795.667969
v 25090.330078 19807.468750 23711.525391
v 26782.031250 19781.708984 23812.996094
v 26874.775391 19806.808594 23805.140625
v 24958.958984 19824.292969 23802.033203
v 24848.587891 19866.390625 23870.437500
v 25550.398438 19881.171875 23765.607422
v 25601.117188 19917.212891 23724.210938
v 24514.275391 20037.769531 23739.853516
v 24401.300781 20113.748047 23760.261719
v 25841.613281 20066.744141 23723.925781
v 26026.947266 20097.361328 23706.402344
v 27787.548828 20183.679688 23781.062500
v 24319.523438 20213.591797 23725.158203
v 24242.498047 20274.248047 23805.962891
v 25970.269531 20136.214844 23684.005859
v 27940.708984 20346.580078 23775.271484
v 24133.228516 20494.365234 23758.175781
v 28188.142578 20874.167969 23704.205078
v 24027.402344 21326.609375 23794.404297
v 25814.773438 21537.605469 23710.248047
v 26057.232422 21498.292969 23693.513672
v 24110.812500 21504.726562 23725.800781
v 24306.195312 21734.900391 23697.056641
v 24392.921875 21840.494141 23704.958984
v 24295.394531 21906.755859 23788.476562
v 24389.183594 21900.732422 23716.072266
v 25950.523438 21886.048828 23734.892578
v 25911.632812 21878.306641 23753.767578
v 24387.992188 22019.464844 23694.066406
v 24269.257812 22178.734375 23740.880859
v 24221.132812 22277.917969 23717.318359
v 24184.992188 22272.490234 23771.056641
v 28496.789062 22380.968750 23822.138672
v 23821.080078 22921.740234 23741.708984
v 28568.193359 22946.994141 23800.458984
v 23776.857422 23123.630859 23737.263672
v 28548.771484 23120.978516 23815.097656
v 28503.710938 23268.175781 23827.382812
v 23774.535156 23320.716797 23748.333984
v 23800.902344 23436.988281 23732.478516
v 23789.599609 23533.982422 23662.419922
v 28225.869141 23526.257812 23762.556641
v 24055.888672 23745.443359 23713.101562
v 27868.818359 23826.951172 23791.183594
v 27850.554688 23861.169922 23759.283203
v 25885.496094 23915.388672 23843.783203
v 24321.267578 23905.923828 23765.662109
v 24481.562500 24001.972656 23702.664062
v 25514.146484 23988.322266 23771.693359
v 24470.167969 24028.609375 23789.802734
v 24553.931641 24044.945312 23712.894531
v 24633.339844 24090.550781 23725.654297
v 25350.970703 24067.214844 23759.357422
v 26092.679688 24035.691406 23786.630859
v 24838.869141 24175.824219 23794.523438
v 24932.787109 24161.103516 23743.804688
v 24718.970703 24144.587891 23773.197266
v 27424.751953 24271.914062 23694.039062
v 26620.513672 24344.085938 23689.304688
v 26713.091797 24302.007812 23792.892578
v 27254.974609 24315.425781 23728.750000
v 26946.175781 24325.611328 23786.068359
v 27215.095703 24330.738281 23723.429688
v 25288.125000 19804.800781 23716.666016
v 26386.312500 19824.312500 23860.625000
v 25039.021484 19812.755859 23887.527344
v 25385.212891 19823.919922 23751.232422
v 26322.490234 19870.054688 23785.871094
v 27043.330078 19847.439453 23884.134766
v 24732.644531 19903.070312 23927.275391
v 27153.255859 19888.775391 23822.166016
v 24730.970703 19911.568359 23824.468750
v 24610.708984 19969.353516 23827.386719
v 27348.876953 19952.300781 23809.273438
v 26109.296875 20000.888672 23775.240234
v 24444.509766 20073.175781 23841.927734
v 27482.904297 19995.933594 23848.220703
v 26027.421875 20022.796875 23820.251953
v 27648.722656 20093.552734 23805.478516
v 24352.863281 20153.027344 23794.378906
v 25931.597656 20125.144531 23695.835938
v 24238.171875 20298.107422 23757.851562
v 28007.242188 20361.298828 23845.453125
v 28062.373047 20506.265625 23789.916016
v 24073.695312 20654.308594 23799.234375
v 24074.785156 20787.650391 23754.900391
v 28292.398438 20821.453125 23826.396484
v 24095.119141 20947.683594 23713.201172
v 28326.462891 20936.638672 23810.226562
v 28299.433594 21005.599609 23764.609375
v 28312.630859 21160.892578 23759.449219
v 28272.656250 21306.304688 23719.898438
v 28351.105469 21418.691406 23804.974609
v 26084.257812 21568.164062 23694.109375
v 25750.650391 21672.378906 23697.857422
v 26040.771484 21720.132812 23754.447266
v 25800.128906 21765.164062 23738.763672
v 24292.595703 21825.562500 23761.871094
v 24285.441406 21957.349609 23805.378906
v 24378.705078 21965.806641 23720.927734
v 24270.275391 22106.818359 23789.757812
v 24200.884766 22185.650391 23832.791016
v 28449.458984 22240.158203 23824.580078
v 28374.994141 22093.396484 23798.587891
v 23929.771484 22600.916016 23793.806641
v 23833.279297 22706.537109 23854.283203
v 28577.835938 22814.771484 23804.677734
v 23789.199219 23039.632812 23749.863281
v 28592.710938 22976.246094 23831.550781
v 23767.115234 23185.833984 23782.933594
v 23773.826172 23275.720703 23794.941406
v 28469.337891 23354.919922 23859.964844
v 23791.402344 23348.199219 23807.683594
v 23820.744141 23424.453125 23798.160156
v 23823.806641 23492.839844 23731.330078
v 23860.384766 23496.533203 23793.859375
v 28346.263672 23491.558594 23865.570312
v 23874.626953 23563.679688 23736.929688
v 23925.638672 23590.744141 23775.021484
v 24012.669922 23678.921875 23767.070312
v 28199.345703 23581.140625 23804.603516
v 28075.902344 23686.628906 23821.408203
v 24219.357422 23832.410156 23761.970703
v 27844.376953 23821.492188 23861.917969
v 25621.871094 23937.187500 23805.394531
v 25734.236328 23894.417969 23828.761719
v 24405.685547 23969.097656 23763.867188
v 25956.257812 23981.304688 23740.775391
v 25153.251953 24142.003906 23779.246094
v 24561.960938 24083.867188 23785.263672
v 25023.351562 24161.628906 23757.257812
v 26208.363281 24107.517578 23782.642578
v 25082.398438 24188.212891 23848.195312
v 27565.669922 24162.564453 23737.083984
v 26428.656250 24241.652344 23760.158203
v 26856.376953 24326.220703 23781.740234
v 26552.601562 19770.736328 23827.490234
v 25211.162109 19799.320312 23726.332031
v 26461.914062 19800.373047 23832.994141
v 25504.601562 19853.132812 23814.753906
v 26252.482422 19914.656250 23765.039062
v 25760.666016 19960.062500 23829.753906
v 24544.740234 20008.343750 23804.033203
v 25974.642578 20065.255859 23772.636719
v 25925.445312 20055.193359 23788.101562
v 27941.292969 20283.800781 23861.027344
v 24181.382812 20349.582031 23839.974609
v 24123.429688 20487.591797 23787.392578
v 28052.507812 20432.564453 23835.345703
v 24000.644531 20795.839844 23900.054688
v 28170.376953 20659.734375 23800.957031
v 28271.619141 20721.962891 23861.273438
v 24043.802734 20990.382812 23782.789062
v 28427.607422 21053.939453 23895.931641
v 28369.275391 21043.621094 23829.675781
v 28386.363281 21203.421875 23834.457031
v 24069.431641 21196.027344 23732.037109
v 24022.507812 21148.281250 23802.919922
v 25870.919922 21504.347656 23711.343750
v 25714.488281 21597.951172 23663.232422
v 24210.404297 21705.996094 23748.531250
v 28320.712891 21685.990234 23793.433594
v 28304.429688 21922.744141 23769.060547
v 24244.281250 22007.380859 23847.390625
v 28466.263672 22118.917969 23890.974609
v 24065.898438 22427.875000 23771.703125
v 24120.742188 22274.541016 23866.462891
v 28556.562500 22518.076172 23837.226562
v 23936.460938 22515.435547 23867.988281
v 23778.640625 22877.078125 23845.523438
v 28616.455078 22927.679688 23855.673828
v 28566.886719 23156.748047 23848.468750
v 28162.574219 23570.562500 23731.109375
v 24058.800781 23707.542969 23781.042969
v 27922.240234 23785.384766 23812.777344
v 27946.339844 23776.710938 23873.431641
v 27998.611328 23738.654297 23828.505859
v 27796.750000 23851.244141 23836.826172
v 24212.052734 23838.738281 23810.849609
v 27718.806641 23959.259766 23789.867188
v 25929.205078 23931.283203 23836.089844
v 25601.269531 23954.880859 23883.363281
v 25482.445312 24016.837891 23838.687500
v 25316.363281 24091.353516 23800.718750
v 27649.054688 24090.988281 23750.300781
v 27387.955078 24252.156250 23745.273438
v 26541.970703 24303.654297 23728.056641
v 26625.638672 24271.574219 23808.972656
v 27047.960938 24320.064453 23779.640625
v 26930.386719 24270.267578 23875.083984
v 25388.232422 19813.001953 23824.642578
v 26289.472656 19866.238281 23845.558594
v 24921.394531 19853.033203 23942.964844
v 25645.142578 19893.058594 23883.164062
v 25708.273438 19925.316406 23858.119141
v 26121.843750 19946.304688 23914.292969
v 26124.472656 19962.214844 23847.259766
v 24655.580078 19946.238281 23935.027344
v 27386.214844 19951.849609 23891.298828
v 25863.138672 20023.240234 23813.226562
v 25967.316406 20022.156250 23852.824219
v 27807.117188 20172.033203 23850.365234
v 24256.068359 20244.634766 23867.607422
v 28039.388672 20357.361328 23907.425781
v 24156.142578 20395.384766 23826.953125
v 24048.277344 20657.189453 23854.611328
v 28322.945312 20711.632812 23930.685547
v 23975.726562 20913.380859 23913.251953
v 23978.935547 21024.628906 23882.937500
v 28354.837891 20841.320312 23881.587891
v 28417.333984 20955.121094 23907.470703
v 28398.148438 21296.470703 23840.394531
v 25961.537109 21512.591797 23745.230469
v 23992.527344 21416.498047 23849.328125
v 28365.857422 21595.949219 23832.187500
v 25799.220703 21584.349609 23720.878906
v 24087.810547 21656.824219 23823.546875
v 24226.445312 21913.792969 23845.158203
v 25982.384766 21838.523438 23761.009766
v 25863.257812 21811.423828 23771.425781
v 25966.525391 21789.187500 23810.148438
v 28518.750000 22160.429688 23941.818359
v 28525.408203 22307.125000 23882.500000
v 23989.431641 22463.109375 23841.789062
v 23852.958984 22638.994141 23878.533203
v 28585.863281 22659.802734 23828.646484
v 23804.056641 22803.589844 23837.423828
v 23769.916016 22990.056641 23817.369141
v 23767.609375 23093.880859 23796.128906
v 28614.910156 23061.308594 23879.804688
v 28668.058594 23075.822266 23965.777344
v 23801.171875 23384.214844 23855.046875
v 23857.011719 23485.140625 23848.585938
v 23980.000000 23629.052734 23818.855469
v 24087.957031 23735.285156 23823.175781
v 28129.140625 23629.691406 23783.355469
v 24134.218750 23792.953125 23854.060547
v 27701.832031 23889.656250 23862.195312
v 27870.759766 23809.208984 23886.244141
v 25829.890625 23896.419922 23875.691406
v 27651.830078 23952.648438 23839.724609
v 24267.871094 23982.572266 23945.476562
v 25385.890625 24072.521484 23848.517578
v 24331.335938 23958.537109 23841.416016
v 25252.464844 24126.923828 23825.951172
v 25329.935547 24127.853516 23901.425781
v 24490.775391 24090.484375 23858.630859
v 27509.728516 24147.099609 23787.710938
v 24869.658203 24205.900391 23849.447266
v 26296.175781 24166.640625 23772.546875
v 24710.355469 24176.859375 23840.781250
v 24934.533203 24242.566406 23920.070312
v 24991.658203 24203.562500 23851.546875
v 27259.445312 24269.857422 23785.714844
v 25125.958984 19795.328125 23798.306641
v 25264.962891 19791.337891 23847.906250
v 26386.037109 19818.199219 23924.351562
v 26644.048828 19762.267578 23863.988281
v 26798.341797 19776.667969 23905.681641
v 25561.619141 19853.998047 23943.056641
v 26304.082031 19849.136719 23928.199219
v 24792.687500 19883.275391 23952.105469
v 26220.093750 19895.007812 23891.800781
v 27247.488281 19905.578125 23942.773438
v 27207.421875 19897.089844 23881.535156
v 24504.337891 20030.761719 23889.623047
v 27705.638672 20104.679688 23889.228516
v 24342.839844 20156.837891 23862.421875
v 25895.208984 19997.253906 23890.427734
v 27857.644531 20212.537109 23839.810547
v 24204.863281 20299.207031 23917.820312
v 28202.078125 20557.962891 23919.322266
v 28209.927734 20613.666016 23878.507812
v 28475.093750 21026.726562 23982.830078
v 28448.644531 21231.490234 23908.382812
v 23980.992188 21201.662109 23857.988281
v 25921.769531 21571.544922 23777.341797
v 24017.193359 21573.441406 23858.093750
v 24106.767578 21584.535156 23765.539062
v 28423.597656 21648.708984 23897.263672
v 26037.777344 21651.580078 23770.800781
v 24155.277344 21784.601562 23837.380859
v 25994.126953 21742.044922 23819.271484
v 28330.730469 21849.630859 23800.814453
v 28404.638672 21886.962891 23873.058594
v 24264.843750 22054.138672 23818.878906
v 24209.248047 22128.917969 23865.273438
v 28374.605469 22010.976562 23819.429688
v 23770.152344 22739.337891 23939.439453
v 23741.966797 22861.724609 23918.085938
v 28644.671875 22849.828125 23891.750000
v 23746.423828 22952.441406 23883.691406
v 28657.636719 22996.140625 23921.738281
v 23772.207031 23298.695312 23851.234375
v 28538.322266 23289.449219 23897.531250
v 28290.533203 23583.544922 23929.035156
v 28159.390625 23639.845703 23849.912109
v 28040.863281 23739.664062 23904.460938
v 28123.687500 23690.671875 23901.248047
v 27666.058594 23868.199219 23920.023438
v 27734.789062 23850.427734 23915.478516
v 27889.685547 23811.402344 23937.167969
v 25708.535156 23913.345703 23941.138672
v 24210.695312 23931.005859 23948.751953
v 27587.371094 24048.662109 23816.728516
v 24397.226562 24083.763672 23936.093750
v 25272.123047 24166.992188 23922.429688
v 25175.777344 24161.617188 23843.187500
v 24553.408203 24132.078125 23865.544922
v 24480.158203 24157.958984 23952.580078
v 24646.337891 24164.333984 23853.339844
v 24777.300781 24198.476562 23854.113281
v 27370.417969 24212.533203 23795.519531
v 26668.830078 24186.041016 23929.917969
v 27112.576172 24283.503906 23810.019531
v 26869.556641 24286.894531 23855.222656
v 26626.240234 19761.578125 23915.478516
v 25151.537109 19797.953125 23886.849609
v 26860.351562 19794.013672 23856.863281
v 25028.314453 19828.917969 23945.156250
v 25470.425781 19827.455078 23940.244141
v 25699.988281 19895.722656 23983.339844
v 26189.058594 19909.873047 23955.500000
v 24719.169922 19915.208984 23987.160156
v 24403.244141 20107.652344 23931.982422
v 24296.214844 20189.210938 23974.449219
v 24085.226562 20522.644531 23871.773438
v 28385.517578 20758.888672 23992.230469
v 28400.880859 20846.578125 23942.435547
v 23954.666016 21335.226562 23890.621094
v 28444.187500 21424.111328 23902.599609
v 23934.509766 21468.375000 23922.933594
v 25878.812500 21617.478516 23781.986328
v 26005.177734 21540.156250 23766.492188
v 25958.056641 21632.736328 23812.171875
v 28419.279297 21523.462891 23885.263672
v 23990.609375 21508.960938 23869.660156
v 26009.457031 21621.275391 23796.402344
v 24012.162109 21663.800781 23892.597656
v 24050.884766 21711.580078 23880.382812
v 28420.902344 21792.826172 23896.083984
v 24083.882812 21803.417969 23897.085938
v 23942.568359 21792.154297 23986.650391
v 25908.408203 21765.716797 23806.845703
v 28389.744141 21953.796875 23846.677734
v 24190.722656 22083.853516 23906.787109
v 28521.906250 22076.408203 23984.117188
v 24098.439453 22215.566406 23971.033203
v 28593.281250 22460.291016 23901.890625
v 23730.716797 23072.976562 23899.125000
v 23756.212891 23203.210938 23841.148438
v 28609.929688 23189.332031 23930.179688
v 28610.326172 23233.134766 23974.144531
v 28423.285156 23451.531250 23916.123047
v 23882.617188 23533.195312 23884.414062
v 23935.437500 23586.392578 23857.101562
v 23993.839844 23692.816406 23921.755859
v 24046.167969 23710.593750 23861.828125
v 28190.578125 23698.498047 23998.296875
v 25783.673828 23892.736328 23893.460938
v 28100.285156 23743.841797 23981.509766
v 27795.076172 23836.798828 23942.078125
v 24093.621094 23830.328125 23962.140625
v 25947.115234 23889.886719 23952.435547
v 26038.816406 23968.330078 23855.933594
v 27595.376953 23916.623047 23897.130859
v 26141.996094 24030.228516 23845.167969
v 27395.255859 23982.337891 23954.773438
v 25508.791016 24029.771484 23912.048828
v 24330.646484 24061.933594 23994.853516
v 27482.689453 24063.107422 23865.193359
v 26511.601562 24235.976562 23815.726562
v 27080.894531 24240.201172 23864.339844
v 26794.453125 24249.232422 23888.335938
v 25245.908203 19790.273438 23888.355469
v 26535.814453 19773.957031 23907.052734
v 25370.347656 19805.242188 23892.253906
v 25485.392578 19830.062500 24004.837891
v 26933.757812 19815.714844 23925.574219
v 27523.367188 20000.435547 23952.390625
v 27587.662109 20030.488281 23937.556641
v 26054.003906 19975.779297 23918.044922
v 27670.375000 20068.025391 23979.359375
v 27806.082031 20151.119141 23946.548828
v 24121.109375 20423.968750 23979.146484
v 28133.216797 20459.761719 23924.396484
v 24003.171875 20688.982422 23964.220703
v 28467.759766 20940.968750 24029.404297
v 23936.041016 21226.093750 23917.220703
v 28461.150391 21358.443359 23919.433594
v 23896.109375 21376.500000 23958.296875
v 23911.785156 21598.673828 23965.419922
v 28480.406250 21587.326172 23963.746094
v 25836.919922 21707.751953 23775.667969
v 23947.193359 21676.208984 23951.503906
v 25941.126953 21646.343750 23813.080078
v 28466.263672 21884.814453 23947.269531
v 28460.208984 21985.556641 23923.095703
v 28562.781250 22261.591797 23954.744141
v 28625.189453 22424.515625 23962.382812
v 23881.939453 22493.958984 24011.013672
v 23843.382812 22612.855469 23924.263672
v 28616.251953 22569.357422 23890.580078
v 28712.335938 22699.314453 24029.623047
v 28641.064453 22698.156250 23896.839844
v 23716.314453 23002.083984 23936.437500
v 23726.931641 23182.570312 23920.679688
v 23750.916016 23282.423828 23908.267578
v 28577.224609 23294.417969 23987.980469
v 23786.519531 23400.224609 23927.513672
v 23842.009766 23495.970703 23922.582031
v 28443.392578 23454.113281 23956.531250
v 23900.140625 23585.904297 23933.916016
v 28366.375000 23548.392578 23991.152344
v 27558.421875 23874.388672 23997.244141
v 27689.640625 23860.542969 23987.664062
v 24025.484375 23769.710938 23979.187500
v 27552.658203 23873.634766 23970.685547
v 24080.972656 23842.753906 24029.296875
v 25744.537109 23899.347656 23917.119141
v 24180.777344 23945.664062 24042.773438
v 26325.751953 24131.431641 23858.619141
v 26368.083984 24128.558594 23891.472656
v 27270.466797 24178.535156 23863.464844
v 26495.857422 24153.789062 23921.884766
v 27028.431641 24186.173828 23923.781250
v 27243.837891 24239.771484 23820.482422
v 25225.021484 24237.515625 24011.908203
v 24580.179688 24208.009766 23952.683594
v 24629.808594 24275.046875 24025.724609
v 24719.003906 24232.763672 23930.033203
v 24817.917969 24259.054688 23953.013672
v 26436.037109 19809.880859 23969.843750
v 27083.849609 19860.035156 23958.304688
v 27243.667969 19906.386719 23994.777344
v 25837.644531 19974.837891 23889.294922
v 25997.259766 19987.287109 23933.199219
v 24115.867188 20438.183594 23926.011719
v 24039.261719 20594.230469 23956.888672
v 23942.976562 20848.232422 23997.156250
v 28423.597656 20800.023438 24059.242188
v 28503.277344 21142.052734 24026.490234
v 28463.792969 21123.130859 23944.404297
v 28533.857422 21264.978516 24062.005859
v 28512.474609 21468.347656 23996.769531
v 23870.070312 21489.023438 23990.390625
v 28487.207031 21773.416016 23980.441406
v 28512.484375 21955.890625 24006.037109
v 24169.078125 22023.130859 23931.166016
v 23975.523438 22372.035156 23987.314453
v 28652.425781 22393.968750 24028.248047
v 28672.406250 22592.400391 23981.814453
v 23697.855469 23215.357422 23992.550781
v 23744.468750 23323.724609 23953.082031
v 23732.591797 23391.906250 24058.550781
v 28504.720703 23369.365234 23932.406250
v 23739.746094 23368.921875 24005.449219
v 28487.761719 23433.472656 24034.279297
v 23800.957031 23487.261719 23997.207031
v 23875.441406 23602.867188 24023.808594
v 28272.406250 23645.722656 24017.765625
v 27462.986328 23917.554688 23968.947266
v 27973.345703 23788.457031 23955.921875
v 26081.824219 23940.628906 23938.052734
v 25471.197266 24113.144531 24008.621094
v 27247.984375 24054.992188 23966.259766
v 24253.101562 24004.035156 24008.437500
v 27351.912109 24098.498047 23896.224609
v 24427.925781 24141.669922 23991.785156
v 26751.056641 24191.144531 23935.572266
v 26853.005859 24232.392578 23907.136719
v 26920.527344 24175.130859 23950.210938
v 25119.591797 24221.179688 23923.544922
v 25012.427734 24265.113281 23970.339844
v 24912.378906 24287.898438 24000.960938
v 25323.021484 19802.046875 23946.820312
v 25606.742188 19859.162109 24013.378906
v 26822.046875 19792.966797 23968.333984
v 26202.091797 19910.458984 24050.791016
v 26121.947266 19939.242188 23993.439453
v 24662.267578 19958.927734 24004.853516
v 24581.685547 20002.263672 23989.433594
v 25897.970703 19971.238281 23966.150391
v 24470.097656 20066.107422 23976.015625
v 27551.404297 20004.162109 24063.458984
v 25956.369141 19978.931641 23971.234375
v 26050.720703 19961.439453 24014.925781
v 24334.097656 20164.332031 23996.835938
v 24183.173828 20330.400391 23992.628906
v 28131.185547 20430.664062 23969.423828
v 24094.802734 20482.843750 24110.343750
v 28200.259766 20501.556641 23983.597656
v 23999.417969 20739.214844 23932.724609
v 28474.998047 20883.058594 24148.515625
v 28552.839844 21246.488281 24117.748047
v 28514.769531 21336.390625 24004.542969
v 28539.447266 21457.302734 24038.601562
v 23796.410156 21456.078125 24060.654297
v 28536.748047 21675.281250 24046.972656
v 23815.042969 21656.257812 24060.296875
v 23897.308594 21757.070312 24009.011719
v 24005.494141 21852.593750 23970.970703
v 28578.066406 22138.355469 24053.328125
v 24104.730469 22164.619141 23996.867188
v 28620.099609 22327.443359 24012.089844
v 23755.320312 22749.750000 23982.285156
v 28703.498047 22884.806641 23986.484375
v 23720.103516 22859.347656 23975.087891
v 23696.167969 22972.820312 23998.335938
v 28669.931641 23141.359375 24024.376953
v 28620.867188 23248.089844 24044.308594
v 28579.031250 23331.230469 24061.296875
v 28490.312500 23451.115234 24109.537109
v 23778.470703 23476.525391 24055.412109
v 28417.265625 23521.720703 24058.472656
v 23995.189453 23754.558594 24051.816406
v 25917.906250 23880.509766 24037.931641
v 27473.677734 23892.001953 24009.296875
v 28046.328125 23784.996094 24018.019531
v 27802.878906 23871.125000 24061.732422
v 27906.683594 23828.746094 24008.078125
v 27280.236328 23977.732422 24017.566406
v 25596.896484 24001.097656 23967.046875
v 26218.414062 24037.490234 23899.625000
v 27118.316406 24125.093750 23952.554688
v 26749.707031 24094.542969 24026.990234
v 26827.734375 24143.753906 23981.375000
v 24552.138672 24252.492188 24046.511719
v 24740.617188 24305.683594 24034.412109
v 24868.216797 24329.060547 24073.138672
v 25058.054688 24297.945312 24042.191406
v 26548.101562 19783.531250 23962.863281
v 26598.667969 19796.144531 24024.535156
v 26671.753906 19787.304688 24010.310547
v 25214.853516 19802.357422 23951.425781
v 25459.197266 19828.376953 24047.570312
v 27335.298828 19942.531250 24124.458984
v 27397.109375 19952.003906 24049.166016
v 25836.136719 19946.443359 23987.058594
v 27434.623047 19965.158203 23953.605469
v 27918.466797 20215.128906 24007.253906
v 24261.521484 20273.837891 24087.832031
v 24041.742188 20570.273438 24018.431641
v 23927.451172 20976.968750 23972.646484
v 23887.384766 21065.753906 24004.845703
v 23820.232422 21330.750000 24039.117188
v 28563.916016 21616.503906 24088.566406
v 23855.957031 21705.501953 24031.111328
v 28529.515625 21798.808594 24044.263672
v 23819.236328 22570.123047 24062.312500
v 23769.794922 22669.623047 24079.279297
v 23732.804688 22774.031250 24070.904297
v 23674.619141 22985.603516 24087.978516
v 23664.187500 23110.056641 24052.529297
v 28698.654297 23057.447266 24033.861328
v 23674.355469 23131.808594 24019.056641
v 23671.111328 23240.779297 24073.539062
v 23687.267578 23293.183594 24091.728516
v 23907.867188 23649.335938 24078.750000
v 25889.142578 23883.814453 23966.685547
v 27346.892578 23936.353516 24043.087891
v 24034.507812 23803.777344 24099.199219
v 24149.626953 23933.449219 24195.269531
v 26163.970703 23990.007812 23922.984375
v 24189.550781 23969.900391 24123.941406
v 26244.574219 23990.923828 23975.080078
v 25721.988281 23971.052734 24046.865234
v 26948.427734 24112.333984 24001.250000
v 26567.500000 24078.683594 24013.480469
v 24495.191406 24236.541016 24097.621094
v 25198.333984 24290.722656 24101.003906
v 24929.242188 24363.089844 24152.162109
v 26478.457031 19841.208984 24107.767578
v 26737.660156 19778.240234 23961.904297
v 25119.724609 19817.312500 23965.365234
v 25344.015625 19818.900391 24040.414062
v 24935.203125 19864.148438 24022.158203
v 26991.998047 19848.925781 24060.957031
v 27030.523438 19850.031250 24006.023438
v 26107.974609 19946.191406 24082.873047
v 27458.666016 19973.746094 24099.271484
v 27975.992188 20273.751953 23972.845703
v 24157.167969 20389.576172 24080.687500
v 28230.511719 20493.527344 24065.849609
v 28314.837891 20622.695312 24014.212891
v 23979.431641 20691.818359 24037.689453
v 23998.630859 20634.181641 24086.878906
v 23941.562500 20787.464844 24037.343750
v 23787.054688 21143.847656 24114.675781
v 28529.779297 21113.375000 24129.839844
v 23721.689453 21374.244141 24137.306641
v 28580.630859 21416.068359 24115.701172
v 23775.205078 21558.140625 24089.162109
v 23790.666016 21837.212891 24109.173828
v 28557.599609 21896.769531 24094.189453
v 24096.199219 22019.722656 23994.232422
v 24116.503906 22116.554688 23990.814453
v 28658.093750 22350.667969 24073.851562
v 28739.496094 22770.076172 24087.343750
v 28726.316406 22921.863281 24036.529297
v 28640.417969 23226.068359 24095.000000
v 28544.890625 23394.326172 24112.767578
v 23727.529297 23393.140625 24129.521484
v 23800.568359 23507.236328 24165.849609
v 23810.906250 23530.468750 24096.822266
v 28438.871094 23524.986328 24155.953125
v 23917.890625 23658.957031 24142.714844
v 28350.171875 23599.558594 24060.154297
v 25804.667969 23897.853516 23994.822266
v 26071.718750 23903.203125 24002.562500
v 28158.990234 23740.968750 24041.939453
v 27241.537109 23964.927734 24092.355469
v 27694.007812 23896.892578 24085.894531
v 25922.437500 23919.496094 24150.824219
v 26152.623047 23939.708984 23989.886719
v 26294.943359 23954.798828 24046.480469
v 27897.689453 23888.726562 24151.384766
v 27237.083984 23970.164062 24053.587891
v 26375.562500 24028.435547 23999.265625
v 27163.054688 24023.904297 24026.126953
v 27077.427734 24029.224609 24058.054688
v 26861.699219 24084.449219 24039.322266
v 26987.869141 24059.589844 24050.003906
v 27057.207031 24080.677734 24007.927734
v 26466.837891 24043.550781 24018.572266
v 26642.050781 24041.761719 24068.101562
v 25377.515625 24128.052734 23944.685547
v 25321.406250 24239.015625 24088.683594
v 24626.609375 24326.214844 24122.611328
v 24758.296875 24353.960938 24135.804688
v 24830.220703 24369.613281 24165.353516
v 25039.238281 24347.484375 24147.257812
v 25205.820312 19854.593750 24145.455078
v 26330.910156 19858.671875 24055.699219
v 26197.771484 19923.943359 24130.017578
v 25840.181641 19933.667969 24090.904297
v 24690.373047 19980.652344 24088.851562
v 25907.097656 19955.250000 24066.785156
v 24474.212891 20092.912109 24068.880859
v 25978.373047 19965.173828 24065.919922
v 26058.740234 19963.029297 24175.845703
v 27617.191406 20024.519531 24130.648438
v 24379.660156 20166.357422 24082.060547
v 28109.894531 20386.066406 24025.808594
v 24054.357422 20542.712891 24096.845703
v 23926.873047 20730.277344 24144.730469
v 28345.408203 20624.382812 24083.394531
v 28415.720703 20723.279297 24177.185547
v 23935.416016 20739.613281 24100.023438
v 23852.685547 20905.509766 24126.443359
v 23891.830078 20920.097656 24051.839844
v 23801.679688 21059.603516 24125.765625
v 28520.654297 21022.691406 24181.281250
v 28601.570312 21534.623047 24153.826172
v 23832.304688 21863.181641 24083.986328
v 28553.980469 22019.283203 24064.453125
v 23885.595703 21975.630859 24095.808594
v 24028.007812 22008.566406 24028.402344
v 28595.500000 22085.523438 24125.046875
v 24028.589844 22126.109375 24056.031250
v 24012.169922 22237.470703 24050.644531
v 23710.171875 22860.660156 24045.324219
v 28744.855469 22900.023438 24104.066406
v 28725.888672 23006.062500 24086.082031
v 23652.179688 23126.236328 24109.929688
v 28697.333984 23096.839844 24099.009766
v 28653.464844 23195.109375 24170.271484
v 26020.876953 23872.218750 24073.650391
v 26120.734375 23874.658203 24132.035156
v 26047.560547 23883.970703 24038.664062
v 26205.277344 23909.060547 24066.855469
v 27310.433594 23955.857422 24108.613281
v 28124.697266 23793.003906 24112.007812
v 26408.812500 23944.976562 24107.863281
v 27123.812500 23993.675781 24100.011719
v 27779.416016 23931.683594 24190.328125
v 27985.988281 23837.832031 24090.250000
v 25807.355469 23940.615234 24080.035156
v 26408.582031 23981.998047 24063.048828
v 27023.955078 24022.416016 24092.873047
v 26831.837891 24024.203125 24124.962891
v 26879.808594 24040.892578 24095.001953
v 26512.458984 24006.833984 24071.814453
v 26743.048828 24039.519531 24088.707031
v 24271.431641 24054.228516 24134.273438
v 25647.445312 24095.613281 24149.353516
v 24528.980469 24296.798828 24178.292969
v 24565.908203 24319.011719 24156.746094
v 25100.160156 24341.365234 24162.298828
v 25032.734375 19848.214844 24024.822266
v 25312.406250 19831.007812 24096.712891
v 25575.904297 19848.078125 24125.494141
v 26404.035156 19844.359375 24075.150391
v 26735.222656 19821.421875 24108.564453
v 26854.589844 19834.101562 24108.144531
v 24960.853516 19893.957031 24133.140625
v 26316.361328 19889.214844 24154.523438
v 24815.675781 19891.859375 24021.324219
v 25779.160156 19916.445312 24053.974609
v 27579.980469 20010.728516 24253.576172
v 27589.771484 20011.308594 24185.044922
v 24451.392578 20195.496094 24217.589844
v 27996.443359 20259.003906 24115.638672
v 24193.564453 20371.447266 24139.398438
v 24047.689453 20563.292969 24178.587891
v 28300.345703 20545.960938 24124.222656
v 23988.431641 20640.568359 24150.908203
v 23795.744141 21210.800781 24084.876953
v 28605.835938 21407.859375 24183.199219
v 28591.042969 21853.183594 24168.535156
v 24004.513672 22082.828125 24067.210938
v 28634.423828 22218.298828 24123.976562
v 23941.472656 22195.197266 24116.679688
v 23968.238281 22321.103516 24048.917969
v 28676.871094 22378.695312 24097.796875
v 23901.708984 22411.310547 24073.865234
v 23816.322266 22502.656250 24146.130859
v 28709.125000 22513.623047 24097.945312
v 28760.804688 22726.654297 24181.664062
v 23708.998047 22821.960938 24146.119141
v 23654.224609 23110.917969 24184.236328
v 28679.740234 23122.521484 24222.253906
v 23950.923828 23678.597656 24243.669922
v 28256.539062 23723.646484 24151.943359
v 24034.126953 23801.179688 24187.771484
v 26182.535156 23881.648438 24111.761719
v 26014.568359 23884.152344 24131.857422
v 26283.376953 23880.669922 24150.693359
v 25932.619141 23891.232422 24091.421875
v 26521.298828 23943.281250 24158.671875
v 27452.113281 23933.414062 24105.742188
v 27606.923828 23975.847656 24227.787109
v 26608.337891 23994.896484 24117.630859
v 26706.720703 23985.941406 24180.957031
v 27079.302734 23999.269531 24133.439453
v 27202.876953 23982.125000 24144.917969
v 26964.302734 24014.794922 24133.226562
v 27315.845703 23981.097656 24176.761719
v 25796.599609 24064.730469 24254.660156
v 24342.681641 24107.083984 24088.462891
v 25464.974609 24223.904297 24183.101562
v 24731.884766 24384.904297 24232.925781
v 26628.484375 19813.527344 24088.406250
v 25668.554688 19873.191406 24106.443359
v 27157.847656 19911.980469 24186.777344
v 26128.230469 19951.755859 24171.572266
v 24620.410156 20030.681641 24118.912109
v 24498.638672 20112.095703 24138.316406
v 27906.902344 20194.859375 24074.775391
v 28021.972656 20270.292969 24204.648438
v 28109.910156 20349.000000 24184.335938
v 24234.960938 20367.927734 24209.472656
v 28154.871094 20399.281250 24130.927734
v 24088.583984 20530.630859 24241.263672
v 23835.886719 20867.220703 24190.628906
v 28587.804688 21218.224609 24266.445312
v 23709.400391 21506.566406 24156.162109
v 28592.068359 21303.103516 24200.542969
v 28581.333984 21777.357422 24135.619141
v 23804.695312 21982.177734 24154.117188
v 28592.662109 21960.730469 24174.033203
v 23841.511719 22076.408203 24163.820312
v 23882.072266 22143.990234 24153.937500
v 28631.906250 22122.208984 24211.878906
v 23952.330078 22265.287109 24095.750000
v 23865.269531 22367.335938 24153.515625
v 28707.244141 22411.753906 24162.388672
v 23780.634766 22597.732422 24143.046875
v 28761.300781 22695.726562 24185.681641
v 23735.355469 22707.240234 24179.017578
v 23691.816406 22887.378906 24168.902344
v 28749.207031 22903.542969 24183.113281
v 28725.501953 23030.707031 24176.023438
v 23661.039062 23228.359375 24137.828125
v 28497.886719 23450.980469 24184.351562
v 28339.802734 23658.503906 24178.755859
v 26307.421875 23877.638672 24200.816406
v 26416.671875 23903.804688 24170.244141
v 28075.978516 23856.210938 24218.199219
v 26595.453125 23955.083984 24181.451172
v 26775.853516 23994.136719 24207.957031
v 27943.603516 23908.503906 24228.160156
v 26836.123047 24007.052734 24169.328125
v 26876.302734 24005.986328 24206.085938
v 24445.466797 24219.531250 24181.683594
v 25498.195312 24164.357422 24112.324219
v 24956.648438 24371.589844 24184.912109
v 25342.570312 19855.753906 24208.166016
v 25655.574219 19871.074219 24149.621094
v 26569.628906 19847.246094 24152.273438
v 25794.027344 19920.394531 24172.300781
v 27000.500000 19866.666016 24133.662109
v 24772.654297 19973.560547 24155.091797
v 25942.392578 19960.148438 24179.521484
v 26232.839844 19930.740234 24200.212891
v 27493.611328 19991.720703 24261.023438
v 27868.496094 20154.023438 24181.867188
v 24320.462891 20295.234375 24215.402344
v 28251.500000 20484.458984 24149.912109
v 28326.333984 20554.972656 24252.117188
v 28364.554688 20611.085938 24211.583984
v 23980.833984 20656.634766 24243.867188
v 23941.906250 20699.925781 24197.500000
v 23863.865234 20807.390625 24236.449219
v 23763.738281 20991.083984 24226.371094
v 23736.847656 21089.720703 24207.804688
v 23681.376953 21258.466797 24228.277344
v 23714.998047 21253.449219 24174.271484
v 23711.818359 21674.761719 24164.199219
v 23711.097656 21783.527344 24172.960938
v 23676.539062 21952.066406 24252.101562
v 28613.244141 22045.750000 24207.074219
v 23757.765625 22101.179688 24238.867188
v 23856.197266 22222.630859 24182.810547
v 28668.787109 22255.351562 24188.005859
v 23875.199219 22280.501953 24164.300781
v 28742.484375 22467.544922 24244.720703
v 28746.607422 22594.324219 24167.832031
v 23757.666016 22599.177734 24211.537109
v 28753.025391 22811.066406 24244.875000
v 23680.199219 22948.871094 24185.816406
v 28551.703125 23379.513672 24184.136719
v 28028.683594 23896.785156 24283.464844
v 26683.662109 23974.492188 24269.146484
v 26984.029297 24007.279297 24188.703125
v 24303.294922 24092.384766 24196.339844
v 25650.318359 24147.199219 24231.343750
v 25305.564453 24313.654297 24260.500000
v 25501.003906 19843.585938 24170.396484
v 25606.183594 19868.906250 24227.988281
v 25932.824219 19961.578125 24232.708984
v 26361.013672 19898.230469 24209.324219
v 24915.783203 19922.781250 24168.232422
v 27724.087891 20066.205078 24186.984375
v 27767.103516 20090.292969 24183.847656
v 27968.503906 20220.740234 24227.107422
v 28014.339844 20264.837891 24279.027344
v 28099.914062 20334.248047 24264.619141
v 28464.875000 20826.714844 24239.332031
v 28544.820312 21056.984375 24276.318359
v 23643.611328 21371.843750 24260.484375
v 28664.359375 21511.615234 24307.167969
v 23668.982422 21471.187500 24206.855469
v 23655.564453 21592.298828 24224.525391
v 23660.523438 21716.607422 24225.093750
v 28642.158203 21525.843750 24241.357422
v 28625.332031 21740.882812 24235.527344
v 23815.179688 22161.958984 24207.650391
v 23792.021484 22307.302734 24250.277344
v 23709.263672 22787.488281 24224.246094
v 28675.507812 23098.542969 24296.169922
v 28612.439453 23247.296875 24279.082031
v 23718.587891 23334.400391 24231.898438
v 24014.125000 23765.449219 24245.105469
v 28198.095703 23779.457031 24187.707031
v 28142.769531 23821.695312 24211.375000
v 26015.935547 23932.130859 24261.414062
v 27004.212891 24026.951172 24282.062500
v 27099.951172 24004.205078 24195.451172
v 27592.970703 24008.494141 24295.966797
v 27868.937500 23951.154297 24282.402344
v 27739.013672 23994.011719 24319.230469
v 27186.539062 24008.019531 24222.978516
v 25370.695312 24272.537109 24203.468750
v 24859.285156 24396.369141 24246.339844
v 26844.248047 19865.312500 24200.103516
v 26689.726562 19867.476562 24212.177734
v 26958.570312 19868.357422 24167.054688
v 25076.886719 19873.332031 24143.726562
v 25771.378906 19921.910156 24248.478516
v 24932.824219 19976.111328 24285.863281
v 25069.595703 19946.382812 24320.371094
v 26221.345703 19951.675781 24257.109375
v 26084.601562 19972.312500 24244.082031
v 26008.652344 19973.369141 24250.416016
v 27897.865234 20171.302734 24272.890625
v 24594.966797 20103.919922 24220.857422
v 28080.980469 20320.451172 24332.048828
v 28210.113281 20431.029297 24337.671875
v 24146.697266 20492.093750 24294.242188
v 23821.626953 20877.191406 24339.792969
v 28495.330078 20911.136719 24227.035156
v 23812.832031 20879.767578 24231.474609
v 23738.187500 20996.826172 24295.607422
v 28595.070312 21170.507812 24400.041016
v 23632.130859 21509.830078 24256.460938
v 23615.179688 21654.072266 24281.248047
v 23685.429688 21865.949219 24217.685547
v 28613.025391 21905.195312 24244.904297
v 28628.164062 22020.265625 24294.468750
v 23705.761719 22089.031250 24286.808594
v 23779.343750 22201.275391 24249.435547
v 23801.541016 22387.845703 24229.970703
v 23804.642578 22461.101562 24198.951172
v 28755.960938 22538.531250 24268.037109
v 23699.570312 22815.212891 24285.287109
v 23691.535156 22880.876953 24280.259766
v 23679.673828 22990.230469 24245.996094
v 28723.976562 22913.171875 24303.445312
v 28725.257812 22983.886719 24243.781250
v 23693.261719 23015.753906 24334.044922
v 28595.693359 23309.945312 24183.835938
v 23786.423828 23468.701172 24219.179688
v 23867.078125 23565.951172 24241.640625
v 28406.027344 23607.164062 24316.097656
v 28370.589844 23660.326172 24299.658203
v 28322.394531 23717.535156 24293.886719
v 26156.744141 23882.419922 24218.957031
v 28137.464844 23863.285156 24318.412109
v 25929.671875 23966.916016 24243.138672
v 26560.167969 23940.210938 24245.371094
v 24211.353516 24006.240234 24246.195312
v 26904.179688 24011.660156 24248.525391
v 24283.714844 24078.255859 24287.972656
v 27141.308594 24027.988281 24272.484375
v 27417.099609 24038.148438 24320.832031
v 25618.529297 24216.714844 24327.833984
v 24845.000000 24416.912109 24332.371094
v 25239.851562 19883.107422 24251.476562
v 25681.230469 19901.552734 24274.021484
v 25242.683594 19921.943359 24364.351562
v 27105.636719 19920.246094 24262.496094
v 27323.322266 19950.949219 24208.257812
v 24775.611328 20027.757812 24252.402344
v 27737.933594 20071.443359 24251.294922
v 24640.970703 20211.570312 24420.644531
v 28278.816406 20499.519531 24312.857422
v 24082.558594 20565.548828 24315.562500
v 28419.152344 20703.570312 24294.791016
v 23877.125000 20814.976562 24370.693359
v 23912.431641 20744.195312 24261.066406
v 23679.550781 21120.810547 24339.150391
v 23687.996094 21149.988281 24274.320312
v 23642.761719 21295.275391 24292.734375
v 28598.433594 21210.599609 24330.783203
v 28650.937500 21406.003906 24333.580078
v 23598.437500 21426.097656 24350.640625
v 23602.199219 21516.531250 24311.441406
v 28658.763672 21658.523438 24309.646484
v 23630.156250 21796.648438 24276.478516
v 28631.228516 21927.416016 24335.433594
v 28636.353516 22010.267578 24380.695312
v 28651.207031 22129.820312 24307.654297
v 28678.972656 22241.035156 24261.220703
v 23741.753906 22306.539062 24316.468750
v 23760.400391 22380.777344 24292.697266
v 23774.324219 22450.218750 24257.097656
v 23725.248047 22612.501953 24322.291016
v 23671.337891 23203.769531 24221.132812
v 28550.828125 23361.375000 24274.708984
v 28459.416016 23509.943359 24244.705078
v 28265.039062 23769.449219 24297.470703
v 26283.562500 23917.214844 24390.728516
v 26070.367188 23900.810547 24226.443359
v 26435.671875 23908.484375 24247.523438
v 28062.951172 23908.902344 24380.701172
v 26785.679688 23997.642578 24268.359375
v 25969.195312 24004.833984 24358.099609
v 25767.255859 24115.460938 24306.595703
v 24411.277344 24201.025391 24297.011719
v 25057.996094 24394.900391 24362.109375
v 25055.322266 24370.667969 24236.023438
v 24601.472656 24368.193359 24310.886719
v 24673.572266 24384.570312 24268.523438
v 24821.623047 24426.628906 24404.837891
v 25505.306641 19857.925781 24228.433594
v 25148.552734 19935.697266 24347.066406
v 26424.921875 19921.501953 24292.199219
v 26183.488281 19977.291016 24313.363281
v 27433.875000 19998.687500 24377.191406
v 24544.488281 20260.498047 24408.826172
v 27993.732422 20258.292969 24343.412109
v 24350.332031 20362.552734 24366.234375
v 24268.353516 20377.267578 24278.261719
v 28404.136719 20661.275391 24365.634766
v 24021.048828 20619.992188 24280.105469
v 23802.859375 20893.031250 24284.158203
v 23626.900391 21298.572266 24349.589844
v 28673.222656 21436.939453 24452.763672
v 23580.167969 21635.427734 24341.181641
v 28646.777344 21810.474609 24332.031250
v 23605.521484 21827.134766 24325.683594
v 23730.091797 22191.652344 24298.753906
v 28738.728516 22426.820312 24269.009766
v 23752.634766 22533.162109 24271.693359
v 28725.056641 22819.435547 24360.562500
v 23700.273438 22879.197266 24384.210938
v 23676.746094 23074.263672 24261.714844
v 23715.156250 23282.279297 24296.808594
v 28571.812500 23290.443359 24374.730469
v 28518.970703 23402.382812 24362.238281
v 28498.101562 23448.755859 24272.419922
v 26226.560547 23894.125000 24283.498047
v 26086.826172 23940.521484 24349.296875
v 26169.333984 23926.261719 24378.863281
v 24128.197266 23905.683594 24297.761719
v 26919.109375 24047.429688 24387.480469
v 27702.220703 24027.361328 24406.933594
v 27849.414062 23981.441406 24362.437500
v 27489.697266 24060.533203 24398.728516
v 27606.472656 24047.531250 24415.439453
v 24283.402344 24064.876953 24399.558594
v 27253.214844 24048.386719 24326.082031
v 25479.095703 24269.423828 24298.355469
v 24488.990234 24274.640625 24249.541016
v 24703.076172 24404.593750 24376.042969
v 26608.785156 19892.398438 24263.250000
v 25784.873047 19954.289062 24374.251953
v 25929.832031 19977.435547 24330.199219
v 26311.564453 19961.726562 24337.279297
v 27273.636719 19951.902344 24275.804688
v 25965.869141 20004.419922 24407.847656
v 26054.494141 20005.164062 24378.226562
v 27789.960938 20114.927734 24343.119141
v 24454.480469 20259.392578 24316.710938
v 27938.566406 20235.570312 24411.226562
v 28054.587891 20328.931641 24466.917969
v 28351.400391 20580.988281 24353.916016
v 24061.658203 20626.759766 24414.433594
v 23971.695312 20717.855469 24404.052734
v 28546.925781 21027.000000 24369.164062
v 23572.341797 21495.703125 24387.087891
v 23566.808594 21733.484375 24393.064453
v 23632.044922 21957.388672 24319.199219
v 28680.515625 22215.343750 24370.562500
v 23706.246094 22238.580078 24354.916016
v 28711.855469 22311.015625 24340.328125
v 23714.332031 22656.613281 24351.171875
v 28748.306641 22739.220703 24304.697266
v 23707.875000 22779.875000 24454.689453
v 23719.988281 23009.689453 24455.660156
v 28663.818359 22996.798828 24431.451172
v 23715.996094 23093.046875 24406.015625
v 23707.810547 23209.621094 24325.898438
v 28481.582031 23474.003906 24385.005859
v 28323.042969 23744.355469 24391.941406
v 28201.968750 23833.363281 24356.375000
v 27965.138672 23952.369141 24389.826172
v 27207.996094 24073.568359 24394.039062
v 27374.347656 24066.279297 24387.552734
v 25483.880859 24294.931641 24398.537109
v 24511.945312 24310.205078 24351.605469
v 24931.929688 24406.917969 24307.539062
v 25563.109375 19906.109375 24348.738281
v 25660.015625 19924.898438 24362.677734
v 26516.089844 19917.375000 24305.980469
v 26875.218750 19913.265625 24314.003906
v 26979.517578 19908.083984 24276.343750
v 26099.830078 19991.517578 24332.310547
v 28044.648438 20356.425781 24579.886719
v 28092.144531 20339.796875 24397.128906
v 28139.955078 20372.914062 24358.802734
v 28312.656250 20541.693359 24472.044922
v 24148.107422 20555.800781 24436.875000
v 28488.300781 20853.910156 24366.177734
v 23707.939453 21045.910156 24369.544922
v 23696.912109 21077.890625 24405.273438
v 28630.515625 21272.835938 24447.060547
v 23608.214844 21361.970703 24419.445312
v 23587.609375 21444.480469 24447.853516
v 28678.074219 21507.089844 24394.380859
v 23551.599609 21600.513672 24419.402344
v 28670.982422 21711.574219 24397.386719
v 23595.794922 21916.675781 24385.105469
v 23678.123047 22113.972656 24338.636719
v 23732.046875 22449.873047 24344.177734
v 28753.410156 22641.724609 24292.007812
v 23726.550781 22494.007812 24361.269531
v 28616.603516 23190.972656 24369.226562
v 23751.806641 23337.357422 24332.023438
v 23995.058594 23708.156250 24331.443359
v 26230.464844 23924.707031 24415.257812
v 26343.923828 23907.130859 24319.761719
v 26466.361328 23942.193359 24418.033203
v 24138.867188 23882.859375 24463.263672
v 26043.031250 23965.818359 24366.488281
v 24180.673828 23961.376953 24363.140625
v 27950.917969 23973.287109 24492.052734
v 26834.998047 24034.572266 24395.425781
v 27037.267578 24057.253906 24371.886719
v 25827.611328 24105.687500 24369.464844
v 25589.562500 24260.443359 24422.855469
v 24564.255859 24351.082031 24335.994141
v 24610.626953 24379.474609 24427.873047
v 25354.648438 19900.150391 24341.830078
v 26771.033203 19909.537109 24311.916016
v 26519.513672 19975.175781 24437.722656
v 26221.904297 19997.646484 24390.607422
v 27296.427734 19980.130859 24399.234375
v 24779.486328 20181.121094 24489.787109
v 27768.435547 20132.601562 24432.863281
v 27761.949219 20161.236328 24511.248047
v 27877.519531 20204.835938 24441.265625
v 24513.525391 20360.671875 24547.101562
v 28434.703125 20725.855469 24467.164062
v 28465.402344 20794.384766 24406.597656
v 23805.890625 20927.238281 24423.449219
v 23735.935547 21002.134766 24397.742188
v 28531.058594 20959.183594 24475.535156
v 23786.728516 20991.585938 24485.996094
v 28564.730469 21068.251953 24475.248047
v 23598.347656 21461.064453 24495.158203
v 28686.042969 21602.160156 24438.998047
v 23565.837891 21829.332031 24437.617188
v 28642.585938 21917.058594 24476.296875
v 23644.986328 22078.751953 24390.439453
v 28702.914062 22312.570312 24445.062500
v 28729.529297 22388.144531 24354.333984
v 23687.908203 22266.964844 24412.953125
v 23723.242188 22363.410156 24362.273438
v 23709.089844 22638.583984 24449.177734
v 28665.121094 22895.076172 24494.066406
v 28538.716797 23339.738281 24453.755859
v 28496.496094 23432.470703 24480.480469
v 23918.791016 23582.582031 24354.242188
v 28442.496094 23546.953125 24345.396484
v 24074.841797 23784.105469 24437.148438
v 24072.382812 23822.167969 24348.849609
v 26293.386719 23929.701172 24496.302734
v 26652.808594 23984.214844 24382.099609
v 27987.667969 23955.130859 24454.583984
v 27852.708984 23994.458984 24418.810547
v 27486.648438 24068.158203 24463.246094
v 27350.541016 24075.433594 24429.871094
v 24378.433594 24164.519531 24375.466797
v 25770.652344 24159.464844 24414.828125
v 24538.343750 24340.425781 24499.531250
v 25199.394531 24381.896484 24440.435547
v 25620.447266 19933.601562 24404.035156
v 26656.429688 19968.318359 24448.406250
v 26899.958984 19955.164062 24422.203125
v 27006.046875 19941.857422 24369.574219
v 26374.832031 19999.550781 24452.445312
v 27195.115234 19958.060547 24364.632812
v 25067.503906 20008.246094 24441.578125
v 27564.792969 20025.935547 24381.140625
v 27660.779297 20058.484375 24375.564453
v 24236.363281 20483.630859 24431.308594
v 28381.812500 20628.136719 24445.058594
v 28505.162109 20886.269531 24509.603516
v 23645.410156 21317.281250 24492.263672
v 28643.433594 22070.080078 24425.763672
v 28645.337891 22120.378906 24514.341797
v 23639.576172 22097.058594 24434.125000
v 28661.984375 22151.556641 24404.509766
v 23684.757812 22318.535156 24482.750000
v 28732.982422 22458.353516 24392.783203
v 23699.882812 22365.660156 24435.492188
v 28723.826172 22590.214844 24433.207031
v 23706.015625 22522.480469 24485.017578
v 28633.646484 23102.775391 24429.746094
v 23760.103516 23130.927734 24519.324219
v 23781.556641 23299.156250 24450.236328
v 23835.037109 23442.369141 24389.849609
v 28526.884766 23336.814453 24548.664062
v 23938.173828 23560.824219 24435.462891
v 28350.703125 23723.207031 24456.923828
v 28277.886719 23786.837891 24398.113281
v 26171.632812 23943.701172 24465.611328
v 26076.185547 23976.357422 24456.478516
v 26027.150391 24003.607422 24471.087891
v 25917.388672 24051.148438 24389.779297
v 26940.078125 24067.216797 24473.296875
v 27110.527344 24080.341797 24437.882812
v 27227.197266 24085.525391 24455.835938
v 25841.287109 24122.945312 24471.191406
v 24383.648438 24158.923828 24449.511719
v 25645.355469 24233.166016 24411.017578
v 25385.984375 24341.410156 24512.203125
v 25306.003906 24340.394531 24353.626953
v 25154.558594 24395.521484 24501.257812
v 25386.156250 19948.386719 24451.789062
v 25308.208984 19985.480469 24510.478516
v 25741.746094 19974.757812 24455.623047
v 25889.742188 20002.312500 24444.222656
v 27177.046875 19972.675781 24422.644531
v 26183.777344 20029.777344 24461.031250
v 26093.785156 20044.488281 24488.529297
v 27890.748047 20250.875000 24544.808594
v 23913.033203 20821.185547 24491.878906
v 23561.470703 21574.201172 24477.597656
v 28674.507812 21731.250000 24477.412109
v 23586.841797 21904.822266 24529.816406
v 28647.255859 21867.703125 24413.546875
v 23587.193359 21934.582031 24472.812500
v 28637.287109 21997.486328 24487.853516
v 23639.019531 22111.574219 24478.791016
v 23665.007812 22229.113281 24529.503906
v 28666.591797 22214.728516 24498.755859
v 23688.816406 22358.082031 24554.578125
v 23707.941406 22477.916016 24441.318359
v 28682.105469 22797.269531 24493.208984
v 28444.306641 23550.736328 24559.955078
v 23986.431641 23569.373047 24523.320312
v 24022.251953 23692.080078 24435.910156
v 24118.687500 23830.542969 24497.466797
v 28262.562500 23819.896484 24504.091797
v 26348.164062 23925.445312 24426.076172
v 24257.804688 24018.242188 24488.583984
v 26657.160156 23993.933594 24456.199219
v 27766.683594 24019.912109 24450.689453
v 25941.367188 24054.943359 24481.097656
v 26857.914062 24055.972656 24498.082031
v 27172.113281 24084.306641 24500.033203
v 25760.228516 24177.261719 24495.111328
v 24460.935547 24252.707031 24410.314453
v 25610.632812 24257.062500 24493.031250
v 25513.042969 19921.425781 24396.757812
v 27081.974609 19976.279297 24457.267578
v 25170.294922 20003.939453 24494.792969
v 27477.021484 20024.562500 24461.429688
v 26009.625000 20033.820312 24476.310547
v 24653.972656 20297.494141 24576.394531
v 28100.076172 20371.615234 24503.427734
v 28234.548828 20474.714844 24513.416016
v 23995.050781 20730.228516 24490.878906
v 23932.035156 20855.748047 24594.925781
v 23828.859375 20947.044922 24516.638672
v 23754.478516 21087.806641 24528.796875
v 28606.919922 21197.019531 24528.232422
v 23553.736328 21737.410156 24482.343750
v 23598.978516 21859.806641 24592.250000
v 28651.636719 21830.835938 24571.125000
v 23715.146484 22930.044922 24469.798828
v 28573.478516 23246.871094 24466.548828
v 23869.169922 23423.878906 24485.435547
v 28460.626953 23517.958984 24455.726562
v 28382.806641 23682.656250 24502.673828
v 28321.574219 23776.222656 24547.593750
v 26201.128906 23941.675781 24541.949219
v 24211.683594 23944.412109 24542.345703
v 26794.255859 24041.406250 24483.654297
v 27649.939453 24046.650391 24485.419922
v 25925.117188 24068.869141 24540.621094
v 24389.666016 24140.097656 24546.720703
v 26943.179688 24066.023438 24552.736328
v 27085.960938 24081.509766 24489.140625
v 24458.437500 24238.332031 24484.751953
v 25486.527344 24312.404297 24544.117188
v 24911.171875 24434.277344 24513.125000
v 24808.169922 24421.675781 24523.507812
v 26764.265625 19969.304688 24463.501953
v 25656.326172 19985.542969 24514.277344
v 27332.691406 20020.457031 24526.607422
v 25849.787109 20036.058594 24548.605469
v 27399.443359 20053.619141 24588.087891
v 25757.439453 20034.984375 24580.257812
v 26239.802734 20084.853516 24593.183594
v 26159.369141 20068.236328 24546.187500
v 24373.193359 20446.054688 24542.919922
v 24150.656250 20610.044922 24541.517578
v 28403.509766 20681.904297 24545.933594
v 23561.787109 21802.382812 24512.027344
v 28671.654297 21702.449219 24605.222656
v 23627.671875 22048.578125 24537.701172
v 28635.230469 22151.925781 24596.152344
v 28654.648438 22273.148438 24587.640625
v 28621.519531 23071.906250 24506.138672
v 28574.763672 23189.720703 24548.029297
v 24068.732422 23715.789062 24518.257812
v 26229.265625 23932.820312 24610.085938
v 28176.542969 23874.570312 24490.248047
v 26147.599609 23955.486328 24601.410156
v 28082.332031 23924.691406 24501.226562
v 26093.107422 23978.041016 24533.072266
v 26657.675781 23993.650391 24533.042969
v 27864.718750 24000.923828 24584.218750
v 27878.121094 23999.480469 24540.441406
v 26015.939453 24015.949219 24549.916016
v 27350.941406 24073.003906 24514.902344
v 27278.455078 24062.781250 24568.703125
v 25816.730469 24134.343750 24576.503906
v 25623.205078 24249.027344 24541.423828
v 24583.611328 24363.109375 24520.064453
v 25064.404297 24411.812500 24582.867188
v 26571.888672 20030.558594 24579.970703
v 26928.029297 20010.710938 24565.501953
v 27057.167969 20001.125000 24529.369141
v 27239.480469 20021.416016 24557.458984
v 25590.359375 20052.457031 24646.392578
v 25929.320312 20072.738281 24602.781250
v 26167.755859 20122.017578 24653.091797
v 27672.525391 20105.140625 24492.005859
v 27668.626953 20200.953125 24718.478516
v 27930.816406 20301.087891 24624.871094
v 28173.755859 20431.265625 24530.419922
v 28469.669922 20813.910156 24564.052734
v 23840.746094 21019.226562 24638.226562
v 23609.408203 21534.474609 24564.556641
v 23572.458984 21684.210938 24554.947266
v 28684.507812 21645.576172 24566.955078
v 23626.904297 21971.759766 24599.753906
v 23711.029297 22649.707031 24520.257812
v 28624.828125 22953.943359 24584.652344
v 23803.437500 23190.269531 24582.892578
v 23809.498047 23285.371094 24520.554688
v 23974.896484 23466.181641 24625.033203
v 28474.253906 23466.828125 24600.953125
v 28350.845703 23740.369141 24590.230469
v 28300.419922 23798.523438 24566.375000
v 26329.488281 23911.320312 24658.085938
v 26306.324219 23926.089844 24588.710938
v 25871.234375 24092.351562 24619.130859
v 26846.947266 24046.457031 24573.216797
v 27109.986328 24063.912109 24574.699219
v 24540.730469 24336.195312 24536.166016
v 24638.035156 24367.656250 24595.976562
v 24750.912109 24415.925781 24453.130859
v 25268.623047 20042.486328 24596.820312
v 26440.306641 20056.873047 24597.289062
v 25420.742188 20004.457031 24564.880859
v 25498.613281 19978.472656 24520.117188
v 25753.671875 20067.898438 24653.109375
v 26386.001953 20110.906250 24683.986328
v 27577.970703 20066.773438 24505.216797
v 25081.562500 20121.619141 24617.316406
v 26036.513672 20076.607422 24575.156250
v 27789.214844 20217.132812 24608.052734
v 28325.839844 20573.093750 24552.644531
v 28612.248047 21232.500000 24625.009766
v 23708.953125 21422.972656 24695.199219
v 28662.970703 21384.566406 24520.785156
v 23665.671875 22184.753906 24607.843750
v 28699.050781 22410.291016 24510.587891
v 28663.296875 22382.945312 24594.550781
v 28696.431641 22643.015625 24505.240234
v 28657.677734 22754.101562 24576.664062
v 28407.164062 23619.669922 24682.511719
v 26122.279297 23954.203125 24660.283203
v 26378.324219 23932.160156 24541.689453
v 26571.798828 23971.015625 24509.697266
v 26701.033203 24001.693359 24572.107422
v 28062.785156 23937.187500 24574.615234
v 27738.208984 24021.679688 24585.560547
v 27244.876953 24039.183594 24633.900391
v 27446.320312 24031.328125 24645.935547
v 27390.921875 24056.837891 24574.324219
v 27548.906250 24049.791016 24565.619141
v 25957.931641 24044.849609 24598.390625
v 26999.328125 24042.761719 24610.093750
v 24455.041016 24207.140625 24570.128906
v 24548.365234 24322.400391 24593.210938
v 25291.125000 24366.109375 24570.111328
v 25356.640625 24346.162109 24596.482422
v 24672.341797 24393.152344 24526.697266
v 26831.250000 20016.076172 24579.541016
v 26521.830078 20095.246094 24697.646484
v 25182.005859 20102.792969 24644.892578
v 25282.679688 20094.691406 24676.029297
v 25327.144531 20044.679688 24614.746094
v 25520.714844 20083.761719 24708.980469
v 24892.458984 20225.978516 24658.556641
v 24955.638672 20149.871094 24576.595703
v 24879.416016 20280.244141 24750.464844
v 27756.095703 20255.072266 24747.439453
v 24784.464844 20242.111328 24597.099609
v 28365.888672 20680.886719 24685.251953
v 24073.691406 20703.425781 24594.031250
v 23922.158203 20923.681641 24683.490234
v 28517.675781 20942.480469 24620.994141
v 28544.593750 21007.792969 24578.505859
v 28572.515625 21099.154297 24562.367188
v 28678.542969 21531.095703 24564.796875
v 23626.822266 21646.380859 24650.666016
v 28627.343750 22067.814453 24594.201172
v 23702.160156 22478.234375 24571.927734
v 28698.398438 22521.943359 24511.972656
v 23718.412109 22648.273438 24602.470703
v 23754.314453 23005.337891 24581.892578
v 28567.724609 23116.599609 24645.609375
v 24020.294922 23568.140625 24590.093750
v 28488.953125 23395.060547 24707.714844
v 28392.281250 23667.380859 24615.013672
v 26464.082031 23945.328125 24531.968750
v 27636.021484 24037.021484 24580.070312
v 27189.609375 23997.890625 24715.794922
v 27321.625000 24016.363281 24687.083984
v 25720.869141 24181.316406 24623.341797
v 24497.197266 24216.283203 24661.533203
v 25501.748047 24280.998047 24647.835938
v 26681.150391 20046.748047 24633.626953
v 27610.873047 20150.906250 24657.767578
v 28148.300781 20455.425781 24677.423828
v 28223.587891 20499.009766 24632.498047
v 24231.953125 20639.808594 24723.527344
v 23996.160156 20812.091797 24654.457031
v 28451.031250 20803.357422 24644.765625
v 28608.873047 21270.197266 24711.939453
v 23741.353516 21232.384766 24624.568359
v 23589.542969 21766.062500 24601.880859
v 23640.386719 21835.337891 24690.765625
v 28631.216797 21865.546875 24679.146484
v 23696.923828 22246.037109 24686.650391
v 28614.337891 22137.816406 24678.240234
v 23690.669922 22300.882812 24634.126953
v 23717.232422 22446.888672 24689.832031
v 23696.136719 22379.878906 24608.371094
v 28638.623047 22450.880859 24667.207031
v 23728.402344 22681.460938 24659.062500
v 28630.474609 22859.271484 24611.175781
v 28537.441406 23247.746094 24649.765625
v 24089.691406 23671.761719 24613.781250
v 24091.728516 23585.121094 24696.847656
v 28348.960938 23724.175781 24720.625000
v 26198.320312 23929.400391 24662.953125
v 26069.146484 23985.593750 24619.498047
v 26475.582031 23929.642578 24628.996094
v 27989.283203 23959.007812 24622.873047
v 26844.656250 24028.966797 24612.490234
v 26979.871094 24011.603516 24663.761719
v 27589.705078 24022.587891 24664.859375
v 24340.386719 24067.773438 24600.257812
v 24410.746094 24129.972656 24631.394531
v 25838.169922 24091.042969 24691.298828
v 25619.294922 24233.333984 24623.300781
v 25207.210938 24378.535156 24644.083984
v 25013.892578 24406.810547 24682.705078
v 25395.005859 20084.859375 24690.886719
v 27543.720703 20150.244141 24713.744141
v 26135.771484 20143.628906 24695.546875
v 26045.773438 20137.970703 24708.421875
v 24508.738281 20434.347656 24679.158203
v 28094.980469 20438.919922 24728.113281
v 24407.287109 20549.955078 24788.089844
v 24329.330078 20542.750000 24672.517578
v 28280.853516 20587.488281 24708.361328
v 28319.794922 20651.048828 24754.937500
v 28411.162109 20737.835938 24662.683594
v 28490.697266 20886.164062 24646.335938
v 23848.464844 21097.722656 24732.798828
v 28654.707031 21400.306641 24645.566406
v 23677.578125 21742.662109 24772.324219
v 23658.160156 21940.166016 24694.162109
v 28601.884766 21956.697266 24766.078125
v 23667.054688 22042.226562 24678.980469
v 28621.101562 21986.738281 24645.417969
v 28620.738281 22710.775391 24682.421875
v 23743.093750 22865.078125 24630.177734
v 28573.601562 22896.675781 24748.146484
v 23795.320312 23046.138672 24669.400391
v 23854.138672 23083.080078 24766.605469
v 23898.208984 23280.943359 24680.222656
v 24108.802734 23538.142578 24763.519531
v 24188.849609 23841.505859 24655.691406
v 28327.619141 23760.517578 24693.083984
v 26050.597656 23966.095703 24716.742188
v 26388.996094 23923.289062 24615.759766
v 28176.160156 23890.025391 24648.130859
v 28234.455078 23844.404297 24689.070312
v 26560.388672 23953.931641 24607.619141
v 24239.837891 23926.710938 24653.457031
v 26704.345703 23983.871094 24632.923828
v 28106.626953 23919.886719 24652.671875
v 26840.259766 23984.550781 24682.085938
v 27039.789062 23959.644531 24757.644531
v 27448.095703 23991.134766 24754.824219
v 27881.757812 23980.851562 24668.505859
v 27566.345703 23988.140625 24764.349609
v 25937.392578 24038.212891 24678.568359
v 24419.441406 24103.144531 24700.740234
v 25355.457031 24334.445312 24663.464844
v 24639.062500 24341.833984 24676.851562
v 24812.277344 24415.265625 24581.416016
v 26640.412109 20086.113281 24704.714844
v 26849.337891 20072.287109 24702.826172
v 26973.900391 20076.341797 24714.224609
v 27236.468750 20123.814453 24796.806641
v 27252.871094 20057.972656 24656.730469
v 25512.724609 20130.443359 24803.658203
v 27499.519531 20086.742188 24607.728516
v 25385.003906 20134.980469 24780.988281
v 25837.388672 20121.304688 24760.671875
v 25133.343750 20175.187500 24738.658203
v 25012.564453 20197.943359 24699.603516
v 26296.611328 20167.722656 24751.818359
v 24779.148438 20298.378906 24696.730469
v 27847.738281 20308.953125 24759.484375
v 27970.128906 20364.730469 24727.968750
v 24070.205078 20774.617188 24718.435547
v 28564.636719 21107.148438 24681.558594
v 23703.060547 21603.804688 24785.917969
v 28645.285156 21706.613281 24730.398438
v 23712.691406 22202.298828 24747.509766
v 28592.058594 22161.205078 24762.699219
v 23717.748047 22329.728516 24729.105469
v 28610.806641 22251.609375 24715.390625
v 28571.904297 23014.025391 24699.537109
v 28541.558594 23115.638672 24738.277344
v 23843.757812 23301.498047 24569.669922
v 28375.460938 23642.478516 24790.765625
v 26140.070312 23925.632812 24723.552734
v 26466.339844 23907.855469 24689.312500
v 26567.648438 23922.808594 24693.013672
v 27740.691406 23989.277344 24735.923828
v 24326.337891 24024.035156 24659.910156
v 27746.591797 24007.974609 24667.974609
v 25955.632812 24006.285156 24734.289062
v 24498.669922 24182.386719 24722.205078
v 25458.048828 24269.658203 24719.570312
v 25289.857422 24338.701172 24709.640625
v 24751.248047 24388.527344 24643.794922
v 24889.818359 24414.603516 24646.474609
v 26750.373047 20107.349609 24761.996094
v 27372.363281 20101.605469 24708.636719
v 25672.621094 20096.832031 24734.281250
v 25749.128906 20120.281250 24787.546875
v 26072.425781 20208.312500 24843.859375
v 26214.064453 20254.550781 24878.906250
v 24030.150391 20854.402344 24772.183594
v 28524.277344 21017.349609 24760.337891
v 23829.076172 21165.847656 24755.302734
v 28642.453125 21436.919922 24720.578125
v 28590.925781 22335.755859 24779.826172
v 23746.490234 22431.779297 24816.835938
v 23744.041016 22643.376953 24749.599609
v 24021.964844 23415.386719 24743.603516
v 24179.867188 23637.785156 24797.322266
v 24234.412109 23826.042969 24754.675781
v 26173.164062 23878.810547 24788.095703
v 28263.638672 23815.441406 24730.849609
v 26409.416016 23893.511719 24713.484375
v 26471.699219 23869.324219 24766.515625
v 28212.322266 23850.007812 24769.115234
v 26794.437500 23925.576172 24757.095703
v 27132.757812 23915.964844 24846.550781
v 28052.912109 23926.468750 24728.925781
v 26994.433594 23922.146484 24806.410156
v 27696.031250 23973.535156 24791.732422
v 25939.529297 23978.042969 24794.572266
v 25807.449219 24080.205078 24754.009766
v 25678.285156 24170.882812 24718.400391
v 24558.267578 24255.748047 24711.316406
v 25254.226562 24309.832031 24781.582031
v 24791.974609 24378.023438 24712.658203
v 24931.509766 24382.689453 24746.980469
v 25004.880859 24316.218750 24840.292969
v 25100.912109 24377.449219 24733.162109
v 26935.789062 20140.017578 24838.453125
v 27132.126953 20081.859375 24721.880859
v 25174.773438 20227.662109 24861.738281
v 26142.234375 20261.710938 24907.615234
v 26218.136719 20194.312500 24782.431641
v 24637.857422 20389.367188 24733.017578
v 27994.236328 20414.687500 24816.197266
v 28267.632812 20635.470703 24832.759766
v 28400.445312 20781.501953 24783.078125
v 23998.925781 20940.539062 24839.734375
v 23875.724609 21249.216797 24921.603516
v 28605.255859 21313.111328 24785.734375
v 28661.935547 21608.576172 24680.093750
v 23705.330078 22020.839844 24776.687500
v 28573.500000 22104.820312 24834.390625
v 28559.097656 22244.968750 24869.914062
v 28616.597656 22583.300781 24711.511719
v 23737.472656 22565.908203 24759.095703
v 23760.013672 22792.695312 24741.304688
v 23836.328125 22952.097656 24844.093750
v 28520.382812 23103.341797 24805.832031
v 28295.306641 23764.845703 24828.193359
v 26084.505859 23871.033203 24841.757812
v 26322.728516 23887.527344 24727.087891
v 26060.208984 23933.205078 24769.017578
v 26647.896484 23921.589844 24724.591797
v 26760.074219 23872.660156 24819.966797
v 28170.650391 23875.509766 24757.496094
v 26955.675781 23890.449219 24838.726562
v 25462.781250 24190.349609 24843.373047
v 25404.474609 24270.953125 24758.062500
v 24632.060547 24289.443359 24761.281250
v 25338.681641 24269.330078 24800.322266
v 24729.500000 24306.167969 24809.869141
v 24827.052734 24350.972656 24783.109375
v 26838.609375 20170.296875 24888.644531
v 26496.712891 20157.230469 24794.750000
v 25640.849609 20129.486328 24819.812500
v 25907.097656 20173.919922 24896.087891
v 25929.234375 20147.398438 24792.130859
v 25109.126953 20252.824219 24871.007812
v 24988.521484 20252.513672 24785.570312
v 28173.591797 20523.648438 24788.121094
v 24362.675781 20626.148438 24880.230469
v 28473.324219 20959.962891 24860.546875
v 23718.541016 21526.070312 24776.113281
v 28647.822266 21515.738281 24729.957031
v 23682.349609 21669.515625 24767.730469
v 23744.261719 21911.994141 24873.445312
v 23708.244141 21942.580078 24799.179688
v 28559.769531 22013.660156 24925.878906
v 23742.669922 22317.974609 24815.464844
v 28503.070312 22424.250000 25001.333984
v 28546.255859 22662.851562 24866.794922
v 23812.335938 22869.000000 24853.835938
v 28510.662109 23245.312500 24779.136719
v 28389.894531 23561.501953 24852.242188
v 26246.585938 23881.525391 24757.425781
v 26387.738281 23840.078125 24804.849609
v 26566.314453 23858.242188 24799.144531
v 28249.621094 23789.705078 24884.531250
v 27156.382812 23865.285156 24916.076172
v 27309.218750 23938.886719 24843.886719
v 24355.876953 23985.566406 24777.476562
v 25982.291016 23924.613281 24835.269531
v 27870.070312 23955.062500 24774.091797
v 27777.259766 23955.417969 24818.498047
v 24438.486328 24068.343750 24782.710938
v 24551.898438 24172.056641 24810.494141
v 25627.896484 24170.125000 24762.341797
v 25159.419922 24303.001953 24831.562500
v 27073.730469 20177.271484 24911.398438
v 27420.894531 20154.554688 24801.406250
v 26604.416016 20209.919922 24911.080078
v 27504.687500 20180.509766 24813.765625
v 24484.296875 20524.767578 24832.300781
v 28283.158203 20722.455078 24942.113281
v 28344.779297 20744.410156 24863.734375
v 28468.183594 20888.851562 24773.144531
v 23930.335938 20964.560547 24751.955078
v 28562.601562 21165.046875 24802.808594
v 23902.423828 21179.531250 24922.574219
v 23853.240234 21370.652344 24956.966797
v 28613.957031 21619.976562 24890.375000
v 23757.078125 22075.953125 24877.445312
v 23733.451172 22133.177734 24816.986328
v 23756.326172 22232.337891 24859.589844
v 23762.605469 22586.689453 24839.517578
v 23785.169922 22788.880859 24833.105469
v 28551.845703 22824.986328 24822.205078
v 23886.013672 22972.970703 24924.542969
v 23929.234375 23131.455078 24856.152344
v 24131.791016 23321.019531 24963.851562
v 28469.392578 23406.519531 24781.710938
v 24302.167969 23791.132812 24883.371094
v 26173.531250 23849.728516 24827.761719
v 26286.882812 23832.667969 24820.419922
v 26472.517578 23825.720703 24826.492188
v 26845.175781 23841.925781 24870.515625
v 28184.703125 23826.236328 24913.001953
v 28132.556641 23871.093750 24827.871094
v 24293.667969 23896.185547 24788.750000
v 27403.619141 23967.013672 24805.697266
v 28014.638672 23922.759766 24775.533203
v 27528.919922 23952.837891 24848.974609
v 24489.314453 24042.412109 24881.050781
v 25865.240234 23981.953125 24845.423828
v 25746.626953 24075.541016 24814.492188
v 25395.669922 24197.503906 24873.123047
v 24675.755859 24227.912109 24868.099609
v 25248.289062 24266.781250 24847.462891
v 24929.835938 24348.191406 24801.234375
v 27336.851562 20141.917969 24808.656250
v 26718.126953 20164.474609 24861.388672
v 27142.824219 20149.617188 24859.066406
v 25461.078125 20235.205078 25000.929688
v 27422.292969 20208.990234 24910.763672
v 25249.013672 20154.273438 24764.281250
v 26302.910156 20246.609375 24871.732422
v 27693.064453 20272.302734 24851.185547
v 28093.056641 20498.109375 24855.679688
v 24273.257812 20690.927734 24877.201172
v 23913.492188 21079.503906 24844.933594
v 28586.939453 21361.537109 24893.998047
v 23841.242188 21437.751953 24967.685547
v 28534.093750 22146.511719 24969.816406
v 28576.175781 22466.220703 24817.214844
v 24186.125000 23496.322266 24900.585938
v 26177.628906 23804.570312 24876.146484
v 26278.248047 23795.078125 24864.386719
v 26393.310547 23782.839844 24868.273438
v 26653.398438 23833.964844 24845.101562
v 26531.208984 23788.767578 24871.117188
v 25923.808594 23908.224609 24888.675781
v 27252.250000 23895.224609 24901.037109
v 27875.166016 23905.339844 24899.199219
v 25761.273438 23972.353516 24922.535156
v 25680.320312 24063.046875 24873.263672
v 25527.242188 24057.798828 24966.863281
v 25425.283203 24149.978516 24913.080078
v 24804.904297 24297.562500 24844.746094
v 25755.335938 20164.992188 24923.257812
v 26953.091797 20193.855469 24935.025391
v 27070.082031 20217.763672 24977.810547
v 27580.537109 20212.070312 24828.017578
v 27844.744141 20365.191406 24886.822266
v 24693.601562 20439.392578 24890.183594
v 26188.425781 20325.466797 24985.691406
v 27916.369141 20427.310547 24927.460938
v 24440.232422 20604.160156 24936.632812
v 28182.318359 20613.933594 24932.880859
v 24123.042969 20877.919922 24948.355469
v 28414.560547 20863.992188 24877.974609
v 28525.710938 21115.289062 24881.566406
v 28605.000000 21501.408203 24892.388672
v 23743.210938 21703.662109 24891.564453
v 23763.066406 21834.261719 24914.855469
v 28618.906250 21681.791016 24866.525391
v 28578.550781 21813.242188 24978.404297
v 23808.896484 22476.785156 24992.892578
v 23852.402344 22771.886719 25009.648438
v 24032.193359 23264.736328 24884.064453
v 28450.751953 23399.154297 24854.931641
v 26113.634766 23773.441406 24922.011719
v 26207.583984 23734.960938 24927.464844
v 28334.806641 23685.949219 24887.365234
v 26429.302734 23710.250000 24930.007812
v 26022.275391 23794.035156 24940.953125
v 28296.771484 23738.191406 24895.080078
v 27001.888672 23835.371094 24912.365234
v 27171.275391 23789.031250 24993.880859
v 24312.773438 23848.580078 24856.664062
v 27274.792969 23848.968750 24959.925781
v 27963.742188 23897.416016 24876.808594
v 28088.611328 23855.644531 24907.228516
v 27743.937500 23922.730469 24891.378906
v 27628.085938 23861.222656 24989.433594
v 27594.490234 23932.691406 24887.154297
v 27712.406250 23880.269531 24964.566406
v 24466.808594 23939.697266 24963.156250
v 25280.691406 24208.931641 24906.208984
v 24768.937500 24227.203125 24913.085938
v 24878.738281 24286.339844 24866.369141
v 24956.962891 24241.748047 24917.492188
v 25049.632812 24255.916016 24901.121094
v 26955.898438 20234.277344 24997.216797
v 27281.087891 20173.593750 24896.232422
v 26746.285156 20237.289062 24978.146484
v 26322.429688 20349.748047 25010.099609
v 26254.408203 20339.603516 24993.603516
v 24822.707031 20368.894531 24878.900391
v 24387.050781 20689.339844 25028.972656
v 24219.806641 20748.308594 24896.998047
v 23965.642578 21125.378906 24986.660156
v 28566.453125 21416.488281 24988.587891
v 23796.398438 21685.810547 24967.160156
v 23831.066406 22132.710938 25017.621094
v 28505.542969 22273.414062 25025.671875
v 23783.849609 22314.101562 24928.705078
v 23792.609375 22549.623047 24945.591797
v 23789.761719 22633.978516 24919.943359
v 28482.699219 22840.757812 24962.128906
v 23971.322266 23069.753906 24976.146484
v 28494.494141 23054.917969 24884.589844
v 28457.830078 23278.246094 24903.246094
v 28399.921875 23473.193359 24908.931641
v 28341.121094 23610.671875 24938.849609
v 26109.908203 23707.035156 24970.800781
v 26324.205078 23724.693359 24919.453125
v 26488.876953 23630.652344 24979.478516
v 26561.693359 23730.300781 24923.367188
v 26708.728516 23703.609375 24960.119141
v 25998.511719 23735.355469 24996.164062
v 26688.693359 23752.115234 24923.091797
v 26811.933594 23797.570312 24905.904297
v 28223.039062 23782.304688 24944.386719
v 27825.214844 23871.162109 24974.402344
v 25461.591797 24076.279297 24980.119141
v 25359.384766 24099.414062 24998.585938
v 25153.853516 24196.783203 24955.117188
v 25886.085938 20195.941406 24960.164062
v 26060.683594 20254.927734 24941.732422
v 27034.054688 20270.554688 25052.386719
v 27096.660156 20293.310547 25091.445312
v 27499.871094 20235.050781 24921.699219
v 26627.529297 20256.923828 24985.998047
v 26414.984375 20317.578125 24993.636719
v 26118.527344 20311.513672 24993.195312
v 24896.925781 20373.523438 24952.277344
v 24590.236328 20537.101562 24976.998047
v 24528.386719 20594.886719 25018.197266
v 28004.687500 20498.294922 24949.406250
v 28126.628906 20604.583984 24988.259766
v 24324.314453 20717.464844 24999.300781
v 24186.710938 20869.384766 25026.208984
v 28560.794922 21261.244141 24920.812500
v 23805.105469 21545.789062 24943.982422
v 23826.835938 21934.468750 25012.238281
v 23791.482422 22153.564453 24942.474609
v 28484.519531 22531.503906 25021.607422
v 23877.515625 22865.304688 25000.746094
v 28462.501953 23231.994141 24911.519531
v 24228.796875 23342.400391 25064.361328
v 24270.328125 23595.814453 24947.062500
v 26224.296875 23660.222656 24971.644531
v 26280.294922 23589.746094 25000.273438
v 26348.533203 23648.718750 24966.183594
v 26770.560547 23642.960938 25006.751953
v 25916.080078 23840.421875 24957.703125
v 28292.318359 23649.896484 25004.660156
v 28156.460938 23813.265625 24970.248047
v 27422.445312 23868.457031 24964.949219
v 28060.232422 23823.808594 24984.650391
v 27476.324219 23912.675781 24917.212891
v 24573.888672 24055.603516 24957.917969
v 24731.039062 24083.513672 25032.773438
v 24809.460938 24121.144531 25022.384766
v 24924.083984 24113.218750 25050.875000
v 24876.482422 24183.234375 24971.552734
v 25774.812500 20188.572266 24979.333984
v 27318.142578 20278.101562 25057.316406
v 26867.796875 20274.392578 25043.048828
v 27213.146484 20219.712891 24980.669922
v 25285.179688 20230.546875 24925.943359
v 25008.433594 20359.109375 25015.164062
v 27757.404297 20351.714844 24938.896484
v 24796.669922 20455.494141 25019.582031
v 27913.740234 20446.171875 24964.271484
v 24502.875000 20649.003906 25082.962891
v 28185.818359 20650.722656 24981.433594
v 28238.003906 20760.154297 25044.957031
v 24310.718750 20768.580078 25064.697266
v 28368.375000 20878.191406 24986.164062
v 24002.992188 21002.939453 24920.070312
v 28456.230469 21033.597656 24980.888672
v 28506.984375 21150.486328 24978.238281
v 28469.093750 21171.974609 25095.089844
v 23956.419922 21254.457031 25075.826172
v 23825.513672 21797.107422 25014.824219
v 23825.755859 22636.554688 25018.396484
v 24041.558594 23032.705078 25111.746094
v 28437.921875 23100.669922 24984.591797
v 24171.556641 23234.957031 25085.699219
v 26334.171875 23456.824219 25047.324219
v 24293.761719 23435.546875 25072.859375
v 26189.105469 23544.312500 25034.191406
v 26384.406250 23558.082031 25010.189453
v 26505.351562 23534.056641 25024.724609
v 24335.011719 23685.777344 24982.148438
v 28344.355469 23519.044922 24991.152344
v 26105.679688 23610.634766 25028.472656
v 26616.701172 23548.824219 25031.216797
v 26594.349609 23620.191406 24993.972656
v 26889.429688 23698.093750 24995.296875
v 24423.250000 23796.054688 25023.666016
v 25884.683594 23730.703125 25061.935547
v 26896.550781 23758.691406 24954.960938
v 27874.189453 23837.287109 25017.736328
v 24489.021484 23870.232422 25046.546875
v 25337.458984 23941.050781 25164.769531
v 27416.621094 20270.109375 25017.775391
v 25645.439453 20198.972656 24980.486328
v 27611.037109 20307.878906 24973.617188
v 25107.029297 20338.337891 25047.597656
v 24822.537109 20474.251953 25074.841797
v 24645.994141 20558.226562 25067.085938
v 26255.337891 20438.279297 25101.095703
v 26170.867188 20449.539062 25128.724609
v 28060.398438 20600.308594 25040.781250
v 28306.650391 20797.533203 24994.800781
v 24122.208984 20974.539062 25058.212891
v 28412.597656 20968.285156 25004.486328
v 28432.111328 21082.871094 25088.832031
v 28561.472656 21555.677734 25056.609375
v 23827.742188 22246.066406 25017.580078
v 28414.947266 22591.960938 25131.921875
v 26257.595703 22891.488281 25165.458984
v 26171.671875 23053.421875 25160.431641
v 26326.296875 22976.777344 25150.025391
v 26397.951172 23074.234375 25135.320312
v 28439.371094 22852.667969 25032.746094
v 26220.460938 22995.933594 25155.412109
v 26258.998047 23139.990234 25126.761719
v 26332.916016 23164.115234 25117.591797
v 26167.646484 23263.949219 25123.130859
v 26207.195312 23191.544922 25126.523438
v 26287.429688 23287.607422 25095.611328
v 26201.714844 23330.259766 25099.156250
v 26381.382812 23282.951172 25093.294922
v 26427.779297 23212.001953 25110.394531
v 26243.253906 23448.177734 25059.404297
v 26322.763672 23376.421875 25070.841797
v 28392.949219 23387.425781 24969.828125
v 26168.187500 23424.453125 25081.500000
v 26433.777344 23413.291016 25061.875000
v 26468.521484 23332.730469 25086.263672
v 26118.080078 23498.828125 25072.324219
v 26514.728516 23467.746094 25050.312500
v 26035.007812 23559.574219 25081.710938
v 26730.054688 23558.236328 25044.076172
v 25883.556641 23633.982422 25133.968750
v 26864.279297 23597.609375 25049.279297
v 25993.078125 23656.529297 25051.238281
v 24433.367188 23685.130859 25097.091797
v 27058.851562 23721.884766 25017.261719
v 28237.765625 23657.011719 25069.638672
v 28233.960938 23725.429688 25014.720703
v 27403.748047 23805.078125 25026.923828
v 28147.880859 23782.785156 25011.425781
v 27673.046875 23818.238281 25049.259766
v 27765.666016 23797.763672 25088.685547
v 28024.421875 23800.832031 25031.707031
v 25637.470703 23903.552734 25067.558594
v 25743.562500 23889.929688 25016.765625
v 24581.593750 23983.615234 25036.470703
v 25460.892578 23887.539062 25175.798828
v 24660.894531 24119.744141 24965.175781
v 25034.074219 24167.195312 25001.283203
v 25020.970703 24077.939453 25088.769531
v 25217.041016 24078.109375 25064.037109
v 25947.552734 20285.380859 25062.277344
v 25661.367188 20262.560547 25079.708984
v 25256.857422 20271.654297 24996.044922
v 25451.091797 20291.896484 25105.017578
v 26627.509766 20317.453125 25050.373047
v 26106.603516 20363.884766 25066.015625
v 27711.437500 20405.500000 25052.080078
v 26097.357422 20470.796875 25178.656250
v 26226.554688 20553.279297 25202.876953
v 28168.367188 20713.634766 25076.539062
v 28349.291016 20978.390625 25131.601562
v 24034.298828 21121.560547 25090.923828
v 28501.310547 21239.820312 25072.037109
v 23933.992188 21350.250000 25084.941406
v 23898.994141 21471.802734 25077.207031
v 28530.138672 21353.855469 25064.982422
v 28534.371094 21512.980469 25121.314453
v 23862.175781 22088.099609 25068.103516
v 28476.138672 22156.832031 25143.736328
v 23850.601562 22380.070312 25074.519531
v 23837.205078 22581.769531 25053.882812
v 28451.904297 22587.187500 25071.281250
v 26220.642578 22762.324219 25183.912109
v 26334.523438 22856.660156 25173.929688
v 23892.580078 22822.878906 25059.830078
v 26142.400391 22956.248047 25188.013672
v 28441.699219 23022.371094 24991.125000
v 26131.296875 23129.250000 25162.621094
v 26114.107422 23287.691406 25137.822266
v 26487.730469 23185.193359 25122.134766
v 26079.666016 23440.644531 25109.814453
v 26560.560547 23314.414062 25102.855469
v 26602.050781 23411.505859 25081.351562
v 24364.416016 23530.431641 25097.492188
v 26665.757812 23479.236328 25066.599609
v 28329.470703 23450.642578 25046.736328
v 26024.281250 23466.562500 25129.019531
v 26890.144531 23523.714844 25091.638672
v 26986.083984 23637.343750 25053.843750
v 25914.117188 23661.355469 25093.697266
v 25805.179688 23795.224609 25061.748047
v 27481.164062 23740.841797 25096.089844
v 27988.681641 23769.673828 25081.660156
v 25393.406250 23959.392578 25128.974609
v 24949.667969 23991.164062 25170.740234
v 25107.181641 24059.921875 25099.933594
v 25796.640625 20216.308594 25027.062500
v 27348.107422 20328.998047 25129.869141
v 27481.734375 20298.992188 25035.525391
v 25354.107422 20284.136719 25061.933594
v 27165.308594 20263.328125 25049.962891
v 26454.052734 20367.710938 25060.052734
v 26751.601562 20312.441406 25066.953125
v 25192.755859 20323.898438 25074.498047
v 27538.935547 20350.972656 25080.798828
v 25013.603516 20410.626953 25118.167969
v 26328.953125 20400.568359 25065.859375
v 24640.474609 20600.017578 25123.847656
v 27974.156250 20555.636719 25051.796875
v 28021.699219 20659.056641 25136.917969
v 23935.599609 21682.294922 25153.720703
v 23920.621094 22152.994141 25157.978516
v 28532.771484 22018.662109 25031.453125
v 23875.205078 22208.943359 25097.083984
v 28462.222656 22320.316406 25121.574219
v 28399.421875 22776.792969 25108.644531
v 26181.253906 22858.435547 25185.658203
v 26088.027344 23029.675781 25205.261719
v 26454.636719 22970.271484 25163.423828
v 28400.794922 23256.498047 25009.732422
v 24313.699219 23248.416016 25239.332031
v 26051.244141 23351.138672 25154.857422
v 26837.128906 23438.628906 25117.574219
v 28267.832031 23577.273438 25072.669922
v 27091.210938 23644.126953 25074.009766
v 27220.138672 23699.042969 25068.560547
v 27365.849609 23729.164062 25081.611328
v 27546.996094 23801.792969 25050.886719
v 27686.121094 23755.693359 25123.740234
v 25605.384766 23805.734375 25175.189453
v 24679.800781 23982.300781 25106.332031
v 25542.160156 23907.789062 25114.396484
v 25861.859375 20272.144531 25081.935547
v 25271.496094 20314.175781 25095.851562
v 25557.126953 20304.419922 25140.501953
v 26866.177734 20332.417969 25111.302734
v 25704.695312 20305.806641 25139.464844
v 26737.031250 20383.791016 25134.568359
v 26999.406250 20328.822266 25117.826172
v 27149.531250 20376.589844 25180.914062
v 25105.156250 20416.281250 25206.027344
v 26470.808594 20440.722656 25131.429688
v 27466.542969 20429.494141 25207.880859
v 24931.369141 20479.753906 25169.111328
v 27758.978516 20462.388672 25092.841797
v 27864.810547 20496.742188 25062.625000
v 26291.142578 20578.771484 25215.902344
v 24423.207031 20726.580078 25115.250000
v 28091.810547 20770.935547 25199.167969
v 28128.753906 20700.675781 25103.117188
v 24304.298828 20796.599609 25088.828125
v 28304.171875 20926.634766 25146.193359
v 24127.755859 21057.861328 25144.453125
v 28522.554688 21641.628906 25187.914062
v 28572.945312 21631.611328 25033.457031
v 23881.345703 21695.509766 25086.017578
v 28560.517578 21741.166016 25071.701172
v 23924.240234 22397.513672 25189.931641
v 28415.585938 22321.779297 25212.128906
v 28440.576172 22464.580078 25125.375000
v 26179.539062 22710.574219 25213.714844
v 28359.712891 22722.353516 25169.421875
v 23899.644531 22603.060547 25151.400391
v 23945.599609 22950.037109 25050.201172
v 28383.296875 22967.300781 25089.392578
v 26068.496094 23204.101562 25181.763672
v 28364.316406 23206.082031 25075.863281
v 24323.093750 23346.316406 25169.054688
v 28298.371094 23327.859375 25126.128906
v 27024.121094 23516.015625 25124.486328
v 28293.900391 23448.453125 25093.634766
v 24469.636719 23784.177734 25082.251953
v 27628.724609 23732.558594 25134.244141
v 28086.748047 23744.357422 25080.902344
v 27820.843750 23782.427734 25100.119141
v 25044.269531 23965.636719 25196.589844
v 25379.878906 20321.650391 25155.117188
v 27202.562500 20355.841797 25162.101562
v 25176.330078 20377.335938 25186.431641
v 25468.976562 20332.349609 25191.033203
v 25592.916016 20330.248047 25182.251953
v 25719.220703 20346.126953 25190.005859
v 25989.218750 20408.617188 25182.078125
v 27365.736328 20360.902344 25166.830078
v 27574.003906 20457.033203 25190.078125
v 26368.996094 20467.388672 25134.355469
v 24590.308594 20660.359375 25167.257812
v 26142.802734 20547.886719 25219.386719
v 24326.888672 20831.476562 25141.171875
v 28226.451172 20858.781250 25162.679688
v 24209.589844 20929.234375 25118.132812
v 28485.517578 21446.871094 25216.990234
v 28539.076172 21875.398438 25096.810547
v 28500.429688 22085.087891 25105.548828
v 23911.593750 22033.681641 25137.974609
v 23877.185547 22493.375000 25120.492188
v 26237.785156 22714.310547 25197.945312
v 26339.308594 22733.970703 25201.869141
v 23943.500000 22754.136719 25161.875000
v 26659.011719 22856.419922 25253.919922
v 26687.998047 23002.458984 25216.517578
v 28335.273438 22883.132812 25161.892578
v 28323.507812 22971.267578 25163.076172
v 26656.898438 23202.134766 25153.339844
v 28323.535156 23335.498047 25094.839844
v 27004.628906 23189.582031 25241.537109
v 26969.195312 23319.269531 25191.271484
v 26776.988281 23329.380859 25143.902344
v 28227.355469 23447.222656 25158.052734
v 24430.335938 23508.761719 25181.738281
v 27125.226562 23545.480469 25135.566406
v 27306.333984 23637.136719 25128.595703
v 28217.455078 23623.449219 25109.000000
v 25768.498047 23663.460938 25186.027344
v 27503.943359 23679.726562 25149.890625
v 28162.484375 23689.076172 25097.289062
v 27779.054688 23751.031250 25135.642578
v 27966.462891 23670.068359 25185.492188
v 27952.490234 23722.740234 25142.710938
v 25709.632812 23741.244141 25165.873047
v 24572.720703 23899.683594 25101.171875
v 24772.187500 23996.937500 25130.425781
v 25153.089844 23942.304688 25205.433594
v 25546.326172 20363.675781 25241.867188
v 26997.103516 20419.902344 25205.382812
v 27374.080078 20470.593750 25259.273438
v 26668.148438 20442.251953 25171.669922
v 26535.859375 20400.876953 25112.496094
v 25039.806641 20499.759766 25271.958984
v 27502.630859 20503.314453 25265.683594
v 26363.281250 20568.554688 25211.445312
v 27825.570312 20622.035156 25221.320312
v 26185.369141 20661.849609 25274.759766
v 27944.933594 20656.224609 25185.423828
v 28329.234375 21014.830078 25197.757812
v 24185.753906 21033.861328 25185.365234
v 24080.076172 21191.833984 25195.820312
v 28395.031250 21098.128906 25167.873047
v 24015.830078 21268.314453 25164.367188
v 26089.185547 21336.740234 25328.662109
v 23987.777344 21618.667969 25212.089844
v 28500.531250 21595.863281 25231.289062
v 28512.990234 21749.093750 25216.992188
v 23972.677734 21830.242188 25200.042969
v 23897.171875 21892.761719 25112.773438
v 28495.429688 21872.871094 25218.359375
v 23964.398438 22171.595703 25217.470703
v 26182.855469 22184.269531 25314.355469
v 26203.195312 22350.544922 25301.796875
v 28382.023438 22471.154297 25213.664062
v 26227.544922 22569.373047 25251.375000
v 26121.066406 22674.052734 25260.451172
v 28350.357422 22528.158203 25234.931641
v 26486.771484 22753.095703 25236.589844
v 28295.251953 22805.968750 25214.009766
v 26447.273438 22859.855469 25191.652344
v 23988.929688 22852.908203 25180.783203
v 28270.542969 22930.041016 25213.802734
v 25997.984375 22967.257812 25277.619141
v 26929.837891 22910.005859 25304.667969
v 24165.939453 23064.449219 25241.171875
v 28305.214844 23151.767578 25152.513672
v 27141.947266 23297.671875 25242.578125
v 25895.554688 23364.470703 25246.310547
v 27154.367188 23473.535156 25178.085938
v 28178.785156 23610.625000 25141.603516
v 27208.312500 23586.464844 25134.445312
v 28103.070312 23649.585938 25153.529297
v 27879.328125 23698.861328 25177.554688
v 24621.732422 23800.732422 25203.830078
v 24857.808594 24009.570312 25141.316406
v 25289.804688 23887.822266 25221.583984
v 25418.812500 20358.060547 25261.978516
v 25928.562500 20372.718750 25171.412109
v 25729.814453 20389.607422 25241.605469
v 26490.697266 20482.595703 25168.802734
v 24778.744141 20577.812500 25193.751953
v 27780.287109 20558.714844 25184.625000
v 26060.632812 20549.751953 25256.326172
v 24722.318359 20655.089844 25246.880859
v 26152.308594 20619.568359 25262.251953
v 26349.046875 20639.134766 25250.675781
v 26259.015625 20668.281250 25266.775391
v 28144.923828 20821.095703 25205.617188
v 28249.515625 20981.468750 25259.218750
v 26142.966797 21278.347656 25325.591797
v 28405.277344 21239.476562 25248.285156
v 28430.476562 21360.757812 25263.882812
v 26091.996094 21446.125000 25320.402344
v 23957.744141 21538.460938 25168.148438
v 26033.404297 21517.222656 25348.035156
v 26093.560547 21549.552734 25306.541016
v 24050.046875 21740.433594 25279.142578
v 26122.312500 21657.863281 25318.031250
v 23989.582031 21981.056641 25228.234375
v 28488.955078 21987.449219 25185.625000
v 26218.859375 22194.644531 25306.484375
v 26151.691406 22283.013672 25320.224609
v 28446.808594 22185.439453 25200.558594
v 26296.605469 22269.625000 25304.318359
v 26254.525391 22350.568359 25296.556641
v 26322.761719 22375.408203 25297.275391
v 26216.240234 22462.250000 25280.613281
v 26302.017578 22453.876953 25281.640625
v 26281.662109 22538.958984 25258.179688
v 23938.466797 22465.798828 25209.298828
v 26169.187500 22545.193359 25275.351562
v 26336.072266 22544.949219 25263.089844
v 28305.478516 22495.273438 25286.960938
v 23995.742188 22611.076172 25262.226562
v 28314.878906 22704.791016 25219.875000
v 26093.050781 22815.757812 25239.738281
v 28202.044922 22832.423828 25267.986328
v 28252.757812 22841.062500 25240.183594
v 24052.414062 22950.300781 25197.144531
v 28212.455078 22972.355469 25246.093750
v 27062.402344 23092.263672 25280.955078
v 27036.224609 22946.064453 25315.251953
v 28265.798828 23092.980469 25196.630859
v 25879.472656 23225.505859 25297.876953
v 28263.044922 23290.812500 25166.160156
v 28198.500000 23275.898438 25217.376953
v 24437.908203 23346.376953 25290.238281
v 28125.679688 23388.976562 25243.144531
v 27003.748047 23400.492188 25170.060547
v 28192.460938 23397.117188 25201.695312
v 24518.556641 23517.275391 25264.222656
v 27291.902344 23482.939453 25209.310547
v 28058.527344 23443.457031 25256.205078
v 25878.003906 23481.726562 25213.134766
v 28102.222656 23513.212891 25221.355469
v 27477.734375 23568.892578 25211.914062
v 25842.726562 23564.630859 25198.091797
v 27539.974609 23622.125000 25193.644531
v 28032.115234 23619.156250 25196.521484
v 27673.859375 23663.689453 25189.976562
v 27870.646484 23609.537109 25232.363281
v 27724.652344 23706.984375 25166.003906
v 24550.175781 23718.570312 25197.875000
v 24658.240234 23901.521484 25167.613281
v 25070.496094 23890.160156 25270.083984
v 25340.046875 20366.392578 25260.718750
v 25900.785156 20478.617188 25282.777344
v 27289.087891 20406.263672 25212.173828
v 26648.664062 20510.677734 25217.800781
v 26817.181641 20440.794922 25200.515625
v 26948.181641 20467.796875 25240.355469
v 26986.064453 20513.552734 25275.345703
v 26494.628906 20546.101562 25213.130859
v 26493.062500 20610.666016 25250.582031
v 27530.085938 20537.457031 25279.669922
v 27690.533203 20577.648438 25249.078125
v 27864.207031 20672.908203 25248.546875
v 26307.726562 20723.099609 25286.435547
v 26207.123047 20723.125000 25295.062500
v 27986.005859 20767.005859 25260.455078
v 26223.212891 20789.402344 25311.478516
v 24484.423828 20811.763672 25246.527344
v 24350.798828 20899.869141 25219.316406
v 28281.908203 21062.443359 25284.488281
v 26080.716797 21229.136719 25338.048828
v 26042.515625 21106.005859 25361.462891
v 26202.404297 21194.984375 25326.357422
v 24234.339844 21004.056641 25207.576172
v 26171.220703 21051.951172 25335.589844
v 24010.931641 21350.986328 25188.978516
v 26169.111328 21352.269531 25322.250000
v 26225.140625 21375.669922 25325.378906
v 28456.896484 21505.478516 25281.250000
v 26222.656250 21624.343750 25320.140625
v 26190.615234 21688.751953 25317.242188
v 26168.398438 21786.929688 25322.005859
v 28483.867188 21798.984375 25267.787109
v 26215.845703 21920.736328 25319.556641
v 26125.443359 21797.804688 25332.199219
v 26242.169922 21822.248047 25319.652344
v 24064.851562 21906.656250 25302.351562
v 26188.425781 21997.621094 25322.492188
v 26275.968750 21983.259766 25317.449219
v 26122.332031 22018.421875 25342.171875
v 26157.396484 22106.144531 25326.728516
v 26065.574219 22124.521484 25371.285156
v 26253.271484 22124.462891 25309.544922
v 28413.367188 22177.808594 25264.578125
v 24005.701172 22348.500000 25283.724609
v 28369.476562 22317.986328 25273.656250
v 26145.089844 22391.314453 25314.962891
v 26446.191406 22605.998047 25271.373047
v 26093.099609 22579.224609 25307.025391
v 28258.832031 22731.248047 25255.611328
v 23976.582031 22693.191406 25222.853516
v 28119.822266 22783.753906 25307.781250
v 28011.697266 22877.474609 25318.451172
v 24029.494141 22792.765625 25258.662109
v 26827.304688 22990.187500 25256.097656
v 27857.808594 23050.535156 25321.568359
v 27952.078125 22972.492188 25318.240234
v 28144.449219 22894.757812 25283.023438
v 28059.937500 22942.898438 25303.351562
v 28084.191406 23079.972656 25294.527344
v 28138.921875 23045.785156 25275.851562
v 27193.402344 23055.285156 25315.062500
v 27932.244141 23102.896484 25315.564453
v 26001.894531 23055.191406 25256.306641
v 27743.203125 23150.425781 25318.984375
v 27175.917969 23228.632812 25269.894531
v 28081.830078 23167.255859 25293.539062
v 28177.369141 23178.035156 25243.843750
v 27981.111328 23190.835938 25314.314453
v 28128.119141 23298.195312 25253.416016
v 27579.037109 23227.445312 25316.599609
v 28011.623047 23301.179688 25289.582031
v 28059.990234 23286.468750 25280.419922
v 27219.398438 23391.736328 25229.152344
v 27906.724609 23212.542969 25307.527344
v 27952.248047 23423.023438 25279.128906
v 25762.207031 23368.804688 25321.054688
v 25770.978516 23465.810547 25281.199219
v 27762.378906 23398.050781 25293.968750
v 27896.439453 23441.976562 25282.037109
v 27568.171875 23560.324219 25228.615234
v 28069.169922 23554.470703 25218.410156
v 27955.517578 23632.099609 25211.095703
v 25705.982422 23626.572266 25240.412109
v 25609.515625 23700.333984 25246.777344
v 25501.347656 23794.080078 25231.197266
v 25515.208984 23666.724609 25301.449219
v 24755.378906 23920.367188 25193.623047
v 24865.951172 23903.046875 25239.636719
v 24962.042969 23927.443359 25231.332031
v 25386.175781 23824.560547 25246.326172
v 25242.693359 20400.408203 25269.458984
v 25808.550781 20396.572266 25230.222656
v 25822.113281 20458.757812 25293.078125
v 27106.677734 20456.623047 25242.943359
v 27433.472656 20497.238281 25277.511719
v 25967.273438 20512.109375 25278.707031
v 26816.390625 20535.294922 25267.193359
v 26032.240234 20599.119141 25300.753906
v 26604.177734 20644.044922 25284.000000
v 26667.283203 20574.373047 25259.500000
v 27755.130859 20633.935547 25263.583984
v 24689.419922 20740.994141 25312.359375
v 26093.363281 20684.185547 25312.333984
v 26468.369141 20699.693359 25287.996094
v 26393.343750 20676.423828 25271.837891
v 24534.417969 20763.800781 25240.337891
v 27963.687500 20838.972656 25311.910156
v 26105.677734 20818.119141 25342.609375
v 26319.285156 20811.982422 25312.615234
v 26137.019531 20758.966797 25321.816406
v 26220.691406 20872.195312 25327.505859
v 26287.419922 20873.261719 25324.914062
v 28107.779297 20864.246094 25265.095703
v 24555.490234 20842.830078 25319.835938
v 26104.158203 20910.265625 25351.138672
v 28048.070312 20880.220703 25300.826172
v 26155.144531 20898.326172 25339.261719
v 24406.025391 20969.107422 25314.132812
v 26286.929688 20988.128906 25336.001953
v 26100.593750 21010.605469 25350.351562
v 26214.544922 21015.320312 25334.521484
v 28351.416016 21134.089844 25260.638672
v 24171.931641 21159.830078 25252.621094
v 25978.888672 21204.572266 25397.896484
v 24092.753906 21420.771484 25300.257812
v 24121.167969 21474.515625 25341.863281
v 28395.472656 21348.166016 25302.779297
v 26340.640625 21445.628906 25345.183594
v 28415.916016 21508.992188 25328.001953
v 26272.884766 21447.878906 25331.232422
v 28464.591797 21693.154297 25315.742188
v 26067.177734 21652.863281 25337.789062
v 26073.003906 21757.718750 25348.228516
v 26073.845703 21900.810547 25359.771484
v 25999.218750 21876.281250 25399.621094
v 26085.185547 22285.345703 25355.578125
v 28276.746094 22412.363281 25330.365234
v 28310.896484 22319.845703 25331.669922
v 26103.679688 22440.998047 25328.556641
v 24004.185547 22455.488281 25285.425781
v 26385.294922 22505.548828 25283.257812
v 24001.759766 22526.138672 25282.896484
v 26021.382812 22559.585938 25363.748047
v 28220.287109 22610.523438 25306.556641
v 26044.244141 22706.244141 25308.390625
v 26630.218750 22653.171875 25313.462891
v 24093.189453 22766.832031 25336.062500
v 27861.375000 22931.884766 25332.656250
v 24106.855469 22853.755859 25320.232422
v 27711.025391 22947.314453 25344.376953
v 27192.623047 22943.142578 25341.099609
v 24124.289062 22955.667969 25282.333984
v 25912.369141 22993.939453 25333.406250
v 28019.382812 23053.419922 25308.347656
v 28033.826172 23174.533203 25315.472656
v 24437.773438 23259.513672 25357.744141
v 27411.773438 23220.699219 25309.677734
v 27333.466797 23299.835938 25281.906250
v 27511.175781 23261.224609 25310.410156
v 24549.642578 23409.296875 25351.062500
v 27373.669922 23381.037109 25264.683594
v 27446.767578 23477.779297 25244.353516
v 27544.320312 23449.095703 25268.191406
v 27522.892578 23372.978516 25288.009766
v 27659.115234 23400.642578 25292.453125
v 27797.982422 23477.746094 25276.654297
v 27710.525391 23515.464844 25260.759766
v 24682.392578 23604.498047 25351.138672
v 27829.833984 23577.603516 25245.869141
v 27887.359375 23541.439453 25256.033203
v 27995.667969 23524.125000 25249.257812
v 24597.855469 23606.625000 25289.214844
v 24667.800781 23714.761719 25286.101562
v 25429.800781 23738.890625 25288.179688
v 24685.148438 23827.791016 25227.515625
v 25310.781250 23759.863281 25308.000000
v 25039.296875 23878.583984 25284.474609
v 25339.562500 20410.226562 25323.519531
v 25503.281250 20406.789062 25311.218750
v 25138.765625 20452.724609 25285.994141
v 25803.458984 20552.634766 25396.439453
v 25037.730469 20550.734375 25321.687500
v 27196.060547 20495.421875 25272.845703
v 27283.195312 20548.062500 25299.093750
v 27026.074219 20600.726562 25314.410156
v 27670.384766 20637.550781 25296.535156
v 24927.275391 20654.554688 25358.285156
v 26010.150391 20672.931641 25345.527344
v 26740.171875 20643.179688 25303.257812
v 27443.421875 20661.218750 25339.380859
v 27587.789062 20706.845703 25340.218750
v 27876.949219 20734.486328 25283.150391
v 26658.525391 20702.173828 25316.199219
v 27774.359375 20802.644531 25338.736328
v 27806.406250 20743.369141 25308.779297
v 24754.378906 20738.535156 25346.564453
v 26069.703125 20755.302734 25344.009766
v 25967.742188 20747.378906 25393.492188
v 26404.078125 20775.693359 25307.025391
v 27378.599609 20771.390625 25378.949219
v 26049.683594 20844.283203 25366.488281
v 27707.304688 20834.470703 25359.031250
v 26389.587891 20874.550781 25329.681641
v 27390.546875 20931.009766 25410.535156
v 27581.878906 20841.130859 25375.466797
v 26017.583984 20950.615234 25383.896484
v 27892.859375 20844.164062 25330.898438
v 28144.435547 21024.919922 25340.326172
v 28197.191406 21044.638672 25327.173828
v 28002.105469 20922.271484 25336.394531
v 24295.511719 21055.835938 25286.480469
v 24126.218750 21299.716797 25291.544922
v 26283.458984 21105.392578 25338.033203
v 28447.871094 21651.705078 25326.666016
v 25979.558594 21745.025391 25404.830078
v 26337.271484 21700.738281 25339.855469
v 26411.021484 21999.691406 25347.525391
v 26306.394531 21860.531250 25327.318359
v 28446.220703 21965.025391 25291.910156
v 24098.146484 22034.632812 25349.144531
v 26428.105469 22145.521484 25343.464844
v 28356.886719 22233.435547 25319.601562
v 26352.386719 22197.777344 25320.904297
v 28340.353516 22162.951172 25369.394531
v 28222.234375 22414.269531 25361.251953
v 26043.496094 22355.990234 25377.371094
v 26402.644531 22376.462891 25312.308594
v 26051.843750 22469.001953 25357.839844
v 24061.177734 22535.572266 25338.191406
v 26463.361328 22489.433594 25307.007812
v 28158.712891 22519.783203 25359.062500
v 28136.814453 22664.017578 25328.925781
v 28011.859375 22727.466797 25347.707031
v 27893.761719 22721.789062 25372.078125
v 26756.654297 22655.361328 25345.785156
v 26791.976562 22790.224609 25311.207031
v 27654.455078 22782.361328 25387.390625
v 27753.775391 22818.462891 25367.185547
v 27591.058594 22846.285156 25375.146484
v 27489.044922 22908.154297 25365.414062
v 27876.574219 22839.873047 25346.003906
v 27339.873047 22999.013672 25342.322266
v 27555.816406 22967.753906 25350.945312
v 27550.279297 23067.111328 25336.449219
v 27445.500000 22992.273438 25348.242188
v 25862.033203 23073.185547 25346.552734
v 25680.072266 23555.371094 25287.724609
v 25372.576172 23616.103516 25371.453125
v 25253.957031 23742.986328 25331.283203
v 24751.625000 23761.767578 25303.404297
v 25110.847656 23818.158203 25307.937500
v 25235.248047 23830.677734 25277.144531
v 25419.238281 20438.119141 25354.535156
v 25651.966797 20448.216797 25328.916016
v 25206.208984 20459.017578 25330.957031
v 25874.941406 20568.878906 25374.341797
v 25908.753906 20617.136719 25382.050781
v 27185.626953 20589.921875 25315.689453
v 27350.871094 20599.806641 25320.650391
v 27498.775391 20613.683594 25318.099609
v 27646.603516 20665.373047 25316.242188
v 27235.078125 20653.751953 25340.685547
v 27331.625000 20706.767578 25358.904297
v 24891.728516 20602.078125 25291.273438
v 26878.912109 20675.986328 25332.988281
v 26958.205078 20730.525391 25358.865234
v 27143.226562 20677.353516 25348.009766
v 26556.468750 20748.623047 25317.705078
v 26786.890625 20773.683594 25357.869141
v 26540.863281 20831.330078 25338.906250
v 26974.539062 20826.457031 25387.888672
v 26500.671875 20910.265625 25349.443359
v 26765.503906 20851.480469 25377.513672
v 26590.417969 20933.207031 25369.005859
v 26465.111328 20995.060547 25355.875000
v 26692.441406 21013.568359 25397.351562
v 26367.201172 20975.005859 25340.865234
v 27570.867188 21000.849609 25414.660156
v 27715.289062 20947.539062 25388.519531
v 26351.865234 21092.337891 25346.632812
v 26447.294922 21138.431641 25363.955078
v 25944.933594 20965.050781 25426.470703
v 27967.552734 20975.531250 25363.449219
v 26559.287109 21132.078125 25385.857422
v 28314.556641 21194.197266 25320.501953
v 24363.810547 21064.029297 25339.152344
v 28054.482422 21093.421875 25392.019531
v 26328.458984 21231.726562 25344.429688
v 27892.324219 21020.974609 25390.771484
v 26026.103516 21378.054688 25356.152344
v 26506.261719 21346.593750 25383.066406
v 28347.033203 21311.296875 25338.544922
v 24150.431641 21446.914062 25358.929688
v 26411.599609 21285.828125 25361.375000
v 28361.595703 21397.259766 25349.355469
v 24104.443359 21568.259766 25329.636719
v 26001.638672 21600.626953 25378.029297
v 26446.820312 21556.195312 25369.365234
v 28376.398438 21593.275391 25375.402344
v 25920.347656 21615.605469 25440.650391
v 26584.761719 21929.980469 25400.615234
v 26416.144531 21833.679688 25355.966797
v 24158.369141 21829.125000 25384.544922
v 28449.867188 21885.210938 25305.082031
v 26604.357422 22108.218750 25398.523438
v 24116.529297 22196.195312 25379.578125
v 26006.699219 22116.085938 25407.199219
v 28320.050781 22075.537109 25433.015625
v 26545.445312 22187.449219 25374.691406
v 26473.521484 22262.617188 25344.664062
v 24054.978516 22174.427734 25320.792969
v 26668.359375 22257.136719 25403.044922
v 28264.693359 22291.753906 25377.093750
v 28169.580078 22378.386719 25398.359375
v 24091.076172 22399.380859 25368.365234
v 26791.867188 22409.392578 25411.941406
v 26001.314453 22404.750000 25406.183594
v 26518.009766 22369.447266 25343.628906
v 26594.625000 22556.576172 25329.833984
v 24107.859375 22662.558594 25371.347656
v 25968.636719 22695.992188 25372.708984
v 24061.226562 22692.687500 25320.464844
v 27871.433594 22642.328125 25400.949219
v 27119.474609 22806.666016 25370.755859
v 27248.582031 22831.083984 25377.142578
v 27456.763672 22826.812500 25385.494141
v 25863.962891 22861.320312 25407.083984
v 27364.804688 22905.167969 25364.718750
v 27345.160156 22808.201172 25389.458984
v 25814.300781 23027.542969 25390.167969
v 25749.171875 23237.427734 25365.451172
v 24584.121094 23479.767578 25340.507812
v 25670.767578 23424.300781 25344.939453
v 25553.701172 23581.785156 25329.029297
v 24738.208984 23652.791016 25356.500000
v 24778.849609 23802.371094 25289.986328
v 24852.757812 23843.419922 25284.351562
v 24927.498047 23784.085938 25330.701172
v 25263.314453 20496.621094 25377.990234
v 25416.185547 20515.585938 25417.519531
v 25600.820312 20501.341797 25392.562500
v 25863.867188 20671.748047 25433.095703
v 25034.261719 20624.820312 25382.878906
v 27050.087891 20809.658203 25388.863281
v 25984.041016 20872.824219 25400.699219
v 26871.587891 20958.273438 25408.947266
v 27246.894531 20817.748047 25393.238281
v 26811.466797 20914.734375 25395.707031
v 24658.429688 20832.066406 25370.363281
v 27052.656250 21037.517578 25434.505859
v 26846.054688 21090.099609 25422.683594
v 26625.142578 21081.708984 25393.648438
v 26815.353516 21184.818359 25428.466797
v 27598.812500 21113.447266 25445.046875
v 28220.335938 21183.951172 25377.857422
v 24347.185547 21211.431641 25396.746094
v 27806.804688 21042.765625 25407.863281
v 28248.068359 21267.009766 25395.730469
v 24222.035156 21202.947266 25312.710938
v 26709.669922 21289.312500 25418.894531
v 26746.259766 21442.576172 25434.230469
v 24186.732422 21293.093750 25332.841797
v 24139.507812 21392.873047 25336.804688
v 28289.906250 21359.921875 25388.519531
v 26638.949219 21333.736328 25408.712891
v 26593.335938 21610.988281 25405.986328
v 28315.861328 21514.398438 25402.943359
v 28265.052734 21490.125000 25426.068359
v 24187.609375 21533.453125 25395.468750
v 28393.431641 21749.744141 25383.246094
v 25895.347656 21748.843750 25461.945312
v 28429.160156 21817.654297 25345.375000
v 28405.037109 21950.609375 25355.580078
v 28380.064453 22065.738281 25362.183594
v 25993.210938 22252.855469 25420.501953
v 28213.007812 22281.707031 25412.439453
v 26803.078125 22292.349609 25430.003906
v 28067.603516 22554.335938 25381.769531
v 26676.207031 22420.521484 25381.181641
v 25984.779297 22465.058594 25413.718750
v 26849.998047 22533.320312 25403.181641
v 27987.919922 22576.332031 25396.765625
v 25946.941406 22588.673828 25421.087891
v 27778.671875 22585.167969 25437.664062
v 27722.742188 22658.138672 25418.597656
v 27627.035156 22690.167969 25417.570312
v 27275.980469 22691.248047 25422.753906
v 27519.765625 22719.654297 25415.093750
v 25943.833984 22835.439453 25352.626953
v 27185.115234 22697.648438 25414.019531
v 25779.748047 22976.078125 25429.214844
v 24162.404297 22906.505859 25351.683594
v 24291.054688 23013.046875 25406.525391
v 24269.611328 23082.685547 25340.333984
v 25759.916016 23153.410156 25384.386719
v 25662.494141 23277.296875 25394.947266
v 24596.744141 23348.425781 25422.593750
v 25572.796875 23380.199219 25398.335938
v 24651.503906 23435.763672 25409.921875
v 25396.503906 23432.792969 25435.382812
v 25442.337891 23531.283203 25386.314453
v 24711.603516 23468.326172 25426.486328
v 25303.830078 23469.167969 25443.796875
v 24813.642578 23641.062500 25386.527344
v 24818.511719 23712.414062 25352.042969
v 25174.984375 23718.312500 25356.347656
v 24895.160156 23716.373047 25363.615234
v 25033.212891 23740.802734 25355.533203
v 25368.660156 20527.390625 25422.791016
v 25572.519531 20577.691406 25461.228516
v 25720.595703 20545.359375 25417.585938
v 25034.128906 20714.562500 25450.933594
v 24889.601562 20744.234375 25411.984375
v 27116.466797 20978.984375 25427.556641
v 24518.105469 21017.878906 25404.695312
v 27189.884766 21129.113281 25453.427734
v 27084.650391 21151.023438 25450.214844
v 24450.824219 21090.765625 25403.537109
v 26997.257812 21186.929688 25446.464844
v 26858.062500 21300.183594 25440.195312
v 28160.222656 21218.781250 25415.501953
v 27932.830078 21198.529297 25450.076172
v 27017.626953 21273.238281 25456.529297
v 26904.033203 21425.171875 25452.017578
v 27057.912109 21397.509766 25471.244141
v 25878.425781 21462.904297 25473.119141
v 24266.699219 21411.416016 25420.925781
v 26870.255859 21572.761719 25452.984375
v 24193.841797 21927.011719 25421.503906
v 26653.724609 21888.255859 25418.371094
v 26867.609375 21745.435547 25456.414062
v 28369.664062 21933.421875 25395.931641
v 26731.263672 21850.328125 25434.619141
v 28261.507812 22165.228516 25434.689453
v 26898.343750 22059.906250 25459.587891
v 24176.386719 22228.056641 25430.056641
v 25954.595703 22156.070312 25444.843750
v 26721.837891 22078.687500 25427.429688
v 26910.441406 22251.113281 25454.646484
v 28114.287109 22344.937500 25434.716797
v 24196.193359 22348.273438 25449.935547
v 25949.822266 22331.388672 25459.673828
v 27986.394531 22390.791016 25464.355469
v 24158.548828 22641.050781 25420.330078
v 27895.265625 22541.560547 25433.080078
v 25893.160156 22580.234375 25470.964844
v 26928.589844 22560.841797 25412.669922
v 25848.537109 22721.892578 25464.251953
v 26873.710938 22633.468750 25379.492188
v 26969.958984 22706.361328 25376.507812
v 27119.029297 22589.982422 25440.490234
v 27381.785156 22558.941406 25469.923828
v 27435.369141 22629.148438 25447.396484
v 27091.664062 22675.121094 25409.035156
v 24379.980469 23140.777344 25401.585938
v 25566.876953 23230.726562 25452.197266
v 25491.875000 23411.589844 25415.716797
v 24509.310547 23213.458984 25452.562500
v 25388.742188 23274.941406 25499.484375
v 24768.972656 23481.832031 25442.142578
v 25206.324219 23469.359375 25462.878906
v 25156.943359 23596.232422 25416.326172
v 25280.929688 23614.800781 25390.324219
v 24902.179688 23562.126953 25435.037109
v 25102.835938 23537.923828 25447.458984
v 24994.671875 23626.097656 25409.628906
v 25675.130859 20603.123047 25478.707031
v 25178.767578 20587.343750 25413.453125
v 25791.707031 20758.259766 25497.337891
v 25874.962891 20949.824219 25470.798828
v 24579.710938 20917.429688 25382.072266
v 27267.470703 21038.314453 25438.224609
v 25915.435547 21070.964844 25447.685547
v 24423.710938 21227.533203 25450.845703
v 27188.302734 21278.041016 25473.443359
v 27419.255859 21210.533203 25471.535156
v 27469.042969 21103.810547 25447.599609
v 27692.613281 21242.806641 25478.771484
v 27134.832031 21360.003906 25477.347656
v 28205.832031 21310.248047 25420.343750
v 28046.505859 21282.865234 25456.818359
v 27223.175781 21412.818359 25491.566406
v 27316.146484 21415.410156 25501.060547
v 24294.447266 21331.675781 25413.085938
v 25837.642578 21235.529297 25509.716797
v 28197.445312 21486.917969 25451.679688
v 27066.298828 21553.558594 25481.591797
v 27025.494141 21689.867188 25480.791016
v 27115.652344 21639.962891 25495.474609
v 24194.175781 21636.476562 25413.771484
v 25832.599609 21827.212891 25504.472656
v 27079.851562 21811.990234 25494.185547
v 28339.988281 21723.001953 25421.062500
v 24197.962891 21727.097656 25416.005859
v 26965.929688 21845.103516 25473.714844
v 27107.738281 21951.652344 25501.050781
v 28294.859375 21861.671875 25454.298828
v 24212.617188 22019.363281 25442.781250
v 28327.906250 21946.945312 25433.482422
v 28182.833984 22171.675781 25474.650391
v 25899.535156 22277.050781 25499.304688
v 27028.472656 21984.968750 25483.964844
v 27026.923828 22180.177734 25476.937500
v 24232.660156 22506.257812 25476.792969
v 27053.796875 22306.906250 25472.103516
v 24161.332031 22498.617188 25425.205078
v 26934.300781 22380.466797 25447.556641
v 27132.054688 22385.253906 25476.175781
v 27859.626953 22431.148438 25486.449219
v 27003.968750 22535.591797 25435.667969
v 27281.957031 22421.882812 25494.273438
v 27017.365234 22486.273438 25447.376953
v 27187.001953 22496.203125 25465.681641
v 27552.007812 22576.642578 25462.732422
v 27240.232422 22596.955078 25448.187500
v 25742.933594 22803.669922 25514.734375
v 24266.228516 22854.251953 25465.287109
v 25676.839844 23090.546875 25450.052734
v 25622.207031 23045.894531 25495.722656
v 25452.125000 23082.826172 25558.171875
v 24455.507812 23163.501953 25448.664062
v 24507.220703 23333.888672 25363.197266
v 25260.621094 23381.302734 25489.529297
v 25160.572266 23356.033203 25522.089844
v 24862.246094 23456.699219 25478.441406
v 25005.382812 23446.990234 25496.925781
v 25779.363281 20614.822266 25453.546875
v 25457.185547 20598.298828 25474.945312
v 25152.773438 20723.951172 25498.759766
v 25800.748047 20826.595703 25504.326172
v 24886.197266 20806.402344 25455.066406
v 25050.722656 20797.601562 25512.794922
v 24639.523438 21096.695312 25508.419922
v 24552.398438 21120.339844 25474.759766
v 24485.699219 21315.587891 25519.154297
v 27526.826172 21424.400391 25513.101562
v 27620.597656 21312.419922 25493.140625
v 27859.177734 21283.837891 25476.974609
v 24400.890625 21358.126953 25484.753906
v 27633.632812 21411.089844 25511.419922
v 27772.060547 21405.890625 25506.359375
v 27360.636719 21544.093750 25522.210938
v 27315.814453 21275.175781 25479.513672
v 27593.027344 21511.242188 25531.750000
v 27919.068359 21385.970703 25490.324219
v 27539.197266 21570.478516 25539.908203
v 28032.503906 21409.925781 25479.289062
v 27975.822266 21482.263672 25503.935547
v 27167.259766 21498.273438 25492.931641
v 24269.408203 21510.673828 25444.910156
v 28113.998047 21436.066406 25466.585938
v 24319.212891 21611.031250 25487.378906
v 25701.986328 21670.664062 25581.097656
v 28236.402344 21646.140625 25465.359375
v 28213.859375 21753.228516 25488.507812
v 27205.505859 21788.521484 25519.572266
v 24242.437500 21854.007812 25453.148438
v 25866.691406 22060.322266 25499.939453
v 24293.937500 21933.187500 25492.054688
v 25773.328125 21902.480469 25543.029297
v 28276.466797 22022.277344 25474.876953
v 27240.720703 21967.167969 25533.570312
v 24287.183594 22243.005859 25504.949219
v 28003.226562 22230.945312 25517.117188
v 27103.197266 22121.152344 25495.121094
v 27817.437500 22310.384766 25532.724609
v 27242.248047 22101.498047 25527.734375
v 27261.195312 22230.734375 25519.769531
v 24283.966797 22436.509766 25508.617188
v 25902.384766 22479.363281 25491.464844
v 27679.128906 22559.673828 25460.666016
v 24341.347656 22590.343750 25544.941406
v 27323.601562 22486.382812 25486.187500
v 24258.335938 22622.029297 25493.597656
v 24204.667969 22815.193359 25436.324219
v 25678.841797 22787.851562 25559.861328
v 24317.261719 22973.554688 25452.839844
v 25285.785156 23297.025391 25520.236328
v 25572.564453 20662.238281 25527.779297
v 25259.921875 20643.482422 25478.087891
v 25337.707031 20629.154297 25482.648438
v 25753.777344 20690.537109 25495.451172
v 25477.076172 20650.384766 25515.251953
v 25803.949219 20918.607422 25512.925781
v 24737.279297 20962.853516 25484.820312
v 25797.521484 21075.734375 25534.355469
v 24561.607422 21194.187500 25515.068359
v 24534.939453 21250.330078 25521.480469
v 24511.406250 21367.792969 25543.539062
v 25811.824219 21431.117188 25521.066406
v 27730.587891 21576.880859 25545.773438
v 25812.595703 21631.066406 25516.269531
v 24413.082031 21429.730469 25509.257812
v 27878.193359 21510.378906 25525.003906
v 24425.136719 21578.125000 25541.972656
v 27501.976562 21696.365234 25556.281250
v 28017.851562 21576.478516 25514.492188
v 28029.726562 21712.492188 25543.566406
v 27387.960938 21775.800781 25552.500000
v 27271.267578 21676.253906 25525.154297
v 28132.373047 21663.921875 25503.056641
v 24279.787109 21717.462891 25474.744141
v 24361.492188 21717.765625 25521.652344
v 27333.312500 21893.757812 25549.888672
v 27584.220703 21932.572266 25586.414062
v 28263.226562 21769.072266 25466.332031
v 28217.421875 21912.796875 25501.597656
v 28202.054688 21997.201172 25509.480469
v 28105.464844 22077.564453 25534.287109
v 24349.722656 22378.583984 25545.248047
v 27436.207031 22272.437500 25546.216797
v 27767.789062 22402.482422 25510.488281
v 27297.632812 22314.910156 25515.513672
v 27429.320312 22387.105469 25519.593750
v 27613.527344 22432.738281 25511.732422
v 27474.105469 22451.308594 25505.517578
v 25824.105469 22635.558594 25508.875000
v 25763.220703 22727.712891 25526.875000
v 24682.212891 23364.105469 25466.542969
v 25087.542969 23261.857422 25583.992188
v 25019.636719 23355.113281 25543.121094
v 24787.181641 23408.744141 25486.310547
v 25447.376953 20735.373047 25567.544922
v 25719.056641 20660.960938 25498.978516
v 25362.939453 20783.376953 25582.648438
v 25031.021484 20919.681641 25569.777344
v 24813.021484 20936.132812 25504.039062
v 24720.433594 21076.218750 25534.304688
v 25750.835938 21459.492188 25559.289062
v 27859.810547 21679.179688 25560.464844
v 27948.132812 21655.341797 25544.367188
v 27630.140625 21712.531250 25569.986328
v 27769.439453 21730.218750 25576.294922
v 27567.283203 21811.312500 25576.140625
v 28064.582031 21775.683594 25550.562500
v 27784.578125 21833.271484 25594.738281
v 28121.791016 21783.457031 25533.947266
v 24395.318359 21832.585938 25544.214844
v 28056.455078 21864.851562 25563.349609
v 28141.085938 21874.441406 25534.849609
v 27445.984375 21988.250000 25566.523438
v 24337.253906 22051.371094 25522.582031
v 24402.472656 22129.404297 25560.250000
v 27473.207031 22061.035156 25566.835938
v 25814.859375 22214.287109 25551.658203
v 27342.492188 22049.259766 25550.447266
v 24493.580078 22239.976562 25606.130859
v 27567.125000 22188.218750 25561.660156
v 27941.859375 22172.755859 25549.539062
v 27397.441406 22194.347656 25549.626953
v 27791.562500 22142.714844 25572.185547
v 24413.541016 22315.998047 25575.195312
v 27527.619141 22316.001953 25541.445312
v 27660.384766 22330.947266 25536.312500
v 25911.816406 22421.580078 25496.058594
v 24424.585938 22455.533203 25584.664062
v 25769.472656 22492.691406 25577.455078
v 25783.361328 22550.621094 25558.490234
v 24320.554688 22680.890625 25528.542969
v 24316.158203 22850.023438 25499.628906
v 25541.712891 23054.443359 25531.193359
v 24363.212891 22969.064453 25486.894531
v 25385.085938 23191.642578 25536.132812
v 25329.480469 23087.367188 25604.189453
v 25264.695312 23156.984375 25594.343750
v 24588.058594 23202.460938 25511.412109
v 24834.208984 23336.037109 25542.044922
v 25557.681641 20784.605469 25584.886719
v 25627.001953 20690.037109 25535.675781
v 25668.003906 20823.009766 25569.640625
v 25277.035156 20766.158203 25556.636719
v 25743.738281 21014.652344 25559.203125
v 24876.910156 20994.009766 25554.505859
v 24800.775391 21098.494141 25575.146484
v 24674.419922 21177.166016 25560.574219
v 25762.835938 21243.417969 25558.835938
v 24599.968750 21332.251953 25574.693359
v 24522.556641 21489.019531 25575.558594
v 24487.445312 21571.599609 25572.925781
v 27906.357422 21847.533203 25595.662109
v 24493.113281 21719.458984 25590.843750
v 25720.287109 21858.457031 25570.189453
v 24440.966797 21975.195312 25572.031250
v 25622.435547 21728.898438 25619.800781
v 27683.232422 21885.011719 25590.378906
v 27802.025391 21926.132812 25598.539062
v 25666.966797 21879.101562 25596.994141
v 27696.322266 21947.458984 25590.615234
v 28067.638672 21916.537109 25564.177734
v 25721.931641 21992.166016 25576.943359
v 27786.175781 22011.203125 25587.083984
v 27604.560547 22058.976562 25584.140625
v 28078.453125 21981.722656 25557.724609
v 24525.023438 22091.587891 25612.009766
v 25720.062500 22170.488281 25595.355469
v 27891.238281 22023.091797 25580.697266
v 28000.511719 22007.095703 25569.843750
v 27681.701172 22163.988281 25568.957031
v 27872.896484 22159.347656 25563.189453
v 25813.810547 22289.843750 25560.218750
v 25711.230469 22612.433594 25585.941406
v 24486.207031 23093.457031 25506.919922
v 24678.142578 23165.621094 25585.111328
v 25177.160156 23195.738281 25599.650391
v 24754.878906 23287.740234 25547.710938
v 24925.384766 23337.318359 25553.958984
v 25492.601562 20786.472656 25594.218750
v 25355.166016 20889.212891 25624.593750
v 25259.556641 20888.867188 25608.816406
v 25136.708984 20892.347656 25583.443359
v 25439.701172 20901.830078 25634.339844
v 25694.820312 20931.966797 25573.554688
v 25009.763672 20994.683594 25596.408203
v 25314.648438 21130.224609 25702.134766
v 24874.076172 21188.931641 25637.843750
v 24897.550781 21085.455078 25604.019531
v 25751.529297 21100.460938 25563.492188
v 24699.164062 21283.236328 25602.767578
v 24779.527344 21277.878906 25632.640625
v 25642.343750 21433.763672 25622.986328
v 25620.906250 21594.027344 25626.187500
v 25580.888672 21858.224609 25633.976562
v 24518.007812 21850.687500 25603.015625
v 27927.333984 21870.839844 25595.531250
v 25578.412109 21936.632812 25636.050781
v 24594.496094 22118.900391 25636.283203
v 25500.039062 21997.050781 25663.718750
v 24817.292969 22150.964844 25692.623047
v 25632.656250 22272.783203 25644.402344
v 25636.324219 22065.634766 25620.236328
v 24693.523438 22174.222656 25666.681641
v 24677.257812 22277.748047 25671.457031
v 24722.410156 22387.638672 25701.267578
v 25752.072266 22419.751953 25594.273438
v 24524.984375 22434.152344 25629.546875
v 24559.150391 22566.816406 25652.904297
v 25686.125000 22463.771484 25623.242188
v 24446.179688 22595.396484 25596.896484
v 24448.994141 22702.250000 25594.421875
v 25594.166016 22713.232422 25620.101562
v 24468.884766 22785.421875 25596.078125
v 25600.869141 22840.960938 25582.591797
v 24467.082031 22876.353516 25576.490234
v 25437.884766 22905.880859 25634.322266
v 24549.982422 22973.449219 25595.638672
v 24431.023438 22975.091797 25525.990234
v 24545.673828 23036.562500 25571.435547
v 25342.611328 22973.482422 25645.656250
v 24728.691406 23165.697266 25607.125000
v 25558.462891 20870.271484 25609.472656
v 25641.650391 20897.919922 25591.390625
v 25249.240234 21009.035156 25657.355469
v 25497.037109 20996.324219 25649.765625
v 25259.437500 21131.351562 25700.257812
v 24968.589844 21126.037109 25641.396484
v 25085.734375 21045.046875 25637.943359
v 25421.054688 21099.714844 25685.101562
v 25647.482422 21116.328125 25616.750000
v 24733.607422 21381.419922 25641.925781
v 25655.062500 21219.457031 25618.423828
v 25638.009766 21356.453125 25627.529297
v 24714.792969 21449.101562 25647.494141
v 24565.550781 21534.837891 25602.408203
v 24551.509766 21643.654297 25609.826172
v 25549.421875 21522.804688 25665.246094
v 25539.787109 21723.414062 25655.722656
v 24575.191406 21761.962891 25625.986328
v 25449.847656 21750.376953 25689.146484
v 24606.433594 21930.236328 25639.056641
v 25482.619141 21870.859375 25669.720703
v 25370.962891 21853.533203 25705.205078
v 24692.349609 22053.818359 25664.806641
v 25403.705078 21952.513672 25689.875000
v 24806.673828 22030.578125 25691.267578
v 25273.382812 21995.962891 25713.439453
v 25463.789062 22076.623047 25675.269531
v 25446.181641 22181.052734 25686.320312
v 24878.138672 22205.734375 25707.103516
v 24795.693359 22243.037109 25696.460938
v 24934.707031 22253.082031 25721.365234
v 25673.619141 22334.675781 25631.771484
v 24601.449219 22366.632812 25655.126953
v 24604.820312 22487.789062 25668.869141
v 25645.599609 22430.369141 25643.064453
v 25645.250000 22599.353516 25624.609375
v 24588.582031 22672.667969 25670.074219
v 24643.800781 22953.052734 25654.761719
v 24645.441406 23058.082031 25615.025391
v 24824.326172 23027.216797 25704.984375
v 24805.187500 23134.992188 25646.816406
v 25078.542969 23160.394531 25643.398438
v 24871.707031 23248.654297 25603.195312
v 24935.816406 23186.636719 25642.521484
v 24841.367188 23193.773438 25626.638672
v 25540.462891 21071.115234 25653.527344
v 25172.800781 21211.146484 25718.283203
v 25568.958984 21120.201172 25650.347656
v 25102.894531 21130.451172 25674.970703
v 25353.658203 21186.105469 25714.419922
v 25068.470703 21262.212891 25714.548828
v 24855.492188 21303.583984 25665.228516
v 24920.755859 21425.439453 25714.904297
v 25507.005859 21314.847656 25694.210938
v 25504.765625 21428.949219 25693.699219
v 24713.787109 21584.169922 25665.437500
v 24670.005859 21692.439453 25658.527344
v 24687.425781 21789.644531 25669.166016
v 25446.396484 21609.425781 25703.583984
v 25345.843750 21712.863281 25730.970703
v 24776.281250 21796.490234 25699.851562
v 25321.839844 21932.974609 25709.271484
v 24880.179688 21841.230469 25723.376953
v 24934.181641 21901.558594 25725.796875
v 24953.857422 22033.648438 25714.787109
v 25071.361328 21998.701172 25726.451172
v 25076.214844 22084.455078 25720.671875
v 25143.703125 22024.992188 25723.509766
v 25194.929688 22043.306641 25719.261719
v 24974.353516 22122.972656 25714.158203
v 25055.724609 22186.771484 25722.703125
v 25234.812500 22171.238281 25716.367188
v 25349.111328 22095.482422 25699.429688
v 25356.740234 22252.445312 25709.429688
v 25152.804688 22179.521484 25721.113281
v 25118.812500 22274.048828 25732.939453
v 25240.503906 22286.109375 25728.054688
v 25440.083984 22285.189453 25698.994141
v 25545.183594 22147.955078 25658.978516
v 24822.330078 22366.632812 25727.621094
v 25548.421875 22392.523438 25680.083984
v 25498.453125 22494.750000 25700.099609
v 25555.000000 22613.832031 25661.761719
v 24679.623047 22757.105469 25714.140625
v 25491.134766 22678.117188 25675.392578
v 24610.992188 22859.896484 25662.437500
v 25360.634766 22864.033203 25674.609375
v 25245.666016 22989.597656 25673.923828
v 24725.828125 23031.408203 25665.539062
v 24794.560547 22962.304688 25720.089844
v 25442.433594 21243.458984 25711.203125
v 25089.316406 21361.089844 25745.404297
v 25246.388672 21259.117188 25736.787109
v 24963.771484 21295.833984 25698.789062
v 25446.513672 21395.783203 25720.535156
v 25348.707031 21602.507812 25742.240234
v 25253.257812 21767.982422 25749.332031
v 25010.505859 21878.685547 25739.066406
v 25013.673828 22300.449219 25736.082031
v 24923.345703 22351.013672 25741.039062
v 25268.322266 22398.507812 25744.242188
v 25376.154297 22411.394531 25731.861328
v 25522.330078 22299.384766 25680.962891
v 24700.267578 22475.898438 25709.185547
v 24686.798828 22571.132812 25717.857422
v 25557.492188 22535.240234 25673.195312
v 24750.322266 22724.035156 25760.234375
v 25455.675781 22756.195312 25669.376953
v 24826.298828 22792.818359 25790.007812
v 24693.138672 22818.019531 25713.544922
v 24766.726562 22891.982422 25731.333984
v 25265.439453 22825.570312 25719.078125
v 24913.210938 22986.179688 25749.589844
v 25154.664062 23095.968750 25658.554688
v 24897.535156 23058.902344 25708.925781
v 25002.337891 23196.187500 25633.914062
v 25152.863281 21410.539062 25764.865234
v 25336.496094 21317.083984 25744.929688
v 24968.332031 21371.230469 25718.835938
v 25378.851562 21344.142578 25739.908203
v 24887.984375 21546.773438 25723.990234
v 24837.562500 21651.023438 25715.937500
v 24886.761719 21736.287109 25733.509766
v 25166.710938 21930.322266 25733.035156
v 25228.294922 21892.269531 25732.919922
v 25090.070312 21893.087891 25741.980469
v 25118.156250 22357.695312 25748.154297
v 25293.283203 22500.333984 25756.064453
v 25418.169922 22479.404297 25728.990234
v 25348.714844 22567.000000 25743.064453
v 24674.671875 22645.855469 25716.558594
v 25421.646484 22604.496094 25718.759766
v 25318.853516 22718.861328 25731.205078
v 24841.917969 22861.169922 25779.916016
v 25109.601562 22948.962891 25728.572266
v 24954.621094 22964.029297 25755.271484
v 25044.947266 23044.347656 25707.648438
v 24957.675781 23050.019531 25716.886719
v 25006.134766 21520.128906 25758.519531
v 25092.070312 21523.681641 25781.054688
v 25390.570312 21425.986328 25737.292969
v 24956.650391 21617.101562 25757.082031
v 25023.802734 21724.375000 25769.753906
v 25159.357422 21637.300781 25791.113281
v 25096.769531 21604.023438 25790.583984
v 25086.816406 21768.435547 25770.804688
v 24901.525391 22498.513672 25779.660156
v 25033.417969 22417.132812 25763.609375
v 25128.554688 22462.658203 25768.269531
v 24858.658203 22451.476562 25760.738281
v 25219.777344 22581.787109 25773.441406
v 24771.328125 22627.158203 25772.582031
v 25125.251953 22677.996094 25785.843750
v 25261.513672 22672.007812 25758.341797
v 25139.439453 22823.068359 25754.710938
v 25052.216797 22792.982422 25781.177734
v 25229.267578 21386.429688 25761.433594
v 25257.474609 21443.896484 25765.769531
v 25291.941406 21491.617188 25761.685547
v 25152.851562 21566.285156 25793.062500
v 25156.802734 21746.214844 25772.082031
v 24985.525391 22559.476562 25796.037109
v 24807.886719 22541.263672 25769.099609
v 25131.107422 22546.064453 25782.808594
v 24796.613281 22657.326172 25785.552734
v 24975.796875 22693.316406 25805.720703
v 24926.687500 22856.349609 25786.193359
v 25205.039062 21611.589844 25784.539062
v 24933.220703 22651.166016 25806.794922
v 25057.367188 22627.935547 25797.835938
v 24889.826172 22833.880859 25791.183594
# 5234 vertices, 0 vertices normals

f 2 7 8
f 2 4 1
f 4 9 1
f 2 3 4
f 3 45 4
f 45 13 4
f 11 5 12
f 5 17 12
f 12 17 21
f 12 21 18
f 18 21 22
f 21 24 28
f 21 28 22
f 6 7 32
f 32 7 31
f 6 8 7
f 7 2 1
f 34 1 9
f 10 2 8
f 10 3 2
f 5 11 68
f 35 12 38
f 35 11 12
f 43 9 4
f 43 39 9
f 12 16 38
f 4 13 43
f 15 17 5
f 14 45 42
f 15 40 20
f 20 17 15
f 16 12 18
f 16 18 46
f 16 46 44
f 20 25 17
f 18 19 46
f 20 50 54
f 25 21 17
f 18 23 19
f 20 54 25
f 25 24 21
f 22 23 18
f 22 26 23
f 27 25 54
f 25 27 24
f 27 30 24
f 24 30 28
f 27 29 30
f 29 56 30
f 30 56 59
f 60 31 62
f 31 7 62
f 62 7 33
f 7 1 33
f 33 1 105
f 64 65 8
f 64 8 6
f 1 34 105
f 65 10 8
f 65 104 10
f 9 36 34
f 68 35 67
f 72 10 104
f 74 37 112
f 112 37 68
f 68 11 35
f 72 73 10
f 9 39 36
f 68 37 5
f 76 35 38
f 73 3 10
f 70 36 39
f 76 38 41
f 37 15 5
f 81 42 73
f 73 42 3
f 42 45 3
f 78 15 37
f 78 40 15
f 81 122 42
f 38 16 41
f 44 41 16
f 79 41 44
f 47 13 45
f 43 13 84
f 42 83 14
f 45 14 47
f 47 84 13
f 44 46 86
f 85 20 40
f 46 48 86
f 19 48 46
f 50 20 85
f 48 19 49
f 85 129 50
f 51 19 23
f 49 19 51
f 53 54 50
f 23 52 51
f 52 23 26
f 53 50 133
f 54 29 27
f 58 22 28
f 22 58 26
f 26 58 57
f 52 26 57
f 53 55 54
f 55 29 54
f 55 137 29
f 30 58 28
f 30 59 58
f 90 60 62
f 61 31 60
f 61 93 32
f 61 32 31
f 93 6 32
f 63 62 33
f 63 33 96
f 148 64 93
f 93 64 6
f 33 105 96
f 67 102 66
f 100 104 65
f 100 65 64
f 66 107 68
f 66 68 67
f 67 69 98
f 69 109 98
f 34 115 105
f 109 69 71
f 107 112 68
f 36 70 34
f 34 70 115
f 67 35 76
f 69 67 76
f 69 76 71
f 72 117 73
f 70 80 77
f 115 70 77
f 70 39 80
f 75 114 78
f 75 78 74
f 78 37 74
f 71 76 79
f 71 79 212
f 117 81 73
f 41 79 76
f 80 39 43
f 82 40 78
f 122 81 120
f 43 84 80
f 80 84 125
f 85 40 82
f 121 79 44
f 122 83 42
f 84 130 125
f 121 44 86
f 83 88 14
f 47 128 84
f 124 131 83
f 131 88 83
f 87 14 88
f 87 47 14
f 128 47 87
f 48 49 86
f 126 86 49
f 128 87 179
f 89 49 51
f 133 50 129
f 51 52 89
f 89 52 134
f 57 134 52
f 55 53 133
f 133 135 55
f 55 135 136
f 55 136 137
f 137 139 29
f 29 139 56
f 139 140 56
f 140 59 56
f 58 141 57
f 58 142 141
f 58 59 142
f 90 63 91
f 90 62 63
f 91 63 92
f 63 96 92
f 92 96 149
f 94 64 148
f 95 153 101
f 102 98 147
f 96 106 149
f 97 149 106
f 109 99 98
f 94 100 64
f 96 105 106
f 153 107 101
f 101 107 66
f 101 66 102
f 103 100 152
f 102 67 98
f 103 104 100
f 105 111 106
f 105 115 111
f 164 112 153
f 103 166 104
f 111 159 106
f 153 112 107
f 108 109 71
f 75 112 164
f 108 212 110
f 108 71 212
f 166 113 72
f 72 104 166
f 75 74 112
f 113 117 72
f 115 116 111
f 159 111 116
f 115 77 116
f 113 259 119
f 113 119 117
f 118 82 78
f 118 78 114
f 79 168 212
f 259 172 119
f 119 120 117
f 80 174 77
f 173 82 118
f 120 81 117
f 120 119 224
f 174 80 125
f 173 85 82
f 121 168 79
f 123 120 224
f 177 125 130
f 173 225 85
f 86 175 121
f 120 123 122
f 85 225 129
f 124 83 122
f 123 124 122
f 128 130 84
f 176 181 123
f 123 127 124
f 127 123 181
f 124 127 131
f 179 87 132
f 49 184 126
f 131 233 88
f 88 132 87
f 179 130 128
f 127 182 131
f 233 131 182
f 89 184 49
f 88 233 132
f 186 133 129
f 133 186 135
f 235 134 57
f 136 237 137
f 137 237 238
f 137 238 138
f 139 137 138
f 235 57 141
f 140 188 59
f 59 188 142
f 141 142 189
f 142 239 275
f 142 275 189
f 143 90 190
f 190 90 144
f 144 90 91
f 143 61 60
f 143 60 90
f 145 93 61
f 145 61 194
f 144 91 195
f 195 91 146
f 145 148 93
f 91 92 146
f 146 92 150
f 146 150 254
f 151 241 147
f 92 149 150
f 245 95 101
f 151 147 99
f 248 100 94
f 149 97 150
f 147 101 102
f 151 99 246
f 248 202 100
f 200 153 95
f 147 98 99
f 202 152 100
f 97 209 150
f 246 99 154
f 156 164 203
f 99 109 154
f 106 159 97
f 97 157 209
f 203 153 200
f 108 154 109
f 110 154 108
f 154 110 204
f 152 155 103
f 97 159 157
f 163 156 160
f 203 164 153
f 204 110 161
f 159 165 157
f 156 163 164
f 162 166 155
f 155 166 103
f 213 157 165
f 163 160 170
f 164 163 75
f 110 212 161
f 218 170 160
f 162 215 166
f 169 165 159
f 165 169 167
f 213 165 167
f 163 114 75
f 215 113 166
f 116 169 159
f 163 170 114
f 215 259 113
f 77 169 116
f 220 169 77
f 170 118 114
f 220 77 174
f 218 118 170
f 218 217 118
f 168 175 171
f 174 221 220
f 224 119 172
f 217 173 118
f 217 223 173
f 121 175 168
f 125 178 174
f 223 225 173
f 174 178 221
f 224 176 123
f 86 126 175
f 125 177 178
f 176 228 268
f 268 181 176
f 130 180 177
f 182 127 181
f 267 126 184
f 183 179 132
f 130 179 180
f 185 233 182
f 132 233 271
f 132 271 183
f 179 183 180
f 187 184 89
f 187 89 134
f 341 134 235
f 187 134 341
f 135 234 136
f 136 315 237
f 188 239 142
f 139 138 140
f 190 144 191
f 191 144 193
f 192 61 143
f 195 193 144
f 192 194 61
f 196 198 145
f 196 145 194
f 195 146 252
f 199 245 197
f 198 94 148
f 198 148 145
f 252 146 254
f 197 245 101
f 197 101 147
f 197 147 241
f 248 94 198
f 249 202 248
f 206 207 255
f 255 207 200
f 201 202 249
f 150 205 254
f 207 203 200
f 201 152 202
f 209 205 150
f 205 206 254
f 154 204 246
f 205 210 206
f 205 209 210
f 206 210 207
f 207 156 203
f 210 160 207
f 207 160 156
f 161 208 204
f 209 157 158
f 210 209 158
f 210 158 160
f 295 162 155
f 295 155 152
f 157 213 158
f 158 213 211
f 158 211 160
f 160 211 214
f 161 212 219
f 213 167 211
f 211 167 216
f 211 216 214
f 214 218 160
f 168 219 212
f 296 215 162
f 216 217 214
f 214 217 218
f 296 297 215
f 169 261 167
f 217 216 257
f 297 259 215
f 220 261 169
f 262 172 259
f 175 298 171
f 298 175 222
f 262 224 172
f 222 175 126
f 264 222 126
f 263 225 223
f 262 228 224
f 224 228 176
f 226 221 178
f 225 263 265
f 229 178 177
f 226 178 229
f 225 265 186
f 186 129 225
f 229 177 180
f 228 266 268
f 180 230 229
f 264 126 267
f 270 181 268
f 267 184 232
f 268 311 270
f 270 182 181
f 183 231 180
f 232 184 187
f 270 273 182
f 182 273 185
f 180 231 230
f 269 135 186
f 232 187 341
f 185 314 233
f 183 271 231
f 135 269 234
f 234 313 136
f 236 341 235
f 313 315 136
f 235 141 236
f 141 276 236
f 141 189 276
f 240 143 321
f 321 143 190
f 240 192 143
f 191 193 278
f 282 280 197
f 325 194 192
f 193 195 250
f 282 241 242
f 325 196 194
f 197 241 282
f 250 195 252
f 242 241 246
f 247 283 242
f 243 198 196
f 241 151 246
f 242 246 247
f 287 248 243
f 243 248 198
f 285 245 199
f 249 248 287
f 247 251 283
f 253 200 244
f 244 95 245
f 250 252 253
f 253 255 200
f 244 200 95
f 246 204 247
f 251 247 204
f 253 252 254
f 253 254 255
f 208 251 204
f 292 251 208
f 255 254 206
f 292 208 256
f 201 293 152
f 161 256 208
f 295 152 293
f 295 296 162
f 167 258 216
f 219 168 171
f 333 219 171
f 261 258 167
f 257 223 217
f 260 261 220
f 301 223 257
f 361 262 259
f 301 263 223
f 222 264 303
f 221 260 220
f 221 362 260
f 302 263 301
f 303 264 338
f 302 306 263
f 363 228 262
f 306 265 263
f 338 264 227
f 307 226 229
f 337 226 307
f 264 267 227
f 363 266 228
f 230 307 229
f 309 307 230
f 369 268 266
f 308 186 265
f 369 311 268
f 231 309 230
f 269 186 308
f 314 185 273
f 343 233 314
f 272 231 271
f 308 310 269
f 269 310 234
f 270 312 273
f 233 343 274
f 233 274 271
f 313 234 310
f 315 411 237
f 237 411 238
f 277 140 138
f 277 188 140
f 317 239 188
f 275 316 189
f 316 276 189
f 236 276 318
f 238 348 138
f 138 348 277
f 188 277 317
f 239 317 350
f 239 350 275
f 276 413 318
f 278 321 190
f 278 190 191
f 325 192 240
f 324 199 280
f 280 282 279
f 279 282 322
f 286 199 324
f 199 197 280
f 322 282 242
f 322 242 281
f 281 242 283
f 328 243 196
f 326 284 356
f 286 285 199
f 356 284 250
f 288 245 285
f 288 244 245
f 356 250 290
f 290 253 288
f 253 244 288
f 283 251 291
f 201 249 289
f 250 253 290
f 291 251 292
f 331 291 292
f 332 331 292
f 292 256 332
f 360 293 201
f 161 333 256
f 294 295 293
f 219 333 161
f 171 298 333
f 336 333 298
f 258 257 216
f 260 258 261
f 300 258 260
f 299 257 258
f 336 298 303
f 361 259 297
f 300 260 362
f 301 257 299
f 222 303 298
f 304 262 361
f 305 362 221
f 304 363 262
f 305 221 226
f 337 305 226
f 338 227 267
f 364 266 363
f 308 265 306
f 364 369 266
f 368 307 309
f 232 340 267
f 371 270 311
f 371 312 270
f 314 273 312
f 272 271 274
f 309 231 272
f 272 274 344
f 274 343 344
f 236 318 341
f 347 341 318
f 316 275 350
f 350 317 379
f 316 413 276
f 348 349 277
f 277 349 380
f 277 380 378
f 277 378 317
f 317 378 379
f 316 350 351
f 381 319 279
f 353 278 320
f 353 321 278
f 319 324 280
f 319 280 279
f 384 325 240
f 323 320 278
f 383 279 322
f 193 323 278
f 284 323 193
f 455 322 281
f 455 281 327
f 250 284 193
f 327 281 283
f 328 196 325
f 291 327 283
f 542 327 329
f 287 243 328
f 330 288 286
f 327 331 329
f 327 291 331
f 286 288 285
f 329 331 488
f 289 249 357
f 357 249 287
f 330 356 290
f 330 290 288
f 389 201 289
f 389 360 201
f 423 293 360
f 332 256 333
f 423 294 293
f 392 295 294
f 392 296 295
f 334 297 296
f 334 296 392
f 334 335 297
f 335 361 297
f 299 258 300
f 336 303 394
f 300 362 430
f 300 430 299
f 302 299 430
f 302 301 299
f 338 394 303
f 397 394 338
f 398 306 302
f 362 305 337
f 307 339 337
f 338 267 366
f 368 339 307
f 404 339 368
f 365 308 306
f 366 267 340
f 308 365 405
f 369 364 367
f 309 407 368
f 405 310 308
f 232 406 340
f 309 372 407
f 406 232 341
f 342 312 371
f 272 372 309
f 312 342 345
f 312 346 314
f 312 345 346
f 375 314 346
f 375 343 314
f 343 375 344
f 443 411 315
f 411 377 238
f 347 318 445
f 348 238 377
f 316 351 413
f 447 318 413
f 318 447 445
f 348 476 349
f 350 379 412
f 350 412 351
f 351 412 448
f 279 484 381
f 352 324 319
f 352 319 381
f 322 355 383
f 384 321 353
f 354 353 320
f 352 385 324
f 328 325 382
f 325 384 382
f 384 240 321
f 320 323 419
f 326 419 323
f 455 355 322
f 385 286 324
f 284 326 323
f 385 387 286
f 542 455 327
f 356 386 326
f 387 330 286
f 358 356 330
f 488 331 332
f 332 458 488
f 332 359 458
f 332 333 359
f 333 424 359
f 425 294 423
f 425 426 294
f 294 426 392
f 333 336 391
f 391 336 428
f 335 334 395
f 361 335 429
f 430 398 302
f 429 304 361
f 337 400 362
f 397 338 402
f 401 363 304
f 401 364 363
f 339 400 337
f 338 366 402
f 402 366 431
f 404 432 339
f 433 366 340
f 370 369 367
f 370 373 369
f 373 311 369
f 436 313 310
f 405 436 310
f 373 371 311
f 342 371 470
f 344 410 272
f 410 372 272
f 341 347 406
f 406 347 409
f 374 346 345
f 374 375 346
f 342 470 440
f 342 440 345
f 375 374 503
f 375 444 376
f 375 376 344
f 344 376 410
f 476 348 377
f 448 413 351
f 568 378 380
f 378 568 379
f 450 418 449
f 449 418 352
f 449 352 381
f 383 484 279
f 415 382 384
f 416 384 353
f 416 353 354
f 452 354 320
f 419 452 320
f 418 385 352
f 420 328 382
f 420 287 328
f 357 287 421
f 387 358 330
f 289 357 388
f 386 356 358
f 389 289 388
f 489 390 389
f 390 360 389
f 423 360 592
f 424 333 391
f 334 426 393
f 426 334 392
f 334 393 460
f 460 395 334
f 428 336 394
f 396 429 335
f 396 335 395
f 397 402 399
f 400 430 362
f 365 306 398
f 432 520 400
f 432 400 339
f 464 364 401
f 366 433 431
f 465 364 464
f 465 367 364
f 340 406 433
f 403 404 368
f 403 368 407
f 435 403 407
f 406 408 433
f 407 372 435
f 408 406 409
f 410 441 372
f 372 441 435
f 470 371 373
f 501 443 315
f 442 345 440
f 442 374 345
f 410 376 471
f 413 475 447
f 476 477 349
f 349 568 380
f 412 379 414
f 412 414 479
f 412 479 448
f 449 381 451
f 451 381 484
f 415 483 382
f 415 384 416
f 481 416 354
f 481 354 452
f 355 484 383
f 419 417 452
f 450 454 418
f 485 420 382
f 386 419 326
f 454 385 418
f 421 287 420
f 385 454 387
f 457 387 454
f 487 388 421
f 388 357 421
f 457 386 358
f 457 358 387
f 543 389 388
f 359 422 458
f 490 422 359
f 592 360 390
f 424 490 359
f 427 424 391
f 427 391 428
f 394 459 428
f 495 304 429
f 400 463 430
f 495 401 304
f 398 430 463
f 554 399 402
f 554 402 431
f 432 601 520
f 467 405 365
f 431 433 466
f 557 432 404
f 432 557 601
f 403 499 404
f 404 499 557
f 433 434 466
f 370 367 465
f 434 433 408
f 524 434 408
f 498 370 465
f 409 439 408
f 524 408 439
f 501 315 313
f 437 438 370
f 438 373 370
f 438 470 373
f 409 347 439
f 503 374 442
f 471 441 410
f 470 472 440
f 440 473 442
f 375 503 444
f 347 445 502
f 444 471 376
f 443 446 411
f 446 377 411
f 476 377 474
f 448 507 413
f 507 475 413
f 480 478 379
f 448 479 507
f 349 477 531
f 509 450 449
f 415 416 481
f 452 417 482
f 485 382 483
f 419 453 417
f 456 386 457
f 423 491 425
f 514 426 425
f 428 459 427
f 461 459 394
f 397 461 394
f 461 397 399
f 462 429 396
f 462 396 395
f 495 429 462
f 520 463 400
f 463 365 398
f 463 467 365
f 555 431 466
f 405 467 436
f 435 499 403
f 370 498 437
f 313 605 501
f 437 469 438
f 471 468 435
f 438 469 470
f 441 471 435
f 502 439 347
f 469 472 470
f 473 440 472
f 473 563 442
f 504 471 444
f 471 504 528
f 529 505 443
f 506 502 445
f 505 446 443
f 447 506 445
f 377 446 474
f 532 475 507
f 447 475 506
f 478 414 379
f 569 414 478
f 568 349 531
f 379 568 480
f 621 449 451
f 511 450 509
f 512 450 511
f 486 420 485
f 512 454 450
f 486 421 420
f 386 453 419
f 455 541 355
f 540 453 456
f 512 457 454
f 453 386 456
f 456 457 512
f 488 667 329
f 667 542 329
f 489 389 589
f 422 488 458
f 592 491 423
f 513 490 424
f 670 490 513
f 513 424 427
f 544 514 491
f 514 425 491
f 393 426 514
f 460 393 492
f 515 427 459
f 515 459 461
f 492 395 460
f 492 493 395
f 493 462 395
f 494 462 493
f 494 495 462
f 518 495 494
f 518 519 495
f 519 496 495
f 496 401 495
f 496 464 401
f 431 555 554
f 521 496 519
f 496 521 464
f 465 464 521
f 497 467 463
f 497 463 520
f 522 465 521
f 522 498 465
f 436 467 497
f 434 500 466
f 500 434 524
f 313 436 605
f 468 523 435
f 439 525 524
f 439 502 525
f 469 562 472
f 472 562 526
f 527 503 442
f 472 526 473
f 503 504 444
f 504 565 528
f 501 529 443
f 446 567 474
f 532 530 475
f 474 611 476
f 611 477 476
f 479 612 508
f 479 508 507
f 507 508 532
f 535 415 481
f 536 535 481
f 577 511 509
f 621 451 484
f 485 483 533
f 533 483 415
f 533 415 535
f 536 481 452
f 536 452 482
f 537 482 417
f 510 537 417
f 453 510 417
f 355 538 484
f 539 486 485
f 510 453 540
f 541 587 355
f 539 583 486
f 583 421 486
f 583 487 421
f 540 456 512
f 541 455 542
f 543 388 588
f 588 388 487
f 589 389 543
f 669 422 490
f 670 669 490
f 593 544 491
f 427 545 513
f 427 515 545
f 547 492 393
f 547 550 492
f 550 493 492
f 550 516 493
f 461 399 552
f 595 461 552
f 516 494 493
f 516 517 494
f 552 399 554
f 517 518 494
f 553 519 517
f 517 519 518
f 555 599 554
f 637 520 601
f 637 497 520
f 519 600 521
f 637 558 497
f 521 556 522
f 498 522 559
f 498 559 437
f 435 523 499
f 437 561 469
f 605 685 501
f 562 469 683
f 566 525 502
f 563 527 442
f 473 608 563
f 503 527 564
f 503 564 504
f 564 565 504
f 506 566 502
f 648 565 564
f 530 506 475
f 611 474 567
f 531 477 611
f 612 479 414
f 612 414 569
f 621 509 449
f 539 485 534
f 534 485 533
f 575 536 482
f 575 482 537
f 511 577 581
f 484 622 621
f 511 581 627
f 538 622 484
f 584 510 540
f 538 355 587
f 586 540 512
f 585 487 583
f 588 487 585
f 543 588 666
f 422 667 488
f 592 593 491
f 513 545 959
f 514 546 393
f 515 548 545
f 959 545 548
f 546 547 393
f 515 595 548
f 549 547 546
f 461 595 515
f 549 550 547
f 551 550 594
f 551 516 550
f 597 517 551
f 551 517 516
f 598 554 599
f 553 600 519
f 556 521 600
f 636 556 600
f 636 602 556
f 499 639 557
f 558 605 436
f 497 558 436
f 555 466 560
f 560 466 500
f 560 500 604
f 559 561 437
f 604 500 524
f 524 606 604
f 561 683 469
f 468 471 528
f 606 524 525
f 529 501 685
f 525 566 607
f 526 642 608
f 608 473 526
f 563 608 527
f 567 446 505
f 530 610 506
f 610 566 506
f 979 531 611
f 568 531 979
f 532 649 530
f 569 758 612
f 613 695 570
f 613 570 614
f 614 571 615
f 614 570 571
f 571 573 615
f 570 697 572
f 570 572 571
f 571 572 573
f 574 533 535
f 536 575 535
f 576 534 616
f 616 534 574
f 574 534 533
f 621 578 509
f 509 578 577
f 576 539 534
f 575 537 617
f 580 617 537
f 620 581 577
f 583 539 579
f 579 539 576
f 584 580 537
f 582 538 587
f 587 630 582
f 510 584 537
f 627 512 511
f 585 583 579
f 540 586 584
f 586 512 627
f 630 587 541
f 630 541 665
f 542 665 541
f 667 727 542
f 667 728 727
f 666 725 543
f 422 668 667
f 725 589 543
f 591 489 590
f 591 390 489
f 592 591 631
f 592 390 591
f 631 593 592
f 514 633 634
f 633 514 544
f 634 546 514
f 549 546 672
f 549 594 550
f 596 551 594
f 596 597 551
f 797 552 554
f 597 553 517
f 635 553 597
f 635 600 553
f 560 599 555
f 636 600 635
f 522 556 602
f 557 639 601
f 558 638 605
f 640 559 522
f 559 640 561
f 523 603 499
f 605 682 685
f 640 683 561
f 528 644 468
f 641 562 683
f 641 526 562
f 606 525 607
f 641 642 526
f 644 528 643
f 646 608 642
f 528 565 643
f 609 607 566
f 608 691 527
f 527 647 564
f 564 647 648
f 609 566 610
f 610 692 609
f 610 650 692
f 649 532 508
f 530 650 610
f 815 480 568
f 757 569 478
f 757 478 480
f 759 612 758
f 613 614 652
f 652 614 694
f 696 697 570
f 698 573 572
f 572 697 771
f 572 771 698
f 653 574 535
f 575 711 535
f 617 618 575
f 619 576 616
f 624 618 617
f 659 579 619
f 619 579 576
f 580 624 617
f 622 538 623
f 623 538 582
f 626 579 659
f 719 580 584
f 628 719 584
f 627 581 625
f 626 585 579
f 586 628 584
f 628 586 629
f 629 586 627
f 666 585 626
f 666 588 585
f 542 727 665
f 729 489 589
f 729 590 489
f 731 591 590
f 631 591 731
f 633 593 632
f 633 544 593
f 736 633 671
f 792 670 513
f 736 634 633
f 735 513 959
f 672 546 634
f 673 594 549
f 672 673 549
f 674 594 673
f 674 596 594
f 675 595 552
f 740 597 596
f 635 597 740
f 598 797 554
f 599 741 598
f 599 560 741
f 678 636 635
f 680 636 678
f 601 639 679
f 601 677 637
f 601 679 677
f 677 638 558
f 637 677 558
f 680 602 636
f 681 522 602
f 640 522 681
f 605 638 682
f 676 560 604
f 680 802 602
f 602 802 681
f 681 745 640
f 603 639 499
f 523 803 603
f 685 682 750
f 640 745 683
f 468 684 523
f 676 604 748
f 748 604 606
f 684 468 644
f 752 641 683
f 686 748 606
f 607 686 606
f 609 686 607
f 642 641 689
f 609 645 686
f 689 810 642
f 810 646 642
f 646 691 608
f 647 527 691
f 647 811 648
f 648 690 565
f 565 690 643
f 650 530 649
f 755 611 567
f 759 508 612
f 759 649 508
f 815 568 979
f 816 758 569
f 651 613 652
f 693 613 651
f 696 570 695
f 573 698 824
f 697 699 771
f 656 709 705
f 654 656 705
f 656 661 709
f 781 574 653
f 653 535 779
f 711 779 535
f 656 623 582
f 781 616 574
f 711 575 618
f 655 658 654
f 654 658 656
f 656 630 661
f 657 659 619
f 578 621 655
f 655 621 658
f 656 658 623
f 656 582 630
f 624 715 618
f 578 620 577
f 621 622 658
f 658 622 623
f 660 661 664
f 719 624 580
f 620 625 581
f 661 665 664
f 662 719 628
f 625 663 627
f 630 665 661
f 721 662 628
f 721 628 629
f 722 721 629
f 663 722 629
f 629 627 663
f 724 626 659
f 724 666 626
f 664 665 727
f 724 725 666
f 729 589 725
f 669 668 422
f 631 731 732
f 732 593 631
f 732 632 593
f 632 671 633
f 735 792 513
f 736 737 672
f 736 672 634
f 871 959 548
f 737 673 672
f 595 675 548
f 674 673 738
f 674 738 739
f 739 740 596
f 739 596 674
f 675 552 797
f 740 742 635
f 742 678 635
f 746 560 676
f 741 560 746
f 744 680 678
f 967 639 603
f 603 803 967
f 523 684 803
f 745 749 683
f 752 683 749
f 750 529 685
f 748 686 751
f 751 686 645
f 641 752 689
f 644 643 687
f 688 645 609
f 646 810 691
f 811 690 648
f 692 688 609
f 755 567 813
f 650 649 756
f 755 979 611
f 757 480 815
f 569 757 816
f 817 693 651
f 820 818 614
f 614 818 694
f 695 613 693
f 614 615 820
f 770 699 697
f 771 834 698
f 699 837 771
f 706 707 701
f 702 703 774
f 703 700 854
f 778 654 702
f 702 705 703
f 702 654 705
f 700 709 706
f 704 707 710
f 703 705 700
f 707 706 712
f 707 712 710
f 700 705 709
f 708 782 655
f 708 654 778
f 709 660 706
f 712 713 710
f 616 781 714
f 708 655 654
f 706 660 712
f 714 657 619
f 619 616 714
f 782 717 655
f 660 718 712
f 712 718 713
f 659 657 716
f 657 862 716
f 717 578 655
f 709 661 660
f 624 943 715
f 785 620 717
f 717 620 578
f 719 943 624
f 664 718 660
f 713 718 787
f 720 659 716
f 625 620 946
f 723 659 720
f 947 663 625
f 723 724 659
f 726 724 723
f 726 725 724
f 664 727 789
f 718 664 789
f 726 950 725
f 950 729 725
f 668 728 667
f 730 590 729
f 668 669 869
f 590 730 731
f 669 670 791
f 733 632 732
f 734 632 733
f 734 671 632
f 793 736 734
f 734 736 671
f 795 736 793
f 737 736 795
f 737 872 673
f 872 738 673
f 740 739 798
f 798 799 740
f 740 799 742
f 874 741 746
f 801 742 799
f 742 801 678
f 743 678 801
f 967 679 639
f 678 743 744
f 802 680 744
f 743 877 744
f 744 877 802
f 748 746 676
f 802 804 681
f 682 638 805
f 750 682 805
f 644 885 684
f 807 529 750
f 689 752 806
f 644 687 885
f 810 689 809
f 690 753 643
f 687 643 753
f 809 812 810
f 810 754 691
f 647 691 754
f 811 1067 690
f 647 754 811
f 567 505 889
f 567 889 813
f 650 978 692
f 756 978 650
f 759 756 649
f 756 814 978
f 894 652 694
f 761 695 693
f 762 820 615
f 822 763 764
f 760 764 761
f 761 764 695
f 762 615 824
f 765 767 763
f 764 763 696
f 764 696 695
f 765 766 767
f 573 824 615
f 767 696 763
f 767 766 769
f 767 697 696
f 767 769 697
f 698 830 824
f 766 768 769
f 769 770 697
f 768 770 769
f 698 834 830
f 854 700 706
f 854 706 701
f 778 774 775
f 774 778 702
f 774 703 853
f 853 703 854
f 701 707 704
f 710 776 704
f 777 776 710
f 778 782 708
f 775 782 778
f 777 710 783
f 777 783 780
f 653 779 1135
f 781 653 1135
f 780 783 784
f 860 714 781
f 711 618 1025
f 1025 618 715
f 936 861 782
f 713 783 710
f 714 862 657
f 714 860 862
f 782 861 717
f 787 783 713
f 783 787 784
f 861 785 717
f 662 943 719
f 865 784 787
f 720 716 1037
f 946 620 945
f 662 721 786
f 663 947 722
f 723 720 726
f 865 787 788
f 718 788 787
f 789 788 718
f 866 788 867
f 788 789 867
f 789 727 790
f 789 790 867
f 728 790 727
f 867 790 868
f 868 790 728
f 730 729 950
f 668 869 728
f 731 730 1046
f 732 731 954
f 733 732 954
f 956 734 733
f 958 795 793
f 737 795 796
f 796 872 737
f 871 548 675
f 873 871 675
f 872 739 738
f 961 797 598
f 798 739 962
f 741 961 598
f 741 800 961
f 963 799 798
f 799 963 965
f 874 800 741
f 965 801 799
f 679 638 677
f 967 875 679
f 875 638 679
f 801 876 743
f 743 876 877
f 874 746 748
f 877 878 802
f 745 681 804
f 802 879 804
f 745 804 747
f 749 745 747
f 751 880 874
f 751 874 748
f 747 882 749
f 882 884 749
f 883 880 751
f 749 884 752
f 884 806 752
f 974 807 750
f 645 883 751
f 687 808 885
f 689 806 809
f 807 505 529
f 887 810 812
f 688 977 645
f 810 887 754
f 754 976 811
f 811 976 1067
f 505 807 888
f 889 505 888
f 1070 688 692
f 978 1070 692
f 814 756 759
f 892 759 758
f 892 890 759
f 759 890 814
f 758 816 892
f 694 895 894
f 820 819 818
f 761 1088 898
f 693 817 1088
f 1088 761 693
f 821 990 822
f 821 822 823
f 823 764 760
f 822 990 765
f 823 822 764
f 765 763 822
f 765 990 993
f 993 825 765
f 825 766 765
f 825 831 766
f 915 824 830
f 913 827 828
f 831 768 766
f 825 829 831
f 827 832 828
f 829 835 831
f 831 836 768
f 911 826 838
f 828 832 833
f 828 833 826
f 831 835 836
f 768 836 770
f 827 840 832
f 770 836 841
f 770 841 839
f 839 699 770
f 923 771 837
f 834 923 997
f 834 771 923
f 826 842 838
f 839 841 924
f 924 699 839
f 699 924 837
f 832 845 833
f 826 833 842
f 832 840 844
f 832 844 845
f 838 842 999
f 833 845 842
f 842 843 999
f 842 845 772
f 842 772 843
f 844 847 845
f 772 846 843
f 846 772 845
f 773 846 845
f 846 773 928
f 840 849 844
f 844 849 847
f 847 852 845
f 852 773 845
f 929 849 840
f 929 850 849
f 928 773 930
f 848 850 929
f 773 852 857
f 848 854 850
f 850 855 849
f 849 855 851
f 849 851 847
f 847 851 856
f 847 856 852
f 853 854 848
f 856 857 852
f 854 701 850
f 850 701 704
f 850 704 855
f 855 704 776
f 855 776 851
f 851 776 856
f 932 775 774
f 774 853 933
f 857 856 937
f 858 775 932
f 776 859 856
f 776 777 859
f 937 856 859
f 777 780 859
f 936 782 775
f 858 936 775
f 1136 1135 779
f 1137 781 1135
f 1025 1136 779
f 711 1025 779
f 939 861 936
f 780 784 938
f 939 1039 861
f 938 784 864
f 943 863 715
f 716 862 942
f 785 861 1039
f 716 942 1037
f 944 943 662
f 786 944 662
f 945 620 785
f 864 784 865
f 722 786 721
f 947 625 946
f 726 720 948
f 788 866 865
f 867 868 866
f 869 868 728
f 868 869 951
f 951 869 870
f 669 870 869
f 791 870 669
f 1317 870 791
f 956 733 953
f 953 733 954
f 670 1317 791
f 792 1317 670
f 793 734 956
f 957 958 793
f 1052 795 958
f 796 795 1052
f 871 873 1053
f 961 675 797
f 873 675 961
f 962 739 872
f 963 798 962
f 966 800 874
f 1061 876 801
f 879 802 878
f 747 804 879
f 805 638 1158
f 879 881 747
f 747 881 882
f 883 1063 880
f 885 886 684
f 684 886 969
f 885 971 886
f 805 974 750
f 884 970 806
f 885 808 971
f 807 974 1069
f 806 1248 809
f 809 1248 812
f 690 1067 753
f 888 807 1069
f 812 975 887
f 887 975 976
f 887 976 754
f 688 1070 977
f 814 891 978
f 1163 755 813
f 1256 979 755
f 1077 815 979
f 1077 893 815
f 893 757 815
f 893 816 757
f 816 893 980
f 816 980 892
f 981 651 652
f 981 652 894
f 895 694 896
f 694 818 896
f 896 818 819
f 896 900 901
f 896 819 900
f 897 985 823
f 897 823 760
f 897 760 898
f 898 760 761
f 898 1088 899
f 819 902 900
f 819 820 902
f 900 905 901
f 985 821 823
f 903 820 762
f 902 820 903
f 902 904 900
f 903 907 902
f 902 907 904
f 900 908 905
f 900 904 908
f 905 909 906
f 762 912 903
f 903 912 907
f 905 908 909
f 906 909 911
f 906 911 910
f 824 912 762
f 912 914 907
f 908 904 913
f 908 913 909
f 909 828 911
f 909 913 828
f 915 916 824
f 916 912 824
f 914 912 916
f 907 914 918
f 904 919 913
f 1103 825 993
f 907 919 904
f 919 827 913
f 828 826 911
f 992 910 911
f 914 916 921
f 914 921 918
f 907 918 919
f 829 825 1103
f 916 915 921
f 921 995 918
f 918 995 917
f 915 830 920
f 915 996 921
f 919 918 917
f 919 917 827
f 1103 1108 829
f 921 996 995
f 829 1108 922
f 829 922 835
f 920 830 834
f 920 834 997
f 917 840 827
f 923 1004 997
f 927 995 1005
f 927 917 995
f 837 924 1002
f 923 837 1003
f 923 1003 1004
f 927 840 917
f 994 838 999
f 922 998 835
f 835 841 836
f 925 1002 924
f 837 1002 1003
f 841 925 924
f 999 843 926
f 998 1008 835
f 835 1008 841
f 841 1008 925
f 843 846 926
f 927 929 840
f 846 928 926
f 927 1011 929
f 926 928 1296
f 930 1296 928
f 848 929 1011
f 933 853 931
f 932 774 933
f 931 853 848
f 857 1016 773
f 930 773 1016
f 1127 858 932
f 934 1127 932
f 937 1016 857
f 935 858 1127
f 858 935 936
f 937 859 1022
f 935 1134 936
f 780 1022 859
f 938 1022 780
f 1134 939 936
f 938 1035 1022
f 781 1137 860
f 1137 941 860
f 864 1035 938
f 940 862 860
f 860 941 940
f 942 862 940
f 865 1223 864
f 1037 948 720
f 949 1223 865
f 866 949 865
f 866 952 949
f 866 868 951
f 952 866 951
f 731 1046 954
f 870 955 951
f 951 955 952
f 955 870 1317
f 1048 956 953
f 1047 953 954
f 956 957 793
f 1052 958 1147
f 1053 794 871
f 872 1054 960
f 961 1055 873
f 962 872 960
f 962 960 1056
f 1056 963 962
f 964 1151 800
f 1151 961 800
f 1057 1059 965
f 965 963 1057
f 965 1059 801
f 1061 801 1059
f 800 966 964
f 1060 964 966
f 1155 877 876
f 1155 878 877
f 638 875 1158
f 880 1063 966
f 880 966 874
f 1155 968 878
f 881 879 878
f 684 969 803
f 878 968 881
f 1065 882 881
f 884 882 1160
f 1160 970 884
f 973 1156 883
f 1156 1063 883
f 1161 974 805
f 645 973 883
f 753 808 687
f 1161 972 974
f 1251 973 645
f 970 1248 806
f 977 1251 645
f 1068 1069 974
f 1248 1252 812
f 1252 975 812
f 1069 1162 888
f 888 1255 889
f 1255 813 889
f 978 891 1071
f 978 1071 1070
f 813 1255 1163
f 890 1072 814
f 814 1072 891
f 1077 979 1256
f 980 1074 892
f 894 982 981
f 651 1084 1083
f 1084 651 981
f 894 895 982
f 983 982 895
f 817 1083 1185
f 817 651 1083
f 895 896 983
f 983 896 901
f 983 901 984
f 1085 897 1086
f 1086 897 898
f 1086 898 899
f 1088 817 1185
f 901 905 984
f 984 905 986
f 986 905 906
f 988 821 985
f 986 906 1188
f 987 910 989
f 987 1188 910
f 988 990 821
f 1188 906 910
f 989 910 992
f 991 993 990
f 1103 993 1099
f 838 992 911
f 992 838 1100
f 838 994 1100
f 996 915 920
f 920 1112 996
f 996 1205 995
f 997 1112 920
f 1205 1005 995
f 1000 1111 1114
f 1122 1005 1205
f 1110 994 999
f 1117 1003 1002
f 1000 1007 1111
f 1209 1002 925
f 1006 999 926
f 1110 999 1006
f 1013 1113 1116
f 1013 1000 1113
f 1011 927 1005
f 1000 1012 1007
f 1111 1015 1001
f 1001 1015 1009
f 1008 1210 925
f 925 1210 1209
f 926 1119 1006
f 1013 1012 1000
f 1007 1018 1111
f 1111 1018 1015
f 926 1296 1383
f 926 1383 1119
f 1010 931 1123
f 931 1011 1123
f 1010 933 931
f 1011 931 848
f 930 1126 1296
f 1012 1018 1007
f 1010 932 933
f 1013 1014 1012
f 1012 1014 1018
f 934 932 1010
f 1214 1129 1124
f 1018 1021 1015
f 1015 1131 1009
f 1015 1021 1131
f 1124 1020 1013
f 1124 1129 1020
f 1013 1020 1014
f 1019 935 1128
f 1128 935 1127
f 1020 1129 1133
f 1020 1017 1014
f 1014 1017 1018
f 1019 1134 935
f 1021 1024 1131
f 1023 1020 1133
f 1020 1030 1017
f 1020 1023 1030
f 1021 1027 1024
f 1021 1018 1027
f 1029 1023 1133
f 1017 1031 1018
f 1018 1031 1027
f 1024 1027 1028
f 1134 1026 939
f 1017 1030 1031
f 1027 1032 1028
f 1027 1031 1032
f 1028 940 941
f 1028 1032 940
f 1026 1034 939
f 1030 1038 1031
f 1030 1023 1038
f 1031 1038 1033
f 1033 942 940
f 1032 1033 940
f 1031 1033 1032
f 943 1225 863
f 1034 1039 939
f 1041 1036 1029
f 1029 1036 1023
f 1023 1037 1038
f 1038 1037 942
f 1033 1038 942
f 944 1225 943
f 1039 945 785
f 1023 1036 1037
f 786 1040 944
f 1034 945 1039
f 1228 1040 786
f 1036 948 1037
f 1228 786 722
f 1036 1041 948
f 1042 1041 1141
f 1041 1042 948
f 949 1044 1223
f 1042 1043 948
f 1043 950 726
f 948 1043 726
f 1143 950 1043
f 1143 1144 950
f 1144 730 950
f 949 952 1230
f 1230 952 1314
f 1047 1046 1146
f 1046 1047 954
f 1314 952 955
f 1048 1049 956
f 1049 957 956
f 1050 1051 1049
f 1051 957 1049
f 735 1317 792
f 1050 1147 1051
f 1051 958 957
f 1147 958 1051
f 871 735 959
f 1052 1147 1148
f 1148 1054 1052
f 1054 796 1052
f 796 1054 872
f 1150 960 1054
f 961 1236 1055
f 1151 1236 961
f 1056 960 1150
f 964 1152 1151
f 964 1153 1152
f 1057 963 1056
f 1060 1153 964
f 1060 1058 1153
f 1061 1062 876
f 966 1063 1060
f 1060 1063 1058
f 803 1240 967
f 1240 875 967
f 1064 1065 968
f 968 1065 881
f 969 1240 803
f 1063 1156 1319
f 1160 1243 970
f 1158 1161 805
f 753 1066 808
f 1249 1512 753
f 1068 974 972
f 973 1251 1324
f 753 1067 1249
f 1068 1162 1069
f 977 1070 1253
f 888 1162 1255
f 755 1163 1256
f 892 1075 890
f 1074 1073 892
f 1075 892 1073
f 890 1075 1076
f 890 1076 1072
f 1428 893 1077
f 1428 980 893
f 1082 1080 983
f 1078 1081 1079
f 1079 1081 982
f 1079 982 1080
f 1080 982 983
f 1083 1084 1180
f 1180 1084 1078
f 1081 1084 981
f 1078 1084 1081
f 1081 981 982
f 983 984 1082
f 1184 1090 1087
f 1085 1087 897
f 986 1082 984
f 1082 986 1177
f 1184 1189 1090
f 1087 1090 985
f 1087 985 897
f 1089 988 1189
f 1090 988 985
f 1189 988 1090
f 1281 989 1091
f 1091 1190 1281
f 1193 1092 1089
f 1089 1092 1093
f 1089 1093 988
f 1093 990 988
f 992 1091 989
f 1194 1092 1193
f 1093 1092 991
f 1093 991 990
f 1194 1094 1092
f 992 1100 1091
f 1191 1091 1100
f 1094 1097 1092
f 1092 1097 1096
f 1092 1096 991
f 1099 993 991
f 1101 1094 1194
f 1101 1107 1094
f 1094 1102 1097
f 1097 1095 1096
f 991 1096 1099
f 1104 1101 1194
f 1107 1102 1094
f 1096 1095 1099
f 1095 1103 1099
f 1101 1105 1107
f 1102 1106 1097
f 1103 1095 1108
f 1196 1100 1110
f 1107 1105 1109
f 1102 1107 1109
f 1104 1111 1101
f 1104 1114 1111
f 1101 1111 1105
f 994 1110 1100
f 1196 1110 1206
f 1111 1001 1105
f 1203 998 922
f 1205 996 1112
f 1114 1113 1000
f 1001 1115 1105
f 1109 1115 1118
f 1109 1105 1115
f 1004 1112 997
f 1110 1006 1206
f 1203 1293 998
f 1117 1002 1209
f 1009 1115 1001
f 1206 1006 1119
f 1120 1013 1116
f 1009 1121 1115
f 1118 1115 1121
f 1293 1008 998
f 1122 1011 1005
f 1207 1124 1120
f 1120 1124 1013
f 1123 1011 1122
f 1212 1119 1383
f 1207 1214 1124
f 1294 1215 1123
f 1123 1122 1294
f 1125 1121 1009
f 1215 1010 1123
f 1556 1121 1125
f 934 1010 1215
f 1016 1126 930
f 1016 1567 1126
f 1214 1216 1129
f 1125 1009 1131
f 937 1388 1016
f 1130 1019 1128
f 1130 1132 1019
f 1022 1388 937
f 1220 1129 1216
f 1131 1024 1299
f 1134 1132 1221
f 1132 1134 1019
f 1388 1022 1035
f 1139 1129 1220
f 715 1390 1025
f 1390 1136 1025
f 1129 1139 1133
f 1299 941 1300
f 1300 941 1137
f 1221 1026 1134
f 1028 1299 1024
f 1299 1028 941
f 863 1138 715
f 1133 1139 1029
f 1225 1222 863
f 1139 1224 1140
f 1029 1140 1041
f 1139 1140 1029
f 944 1040 1225
f 1226 1034 1026
f 864 1223 1035
f 1226 946 945
f 1226 945 1034
f 1140 1141 1041
f 1228 722 1308
f 947 1308 722
f 1142 1042 1141
f 1142 1043 1042
f 1142 1143 1043
f 1229 1144 1143
f 1145 1144 1229
f 1145 1045 1144
f 1312 1045 1145
f 1144 1045 730
f 1044 949 1230
f 1045 1046 730
f 1146 1045 1312
f 1146 1046 1045
f 1047 1146 1315
f 953 1047 1315
f 1048 953 1404
f 1404 1049 1048
f 1231 1050 1049
f 735 1232 1317
f 1050 1231 1233
f 1050 1233 1147
f 1233 1148 1147
f 794 735 871
f 1150 1054 1500
f 1149 1236 1151
f 1149 1151 1152
f 1237 1056 1150
f 1237 1057 1056
f 1318 1057 1237
f 1153 1058 1154
f 1061 1059 1506
f 1412 1061 1506
f 1062 1061 1412
f 1063 1319 1058
f 1062 1320 876
f 1155 876 1320
f 1155 1064 968
f 1241 1158 875
f 1157 882 1065
f 882 1157 1160
f 1240 1241 875
f 1065 1159 1157
f 886 1244 969
f 971 1244 886
f 971 808 1066
f 973 1247 1156
f 1248 970 1322
f 1246 972 1161
f 753 1512 1066
f 1324 1247 973
f 1514 1252 1248
f 976 1250 1067
f 1068 1325 1162
f 1253 1070 1071
f 1162 1254 1255
f 1255 1328 1163
f 891 1425 1071
f 1425 891 1072
f 1076 1425 1072
f 1256 1525 1077
f 1077 1525 1428
f 980 1428 1074
f 1073 1258 1075
f 1166 1164 1263
f 1164 1165 1263
f 1263 1165 1264
f 1164 1170 1165
f 1167 1165 1176
f 1176 1266 1167
f 1272 1266 1176
f 1168 1164 1166
f 1168 1169 1164
f 1165 1170 1171
f 1165 1171 1176
f 1172 1169 1168
f 1172 1174 1169
f 1169 1170 1164
f 1169 1174 1170
f 1170 1174 1175
f 1170 1175 1171
f 1171 1175 1178
f 1171 1178 1176
f 1176 1177 1272
f 1173 1180 1172
f 1172 1180 1078
f 1172 1078 1174
f 1174 1078 1079
f 1174 1079 1175
f 1175 1079 1080
f 1178 1175 1080
f 1178 1082 1176
f 1176 1082 1177
f 1184 1358 1179
f 1184 1181 1358
f 1083 1180 1173
f 1082 1178 1080
f 1272 1177 1186
f 1274 1181 1182
f 1173 1185 1083
f 987 1187 1186
f 1184 1179 1282
f 1184 1087 1181
f 1181 1087 1085
f 1181 1085 1182
f 1182 1085 1086
f 1182 1086 1183
f 1183 1086 899
f 1186 1177 986
f 1278 1187 987
f 1184 1282 1189
f 1186 986 1188
f 987 1186 1188
f 1088 1279 899
f 1277 1088 1185
f 1278 987 989
f 1280 1278 989
f 1280 989 1281
f 1190 1367 1281
f 1192 1193 1282
f 1189 1193 1089
f 1282 1193 1189
f 1192 1195 1193
f 1190 1091 1191
f 1190 1191 1283
f 1368 1195 1192
f 1195 1194 1193
f 1283 1191 1285
f 1284 1197 1368
f 1368 1197 1195
f 1195 1104 1194
f 1106 1095 1097
f 1098 1095 1106
f 1191 1196 1285
f 1285 1196 1286
f 1100 1196 1191
f 1195 1197 1104
f 1106 1287 1098
f 1098 1201 1095
f 1106 1200 1287
f 1201 1108 1095
f 1197 1199 1114
f 1197 1114 1104
f 1200 1106 1102
f 1196 1206 1202
f 1196 1202 1286
f 1109 1200 1102
f 1203 1108 1201
f 1198 1113 1114
f 1198 1114 1199
f 1200 1109 1289
f 1200 1289 1287
f 1203 922 1108
f 1198 1288 1116
f 1198 1116 1113
f 1289 1109 1118
f 1292 1205 1112
f 1288 1376 1120
f 1120 1116 1288
f 1378 1004 1003
f 1004 1378 1112
f 1202 1206 1204
f 1117 1208 1003
f 1206 1119 1291
f 1204 1206 1291
f 1479 1118 1121
f 1294 1205 1292
f 1205 1294 1122
f 1207 1120 1376
f 1293 1213 1008
f 1117 1209 1211
f 1117 1211 1208
f 1291 1119 1212
f 1481 1008 1213
f 1008 1481 1210
f 1215 1295 934
f 1385 1214 1485
f 1295 1127 934
f 1385 1216 1214
f 1385 1217 1216
f 1297 1130 1128
f 1131 1298 1125
f 1131 1299 1298
f 1386 1220 1216
f 1132 1130 1301
f 1218 1219 1135
f 1135 1219 1300
f 1218 1304 1219
f 1218 1305 1304
f 1301 1221 1132
f 1218 1135 1136
f 1218 1136 1305
f 1392 1388 1035
f 1220 1224 1139
f 1300 1137 1135
f 1390 715 1138
f 1223 1392 1035
f 1395 1026 1221
f 1307 1392 1223
f 1226 1026 1395
f 1140 1396 1227
f 1223 1044 1307
f 1140 1227 1141
f 1227 1142 1141
f 1310 1142 1227
f 1143 1310 1229
f 1143 1142 1310
f 1230 1311 1044
f 1404 953 1315
f 1316 1049 1404
f 1231 1049 1497
f 1314 955 1406
f 1406 955 1317
f 1233 1231 1407
f 1234 1235 1233
f 1233 1235 1148
f 1053 1409 794
f 1235 1500 1148
f 873 1055 1053
f 1148 1500 1054
f 1152 1502 1149
f 1152 1238 1502
f 1153 1238 1152
f 1153 1154 1238
f 1059 1057 1318
f 1506 1059 1318
f 1320 1062 1412
f 1320 1239 1155
f 1155 1239 1064
f 1156 1417 1319
f 1064 1159 1065
f 1241 1321 1158
f 1157 1243 1160
f 1244 1242 969
f 969 1242 1240
f 1321 1416 1158
f 1158 1416 1161
f 1247 1417 1156
f 1416 1245 1161
f 970 1243 1322
f 1161 1245 1246
f 1249 1515 1512
f 1246 1323 972
f 1420 1324 1251
f 972 1323 1068
f 1252 1514 1517
f 1067 1250 1249
f 1326 1251 977
f 975 1421 976
f 1252 1421 975
f 1323 1325 1068
f 1326 977 1253
f 1325 1254 1162
f 1253 1071 1425
f 1256 1163 1525
f 1074 1428 1073
f 1075 1257 1076
f 1073 1329 1258
f 1264 1259 1261
f 1262 1260 1341
f 1265 1261 1340
f 1341 1264 1262
f 1261 1263 1264
f 1264 1167 1262
f 1349 1345 1262
f 1262 1167 1349
f 1261 1265 1166
f 1261 1166 1263
f 1264 1165 1167
f 1167 1266 1349
f 1265 1344 1269
f 1349 1266 1267
f 1269 1168 1265
f 1265 1168 1166
f 1267 1266 1272
f 1269 1268 1168
f 1267 1272 1187
f 1267 1187 1270
f 1358 1355 1271
f 1355 1181 1273
f 1274 1276 1273
f 1268 1275 1173
f 1268 1173 1172
f 1268 1172 1168
f 1187 1365 1270
f 1365 1366 1270
f 1463 1179 1358
f 1358 1181 1355
f 1273 1181 1274
f 1276 1274 1182
f 1272 1186 1187
f 1276 1182 1183
f 899 1547 1183
f 1279 1547 899
f 1277 1185 1173
f 1187 1278 1365
f 1278 1280 1365
f 1365 1280 1466
f 1088 1277 1279
f 1367 1283 1471
f 1367 1190 1283
f 1283 1285 1370
f 1370 1285 1371
f 1198 1199 1284
f 1284 1199 1197
f 1201 1098 1287
f 1204 1286 1202
f 1201 1476 1203
f 1372 1286 1375
f 1286 1204 1375
f 1377 1287 1289
f 1375 1204 1290
f 1373 1376 1288
f 1293 1203 1478
f 1290 1204 1291
f 1374 1207 1376
f 1003 1208 1378
f 1292 1112 1378
f 1374 1480 1207
f 1381 1211 1209
f 1381 1209 1210
f 1211 1381 1482
f 1382 1294 1292
f 1480 1214 1207
f 1479 1121 1556
f 1210 1380 1381
f 1210 1481 1380
f 1382 1295 1294
f 1295 1215 1294
f 1485 1214 1480
f 1383 1296 1486
f 1556 1125 1561
f 1128 1295 1297
f 1128 1127 1295
f 1298 1299 1565
f 1388 1567 1016
f 1216 1217 1386
f 1565 1299 1300
f 1303 1219 1304
f 1386 1302 1220
f 1136 1390 1305
f 1306 1224 1220
f 1306 1220 1302
f 1490 1488 1138
f 1490 1138 1222
f 1395 1221 1301
f 1395 1301 1391
f 1222 1138 863
f 1224 1306 1396
f 1394 1222 1225
f 1396 1140 1224
f 1225 1040 1573
f 947 1398 1493
f 1493 1308 947
f 947 946 1398
f 1398 946 1226
f 1044 1311 1307
f 1310 1227 1309
f 1312 1145 1575
f 1311 1230 1402
f 1402 1230 1401
f 1313 1146 1578
f 1578 1146 1312
f 1314 1401 1230
f 1315 1146 1313
f 1316 1497 1049
f 1317 1232 1406
f 1407 1234 1233
f 794 1232 735
f 1053 1499 1409
f 1058 1504 1154
f 1239 1320 1713
f 1239 1159 1064
f 1240 1321 1241
f 1159 1510 1157
f 1589 1510 1159
f 1157 1510 1243
f 1414 1244 971
f 1242 1244 1414
f 1414 1509 1242
f 1240 1242 1321
f 1242 1509 1321
f 971 1066 1418
f 1322 1243 1592
f 1511 1595 1245
f 1595 1246 1245
f 1247 1513 1417
f 1595 1323 1246
f 1324 1516 1247
f 1322 1514 1248
f 1326 1420 1251
f 1517 1421 1252
f 1250 976 1421
f 1323 1422 1325
f 1253 1327 1326
f 1325 1424 1254
f 1424 1255 1254
f 1424 1328 1255
f 1328 1426 1163
f 1163 1426 1525
f 1329 1073 1428
f 1258 1527 1075
f 1075 1527 1430
f 1330 1332 1433
f 1334 1333 1259
f 1442 1330 1331
f 1442 1339 1330
f 1330 1339 1332
f 1332 1347 1433
f 1332 1346 1347
f 1433 1347 1336
f 1440 1340 1333
f 1334 1259 1337
f 1337 1338 1335
f 1342 1441 1338
f 1339 1346 1332
f 1336 1347 1443
f 1333 1261 1259
f 1337 1259 1341
f 1337 1341 1338
f 1338 1260 1342
f 1448 1339 1442
f 1440 1344 1340
f 1333 1340 1261
f 1264 1341 1259
f 1338 1341 1260
f 1343 1339 1448
f 1346 1352 1347
f 1347 1348 1443
f 1350 1344 1440
f 1340 1344 1265
f 1345 1260 1262
f 1260 1345 1342
f 1342 1345 1351
f 1343 1357 1339
f 1352 1348 1347
f 1345 1349 1351
f 1339 1357 1346
f 1346 1354 1352
f 1357 1354 1346
f 1352 1455 1348
f 1350 1269 1344
f 1349 1267 1351
f 1351 1270 1453
f 1270 1351 1267
f 1453 1270 1360
f 1343 1356 1357
f 1354 1455 1352
f 1269 1275 1268
f 1353 1356 1343
f 1353 1362 1356
f 1355 1359 1458
f 1355 1273 1359
f 1270 1366 1360
f 1362 1364 1356
f 1359 1273 1276
f 1359 1276 1361
f 1363 1361 1276
f 1356 1364 1357
f 1364 1467 1357
f 1183 1363 1276
f 1547 1363 1183
f 1275 1277 1173
f 1366 1365 1466
f 1467 1282 1463
f 1463 1282 1179
f 1466 1280 1281
f 1367 1466 1281
f 1368 1192 1369
f 1369 1192 1282
f 1369 1282 1467
f 1370 1471 1283
f 1472 1284 1368
f 1471 1370 1371
f 1473 1198 1284
f 1286 1371 1285
f 1371 1286 1372
f 1550 1288 1198
f 1473 1550 1198
f 1550 1373 1288
f 1476 1201 1287
f 1374 1376 1373
f 1478 1203 1476
f 1290 1475 1375
f 1477 1480 1374
f 1208 1558 1378
f 1378 1379 1292
f 1379 1382 1292
f 1211 1482 1208
f 1212 1559 1291
f 1554 1485 1480
f 1382 1384 1295
f 1384 1297 1295
f 1126 1486 1296
f 1638 1561 1125
f 1385 1487 1217
f 1638 1125 1298
f 1300 1387 1565
f 1566 1301 1130
f 1217 1389 1386
f 1300 1219 1387
f 1387 1219 1303
f 1568 1387 1303
f 1386 1389 1302
f 1570 1303 1304
f 1570 1304 1305
f 1305 1390 1570
f 1302 1393 1306
f 1306 1393 1572
f 1222 1394 1490
f 1306 1572 1396
f 1225 1573 1394
f 1397 1226 1395
f 1572 1227 1396
f 1398 1226 1397
f 1227 1572 1494
f 1228 1399 1040
f 1399 1573 1040
f 1645 1392 1307
f 1399 1228 1308
f 1399 1308 1574
f 1574 1308 1493
f 1309 1227 1494
f 1311 1400 1307
f 1838 1229 1309
f 1309 1229 1310
f 1400 1311 1402
f 1578 1312 1575
f 1315 1313 1403
f 1314 1405 1401
f 1314 1406 1405
f 1405 1406 1408
f 1497 1407 1231
f 1406 1232 1408
f 1409 1232 794
f 1408 1232 1409
f 1498 1408 1409
f 1499 1498 1409
f 1235 1234 1708
f 1499 1055 1410
f 1053 1055 1499
f 1236 1410 1055
f 1501 1410 1236
f 1236 1149 1501
f 1585 1318 1237
f 1058 1411 1504
f 1506 1318 1505
f 1319 1411 1058
f 1713 1413 1239
f 1413 1508 1239
f 1239 1508 1159
f 1509 1415 1321
f 1415 1591 1416
f 1321 1415 1416
f 1510 1592 1243
f 1414 971 1418
f 1416 1511 1245
f 1066 1419 1418
f 1592 1658 1322
f 1512 1419 1066
f 1247 1516 1513
f 1658 1514 1322
f 1250 1518 1249
f 1323 1519 1422
f 1522 1420 1326
f 1522 1326 1327
f 1422 1521 1325
f 1325 1521 1424
f 1253 1425 1327
f 1327 1425 1423
f 1523 1328 1424
f 1601 1425 1076
f 1427 1428 1525
f 1430 1257 1075
f 1427 1429 1428
f 1428 1429 1329
f 1329 1429 1258
f 1530 1433 1432
f 1432 1444 1434
f 1610 1331 1431
f 1431 1330 1530
f 1530 1330 1433
f 1433 1336 1432
f 1432 1443 1444
f 1434 1444 1534
f 1438 1333 1435
f 1435 1333 1334
f 1436 1335 1437
f 1441 1533 1335
f 1431 1331 1330
f 1432 1336 1443
f 1438 1440 1333
f 1436 1334 1337
f 1436 1337 1335
f 1335 1338 1441
f 1445 1536 1441
f 1614 1442 1331
f 1444 1443 1439
f 1441 1342 1445
f 1536 1445 1447
f 1445 1451 1447
f 1445 1342 1451
f 1614 1448 1442
f 1443 1446 1439
f 1446 1443 1348
f 1616 1350 1440
f 1451 1342 1351
f 1447 1451 1449
f 1452 1343 1448
f 1439 1446 1454
f 1449 1451 1453
f 1452 1353 1343
f 1439 1454 1450
f 1451 1351 1453
f 1454 1446 1456
f 1348 1455 1456
f 1348 1456 1446
f 1457 1458 1454
f 1454 1458 1450
f 1460 1453 1360
f 1453 1460 1538
f 1350 1275 1269
f 1461 1455 1354
f 1455 1462 1459
f 1455 1459 1456
f 1456 1459 1271
f 1456 1271 1454
f 1457 1271 1355
f 1454 1271 1457
f 1457 1355 1458
f 1461 1462 1455
f 1459 1358 1271
f 1542 1458 1359
f 1361 1542 1359
f 1541 1542 1361
f 1541 1361 1737
f 1460 1360 1464
f 1546 1465 1353
f 1465 1362 1353
f 1462 1463 1358
f 1462 1358 1459
f 1363 1737 1361
f 1366 1464 1360
f 1462 1461 1463
f 1354 1357 1461
f 1545 1277 1275
f 1357 1467 1461
f 1461 1467 1463
f 1468 1464 1366
f 1364 1470 1467
f 1279 1621 1547
f 1621 1279 1277
f 1366 1466 1468
f 1467 1470 1369
f 1465 1549 1362
f 1362 1549 1364
f 1367 1468 1466
f 1549 1470 1364
f 1469 1367 1471
f 1549 1472 1470
f 1470 1472 1369
f 1369 1472 1368
f 1473 1472 1549
f 1626 1471 1371
f 1472 1473 1284
f 1687 1371 1372
f 1372 1474 1687
f 1551 1374 1373
f 1550 1551 1373
f 1375 1474 1372
f 1477 1374 1551
f 1632 1287 1377
f 1287 1632 1476
f 1289 1552 1377
f 1690 1475 1290
f 1118 1479 1289
f 1479 1552 1289
f 1690 1290 1291
f 1477 1553 1480
f 1379 1378 1558
f 1208 1482 1558
f 1483 1381 1380
f 1562 1382 1379
f 1383 1564 1212
f 1560 1485 1554
f 1483 1380 1481
f 1484 1384 1382
f 1484 1382 1562
f 1560 1487 1485
f 1484 1566 1384
f 1487 1385 1485
f 1566 1297 1384
f 1217 1487 1755
f 1566 1130 1297
f 1755 1389 1217
f 1388 1639 1567
f 1389 1755 1642
f 1303 1569 1568
f 1570 1569 1303
f 1390 1701 1570
f 1488 1390 1138
f 1489 1392 1644
f 1302 1389 1393
f 1488 1490 1643
f 1391 1571 1395
f 1571 1492 1395
f 1491 1490 1394
f 1835 1397 1492
f 1492 1397 1395
f 1766 1493 1835
f 1835 1493 1397
f 1493 1398 1397
f 1400 1645 1307
f 1145 1229 1838
f 1838 1575 1145
f 1576 1400 1402
f 1403 1313 1577
f 1402 1401 1495
f 1315 1579 1404
f 1579 1315 1403
f 1401 1405 1495
f 1316 1404 1579
f 1495 1405 1496
f 1408 1496 1405
f 1496 1408 1498
f 1649 1499 1410
f 1410 1501 1649
f 1584 1150 1500
f 1584 1237 1150
f 1780 1237 1584
f 1238 1710 1502
f 1585 1237 1780
f 1154 1503 1238
f 1504 1503 1154
f 1320 1412 1587
f 1319 1507 1411
f 1417 1507 1319
f 1508 1656 1159
f 1159 1656 1589
f 1787 1509 1414
f 1591 1511 1416
f 1417 1513 1507
f 1419 1512 1515
f 1511 1661 1595
f 1658 1859 1514
f 1595 1519 1323
f 1249 1518 1515
f 1324 1420 1516
f 1517 1792 1421
f 1422 1519 1520
f 1522 1596 1420
f 1421 1597 1250
f 1423 1522 1327
f 1423 1600 1522
f 1601 1423 1425
f 1424 1521 1523
f 1426 1328 1523
f 1076 1257 1601
f 1257 1430 1524
f 1525 1426 1427
f 1527 1526 1607
f 1527 1604 1430
f 1430 1604 1524
f 1427 1528 1429
f 1528 1526 1429
f 1429 1526 1258
f 1258 1526 1527
f 1432 1609 1608
f 1529 1530 1608
f 1608 1530 1432
f 1529 1431 1530
f 1609 1432 1434
f 1726 1609 1531
f 1609 1434 1531
f 1436 1611 1665
f 1612 1668 1437
f 1529 1610 1431
f 1434 1534 1531
f 1535 1531 1534
f 1532 1435 1665
f 1665 1435 1334
f 1665 1334 1436
f 1532 1438 1435
f 1437 1335 1612
f 1612 1335 1533
f 1610 1614 1331
f 1439 1534 1444
f 1534 1439 1535
f 1536 1447 1615
f 1614 1617 1448
f 1439 1539 1535
f 1615 1447 1449
f 1439 1450 1539
f 1535 1539 1537
f 1617 1452 1448
f 1619 1449 1453
f 1619 1453 1538
f 1617 1540 1452
f 1618 1537 1539
f 1616 1735 1620
f 1620 1350 1616
f 1541 1618 1539
f 1540 1353 1452
f 1539 1542 1541
f 1539 1450 1542
f 1542 1450 1458
f 1620 1275 1350
f 1543 1538 1460
f 1540 1682 1546
f 1546 1353 1540
f 1737 1544 1541
f 1545 1275 1620
f 1464 1683 1460
f 1622 1546 1682
f 1683 1464 1624
f 1621 1277 1545
f 1464 1468 1624
f 1622 1628 1546
f 1628 1465 1546
f 1468 1367 1469
f 1468 1469 1624
f 1548 1465 1628
f 1465 1473 1549
f 1465 1548 1473
f 1626 1371 1687
f 1548 1550 1473
f 1551 1550 1548
f 1477 1551 1629
f 1375 1630 1474
f 1475 1630 1375
f 1634 1478 1476
f 1634 1476 1632
f 1634 1293 1478
f 1554 1480 1553
f 1558 1482 1555
f 1690 1291 1559
f 1483 1557 1381
f 1555 1562 1558
f 1558 1562 1379
f 1635 1483 1481
f 1749 1557 1483
f 1562 1563 1484
f 1484 1563 1566
f 1383 1486 1696
f 1565 1638 1298
f 1126 1567 1639
f 1126 1639 1486
f 1565 1387 1568
f 1569 1698 1568
f 1569 1699 1698
f 1640 1301 1566
f 1639 1388 1489
f 1389 1642 1700
f 1391 1301 1640
f 1388 1392 1489
f 1390 1488 1701
f 1832 1393 1389
f 1491 1643 1490
f 1832 1572 1393
f 1836 1491 1394
f 1766 1574 1493
f 1494 1838 1309
f 1578 1577 1313
f 1577 1579 1403
f 1647 1402 1495
f 1495 1580 1648
f 1496 1580 1495
f 1775 1407 1497
f 1496 1581 1580
f 1582 1496 1498
f 1581 1496 1582
f 1650 1581 1582
f 1499 1582 1498
f 1649 1582 1499
f 1582 1649 1650
f 1654 1235 1708
f 1649 1501 1583
f 1583 1501 1149
f 1654 1500 1235
f 1238 1503 1710
f 1504 1655 1503
f 1318 1585 1782
f 1505 1318 1782
f 1504 1586 1655
f 1411 1586 1504
f 1587 1713 1320
f 1713 1714 1413
f 1413 1588 1508
f 1508 1588 1656
f 1787 1657 1509
f 1509 1590 1415
f 1657 1590 1509
f 1591 1415 1590
f 1589 1592 1510
f 1593 1787 1418
f 1418 1787 1414
f 1593 1418 1660
f 1418 1419 1660
f 1662 1419 1515
f 1595 1661 1791
f 1718 1513 1516
f 1855 1513 1718
f 1514 1859 1517
f 1595 1594 1519
f 1596 1718 1516
f 1596 1516 1420
f 1518 1250 1597
f 1597 1421 1863
f 1598 1422 1520
f 1422 1598 1521
f 1521 1602 1523
f 1524 1603 1257
f 1257 1603 1601
f 1523 1602 1605
f 1605 1426 1523
f 1605 1606 1426
f 1427 1426 1606
f 1604 1527 1607
f 1606 1528 1427
f 1529 1608 1663
f 1668 1666 1611
f 1611 1436 1437
f 1611 1437 1668
f 1667 1531 1535
f 1667 1535 1613
f 1613 1535 1537
f 1533 1441 1536
f 1533 1536 1670
f 1731 1614 1610
f 1671 1440 1438
f 1671 1616 1440
f 1615 1733 1536
f 1615 1449 1619
f 1618 1613 1537
f 1676 1540 1617
f 1735 1616 1673
f 1538 1674 1619
f 1543 1674 1538
f 1541 1678 1618
f 1544 1678 1541
f 1683 1543 1460
f 1543 1683 1681
f 1679 1682 1540
f 1545 1620 1680
f 1363 1547 1737
f 1685 1683 1624
f 1623 1628 1622
f 1471 1625 1469
f 1471 1626 1625
f 1623 1548 1628
f 1623 1686 1629
f 1623 1629 1548
f 1551 1548 1629
f 1744 1687 1474
f 1744 1897 1687
f 1629 1688 1477
f 1688 1553 1477
f 1631 1553 1688
f 1377 1689 1632
f 1554 1553 1631
f 1377 1552 1689
f 1632 1689 1633
f 1632 1633 1634
f 1552 1479 1695
f 1552 1695 1689
f 1293 1634 1213
f 1634 1635 1213
f 1557 1694 1381
f 1694 1482 1381
f 1694 1555 1482
f 1691 1560 1554
f 1556 1637 1479
f 1213 1635 1481
f 1561 1637 1556
f 1555 1750 1562
f 1750 1563 1562
f 1753 1563 1750
f 1754 1487 1560
f 1566 1563 1753
f 1383 1696 1564
f 1638 1637 1561
f 1638 1697 1637
f 1827 1755 1487
f 1568 1638 1565
f 1638 1568 1697
f 1640 1566 1636
f 1639 1641 1486
f 1486 1641 1756
f 1698 1697 1568
f 1489 1641 1639
f 1701 1569 1570
f 1641 1760 1830
f 1641 1489 1760
f 1640 1571 1391
f 1702 1571 1640
f 1643 1703 1488
f 1489 1644 1760
f 1702 1492 1571
f 1492 1702 1704
f 1392 1645 1644
f 1836 1394 1573
f 1573 1399 1836
f 1399 1574 1766
f 1836 1399 1766
f 1838 1494 1980
f 1575 1838 1646
f 1646 1578 1575
f 1647 1576 1402
f 1495 1648 1647
f 1773 1497 1316
f 1580 1581 1648
f 1407 1775 1234
f 1234 1775 1708
f 1650 1649 1653
f 1653 1649 1583
f 1653 1583 1651
f 1149 1652 1583
f 1651 1583 1652
f 1502 1652 1149
f 1844 1652 1502
f 1654 1584 1500
f 1584 1654 1709
f 1778 1780 1584
f 1586 1781 1655
f 1586 1712 1781
f 1783 1506 1505
f 1712 1586 1411
f 1506 1783 1412
f 1412 1783 1587
f 1507 1712 1411
f 1714 1588 1413
f 1589 1856 1592
f 1656 1856 1589
f 1856 1658 1592
f 1660 1659 1593
f 1787 1593 1659
f 1715 1513 1855
f 1715 1507 1513
f 1661 1511 1591
f 1419 1662 1660
f 1594 1595 1791
f 1662 1515 1719
f 1597 1719 1518
f 1515 1518 1719
f 1717 1718 1596
f 1792 1862 1421
f 1862 1863 1421
f 1520 1519 1594
f 1520 1594 1794
f 1520 1794 1598
f 1599 1596 1522
f 1717 1596 1599
f 1522 1600 1599
f 1599 1600 1720
f 1795 1521 1598
f 1423 1601 1603
f 1602 1723 1605
f 1605 1798 1606
f 1798 1528 1606
f 1528 1800 1526
f 1526 1801 1607
f 1800 1801 1526
f 1663 1608 1725
f 1725 1608 1609
f 1727 1610 1529
f 1727 1529 1663
f 1669 1532 1664
f 1664 1532 1665
f 1726 1531 1667
f 1669 1438 1532
f 1731 1610 1727
f 1533 1730 1612
f 1730 1533 1670
f 1881 1613 1811
f 1733 1732 1536
f 1672 1614 1731
f 1616 1671 1808
f 1672 1617 1614
f 1672 1676 1617
f 1618 1811 1613
f 1810 1811 1618
f 1678 1810 1618
f 1735 1673 1891
f 1674 1677 1734
f 1674 1543 1677
f 1676 1679 1540
f 1675 1679 1676
f 1543 1681 1677
f 1680 1620 1735
f 1736 1682 1679
f 1680 1621 1545
f 1683 1685 1681
f 1738 1622 1682
f 1740 1622 1738
f 1684 1622 1740
f 1684 1623 1622
f 1469 1685 1624
f 1625 1685 1469
f 1684 1741 1686
f 1627 1625 1626
f 1686 1623 1684
f 1686 1688 1629
f 1688 1742 1743
f 1631 1745 1746
f 1746 1554 1631
f 1695 1752 1689
f 1689 1692 1633
f 1633 1693 1634
f 1633 1692 1693
f 1554 1746 1691
f 1692 1689 1752
f 1693 1635 1634
f 1693 1748 1635
f 1637 1695 1479
f 1825 1560 1691
f 1212 1564 1559
f 1695 1637 1751
f 1636 1566 1753
f 1754 1827 1487
f 1637 1697 1751
f 1486 1756 1696
f 1827 1829 1755
f 1641 1830 1756
f 1832 1389 1700
f 1701 1488 1703
f 1760 1644 1705
f 1491 1761 1643
f 1491 1765 1761
f 1645 1705 1644
f 1704 1835 1492
f 1572 1832 1764
f 1765 1491 1836
f 1705 1645 1767
f 1572 1764 1494
f 1645 1400 1767
f 1764 1980 1494
f 1768 1576 1706
f 1646 1981 1578
f 1647 1706 1576
f 1707 1706 1647
f 1578 1981 1577
f 1647 1648 1707
f 1579 1773 1316
f 1581 1772 1648
f 1776 1653 1651
f 1709 1654 1777
f 1778 1584 1709
f 1710 1844 1502
f 1585 1780 1782
f 1846 1505 1782
f 1711 1781 1712
f 1783 1505 1846
f 1712 1507 1784
f 1848 1587 1783
f 1848 1713 1587
f 1507 1715 1784
f 1785 1588 1714
f 1785 1786 1588
f 1588 1786 1656
f 1786 1856 1656
f 1856 1858 1658
f 1790 1788 1660
f 1659 1660 1788
f 1662 1790 1660
f 1590 1716 1591
f 1661 1591 1716
f 1930 1859 1658
f 1933 1662 1719
f 1997 1517 1859
f 1791 1793 1594
f 1720 1866 1599
f 1599 1866 1717
f 1602 1521 1795
f 1603 1721 1600
f 1603 1600 1423
f 1722 1603 1524
f 1602 1796 1723
f 1604 1797 1524
f 1722 1524 1797
f 1723 1798 1605
f 1798 1724 1528
f 1528 1724 1800
f 1802 1663 1725
f 1945 1725 1609
f 1609 1804 1945
f 1727 1802 1803
f 1802 1727 1663
f 1805 1727 1803
f 1726 1804 1609
f 1669 1729 1728
f 1669 1664 1729
f 1664 1665 1942
f 1942 1665 1611
f 1942 1611 1944
f 1944 1611 1666
f 1726 1667 1878
f 1668 1730 1666
f 1612 1730 1668
f 1805 1731 1727
f 1728 1438 1669
f 1613 1881 1667
f 1882 1438 1728
f 1670 1732 1730
f 1536 1732 1670
f 1808 1671 1882
f 1882 1671 1438
f 1885 1672 1806
f 1806 1672 1731
f 1673 1616 1808
f 1809 1733 1615
f 1619 1809 1615
f 1809 1619 1674
f 1675 1672 1885
f 1675 1676 1672
f 1675 1736 1679
f 1677 1681 1812
f 1681 1685 1739
f 1812 1681 1739
f 2017 1547 1813
f 1737 1547 2017
f 1738 1682 1736
f 1813 1547 1621
f 1813 1621 1680
f 1685 1814 1739
f 1741 1684 1740
f 1814 1685 1627
f 1627 1817 1814
f 1627 1685 1625
f 1817 1627 1626
f 1742 1741 1743
f 1741 1742 1686
f 1687 1817 1626
f 1896 1687 1897
f 1742 1688 1686
f 1474 1630 1744
f 1745 1743 1819
f 1743 1745 1631
f 1743 1631 1688
f 1475 2025 1630
f 1745 1898 1746
f 1690 1820 1475
f 1747 1693 1692
f 1749 1821 1557
f 1557 2027 1694
f 1559 1820 1690
f 1693 1747 1823
f 1693 1823 1748
f 1748 1822 1635
f 1555 1694 1750
f 1746 1825 1691
f 1695 1751 1752
f 1635 1822 1483
f 1483 1822 1749
f 1754 1560 1825
f 1751 1757 1752
f 1828 1696 1756
f 1828 1564 1696
f 1751 1697 1757
f 1755 1829 1831
f 1831 1642 1755
f 1757 1697 1698
f 1826 1640 1636
f 1757 1698 1699
f 1701 1759 1569
f 1759 1699 1569
f 1640 1758 1702
f 1703 1759 1701
f 1761 1703 1643
f 1833 1760 1705
f 1765 1763 1761
f 1762 1835 1704
f 2034 1836 1766
f 1400 1576 1767
f 1576 1837 1767
f 1839 1837 1576
f 1576 1768 1839
f 1706 1707 1768
f 1981 1771 1577
f 1840 1707 1770
f 1771 1579 1577
f 1648 1769 1707
f 1707 1769 1770
f 1772 1769 1648
f 1579 1912 1773
f 1769 1772 1774
f 1773 1775 1497
f 1581 1774 1772
f 1650 1774 1581
f 1650 1653 1774
f 2041 1777 1654
f 1652 1844 1651
f 1710 1921 1844
f 1503 1779 1710
f 1655 1779 1503
f 1845 1779 1781
f 1779 1655 1781
f 1846 1782 1922
f 1712 1784 1711
f 1926 1784 1789
f 1848 1714 1713
f 1850 1714 1849
f 1715 1789 1784
f 1852 1657 1851
f 1590 1657 1852
f 1788 1853 1659
f 1659 1853 1787
f 1657 1787 1851
f 1852 1854 1590
f 1928 1856 1786
f 1716 1590 1854
f 1715 1855 1789
f 1858 1930 1658
f 1717 1855 1718
f 1997 1792 1517
f 1597 1864 1719
f 1597 1863 1864
f 1793 1794 1594
f 1598 1794 1795
f 1602 1795 1796
f 1722 1721 1603
f 1600 1721 1720
f 1939 1940 1796
f 1940 1723 1796
f 1723 1940 1798
f 1798 1799 1724
f 1870 1802 1725
f 1945 1870 1725
f 1803 1802 1871
f 1942 1872 1664
f 1874 1805 1803
f 1878 1804 1726
f 1872 1729 1664
f 1873 1666 1730
f 1730 1877 1873
f 1879 1877 1730
f 1731 1805 1806
f 1881 1878 1667
f 1732 1879 1730
f 1883 1879 1732
f 1733 1807 1732
f 1810 2010 1811
f 1887 1891 1673
f 1889 1675 1885
f 1809 1674 1734
f 1809 1734 1888
f 1812 2013 1734
f 1734 1677 1812
f 1890 1736 1675
f 1737 2016 1544
f 1737 2017 2016
f 1957 1680 1735
f 1813 1680 1957
f 1812 1739 1894
f 1895 1736 1890
f 1895 1738 1736
f 1815 1740 1738
f 1815 1738 1895
f 1815 1741 1740
f 1816 1741 1815
f 1818 1741 1816
f 1818 1743 1741
f 1687 1896 1817
f 1963 1743 1818
f 1819 1743 1963
f 1630 1964 1744
f 1898 1745 1819
f 1630 2025 2024
f 1820 2025 1475
f 1899 1746 1898
f 2027 1557 1821
f 1901 1746 1899
f 1823 1747 2028
f 1823 2028 1748
f 2028 2083 1748
f 2083 1822 1748
f 1822 1821 1749
f 1750 1694 1967
f 1965 1820 1559
f 1825 1746 1901
f 1747 1824 2087
f 1747 1692 1824
f 1747 2087 2028
f 1750 1967 1753
f 1824 1692 1752
f 1754 1825 1901
f 1968 1636 1753
f 1757 1824 1752
f 1968 1970 1826
f 1826 1636 1968
f 1829 1827 1972
f 1828 1756 1830
f 1829 1904 1831
f 1758 1640 1826
f 2030 1642 1831
f 2030 1700 1642
f 1905 1699 1759
f 1760 1974 1830
f 1703 1978 1759
f 1703 1761 1978
f 1704 1976 1906
f 1702 1976 1704
f 1834 1833 1705
f 1906 1762 1704
f 1767 1834 1705
f 2034 1765 1836
f 1834 1767 1837
f 1980 1646 1838
f 1839 1841 1910
f 1839 1768 1841
f 1841 1768 1840
f 1707 1840 1768
f 1840 1770 1985
f 1912 1579 1771
f 1770 1769 1842
f 1774 1842 1769
f 1773 1913 1775
f 1774 1915 1842
f 1653 1915 1774
f 1775 1914 1708
f 1776 1916 1915
f 1776 1915 1653
f 1708 2041 1654
f 1708 1914 2041
f 2042 1916 1776
f 1777 2041 1843
f 2042 1776 1917
f 1776 1651 1917
f 1777 1843 1709
f 1917 1651 1918
f 1918 1651 1844
f 1919 1778 1709
f 1780 1778 1919
f 1779 1921 1710
f 1779 1845 1921
f 1847 1781 1711
f 1784 1924 1711
f 1784 1926 1924
f 1925 1848 1783
f 1714 1848 1849
f 1714 1850 1785
f 1927 1785 1850
f 1786 1785 1927
f 1928 1786 1927
f 1853 1788 1857
f 1853 1851 1787
f 1788 1790 1929
f 1929 1857 1788
f 1854 1860 1716
f 1661 1716 1860
f 1930 1931 1859
f 1661 1860 1791
f 1791 1860 1793
f 1861 1717 1865
f 1855 1717 1861
f 1997 1934 1792
f 1719 1998 1933
f 1792 1934 1862
f 1862 2059 1863
f 1719 1864 2060
f 1866 1865 1717
f 1793 1935 1794
f 1795 1794 1935
f 1795 1935 1936
f 1720 1938 1866
f 1936 1868 1795
f 1868 1796 1795
f 1721 1938 1720
f 1940 2003 1798
f 1607 1869 1604
f 1604 1869 1797
f 1798 2003 1799
f 1799 1941 1724
f 1724 1941 1800
f 1800 1941 1801
f 1941 1869 1801
f 1607 1801 1869
f 1945 2127 1870
f 1870 1871 1802
f 1870 2008 1871
f 1803 1871 1874
f 1729 2125 1875
f 2125 1729 1872
f 1873 1944 1666
f 1805 1874 1876
f 1728 2009 1949
f 2009 1728 1875
f 1875 1728 1729
f 1949 1882 1728
f 1806 1805 1876
f 1881 1880 1878
f 1884 1883 1732
f 1885 1806 1954
f 2011 1808 1882
f 1807 1884 1732
f 1811 2010 1881
f 1887 1808 2011
f 1887 1673 1808
f 1807 1733 1809
f 1886 1807 1809
f 1809 1888 1886
f 2013 1888 1734
f 1890 1675 1889
f 1893 2013 1812
f 2016 2014 1678
f 2014 1810 1678
f 1735 1891 1957
f 1544 2016 1678
f 1893 1812 1894
f 2017 1813 1957
f 1893 1894 1892
f 1895 1890 1959
f 1739 1814 1894
f 1892 1894 1961
f 2078 1815 1895
f 1961 1894 1814
f 1814 1817 1961
f 1815 2078 1816
f 1961 1817 1962
f 2020 1818 1816
f 1896 1962 1817
f 2020 1963 1818
f 2023 1819 1963
f 1630 2024 1964
f 1899 1898 2082
f 1822 1966 1821
f 2027 1967 1694
f 1900 1901 1899
f 1966 1822 2083
f 1968 1753 1967
f 1559 1969 1965
f 1564 1969 1559
f 1828 1969 1564
f 1902 1827 1754
f 1824 1757 2286
f 1827 1902 1972
f 1699 1903 1757
f 1830 1974 1973
f 1830 1973 1828
f 1831 1904 2030
f 1903 1699 1905
f 1977 1832 1700
f 1978 1905 1759
f 1974 1760 1975
f 1760 1833 1975
f 1758 1976 1702
f 1763 1978 1761
f 1833 1834 1907
f 1907 1834 1908
f 1908 1834 1837
f 1839 1908 1837
f 1908 1839 1909
f 1910 1909 1839
f 1981 1646 2157
f 1981 1982 1771
f 1912 1771 1982
f 1984 1985 1770
f 1982 1986 1912
f 1984 1770 1911
f 1770 1842 1911
f 1913 1773 1912
f 2039 1842 1915
f 1913 1914 1775
f 1919 1709 1843
f 1921 1920 1844
f 1920 1918 1844
f 1920 1989 1918
f 1919 1782 1780
f 1919 2103 1782
f 1991 1920 1921
f 1782 2103 1922
f 1991 1921 1845
f 1781 1847 1845
f 1923 1846 1922
f 1923 1783 1846
f 1923 1925 1783
f 1848 1925 1849
f 1849 1925 2113
f 1789 2047 1926
f 1850 1849 2115
f 1850 2115 1927
f 2117 1853 1857
f 1853 2051 1851
f 2117 2051 1853
f 1851 2051 1852
f 1852 2051 2052
f 1855 1994 1789
f 1852 2052 1854
f 2052 1932 1854
f 1856 1996 1858
f 1928 1996 1856
f 1996 1930 1858
f 1861 1994 1855
f 1790 2054 1929
f 1860 1854 1932
f 1790 1662 1933
f 1859 1931 1997
f 1793 1860 1999
f 1934 2058 1862
f 2059 1862 2058
f 1998 1719 2060
f 1935 1793 1999
f 1938 1867 1865
f 1866 1938 1865
f 1938 1937 1867
f 2000 1868 1936
f 1868 1939 1796
f 1721 2001 1938
f 1722 2002 2001
f 1722 2001 1721
f 1939 2185 1940
f 1797 2002 1722
f 1797 1869 2004
f 1799 2003 2124
f 2124 1941 1799
f 2127 2005 1870
f 1942 1943 2066
f 1944 1943 1942
f 2008 2007 1871
f 1947 1945 1804
f 2125 1872 2066
f 2066 1872 1942
f 2007 1874 1871
f 1877 1946 1873
f 1950 1946 1877
f 1876 2007 1948
f 1876 1874 2007
f 1878 1947 1804
f 1879 1950 1877
f 1806 1876 1951
f 1952 1879 1883
f 1951 1954 1806
f 1880 1881 2010
f 2011 1882 1949
f 1883 1884 1952
f 2070 2011 1949
f 1884 1953 1952
f 1807 1953 1884
f 1954 1951 1955
f 1955 1956 1954
f 1956 1885 1954
f 1886 1953 1807
f 2073 1953 1886
f 1956 1889 1885
f 2136 2010 1810
f 1810 2014 2136
f 2015 1891 1887
f 1958 1889 1956
f 1958 1890 1889
f 2016 2207 2014
f 1957 1891 2015
f 1958 1959 1890
f 1892 2142 1893
f 2018 1895 1959
f 2019 1895 2018
f 2078 1895 2019
f 2020 1816 2078
f 1962 1896 2021
f 1896 2080 2021
f 2080 1896 2144
f 1896 1897 2144
f 1897 1744 2081
f 2082 1819 2023
f 2082 1898 1819
f 1820 1965 2025
f 1900 1899 2082
f 1821 1966 2026
f 1821 2026 2027
f 2086 1901 1900
f 2147 1968 1967
f 1969 2084 1965
f 2148 1754 1901
f 1824 2286 2087
f 2148 1902 1754
f 2084 1969 1971
f 1973 1969 1828
f 1971 1969 1973
f 1904 1829 1972
f 2088 1758 1826
f 2031 1905 1978
f 1833 1979 1975
f 1977 1764 1832
f 1907 1979 1833
f 2032 1979 1907
f 1908 2092 1907
f 2033 1980 1764
f 1762 1766 1835
f 1909 2092 1908
f 2157 1646 1980
f 2035 1909 1910
f 2292 1981 2157
f 1910 1841 1983
f 1840 1983 1841
f 1985 1983 1840
f 2038 1986 1982
f 2040 1984 1911
f 1986 1913 1912
f 1987 1913 1986
f 1987 1914 1913
f 1916 1988 1915
f 2043 2042 1917
f 2043 1917 1989
f 1989 1917 1918
f 2104 2043 1989
f 2104 1989 1990
f 1989 1992 1990
f 1989 1920 1992
f 2103 2045 1922
f 1992 1920 1991
f 1847 1993 1845
f 1993 1991 1845
f 1991 1993 2108
f 1991 2108 1992
f 1922 2045 1923
f 1924 1993 1847
f 1924 1847 1711
f 2110 1925 1923
f 1924 1926 2046
f 1926 2047 2046
f 1789 1994 2047
f 2048 1927 2115
f 2117 2252 2051
f 2051 2252 1995
f 2054 1790 2118
f 2119 1999 1932
f 1999 1860 1932
f 1863 2059 1864
f 2000 1936 1935
f 2123 1868 2000
f 2001 1937 1938
f 2001 2002 2063
f 2004 2002 1797
f 2063 2002 2004
f 1940 2185 2003
f 2124 2064 1941
f 1941 2004 1869
f 2067 1943 1944
f 2005 2130 2008
f 2008 1870 2005
f 2190 1945 1947
f 1875 2006 2009
f 2006 1875 2125
f 1944 1873 2067
f 2067 1873 1946
f 2069 1948 2007
f 2133 1947 1878
f 1880 2133 1878
f 1879 2068 1950
f 2071 2068 1879
f 2069 1951 1948
f 1948 1951 1876
f 2071 1879 1952
f 1951 2069 2134
f 2072 2200 1952
f 1953 2072 1952
f 2073 2072 1953
f 2134 1955 1951
f 1956 1955 2012
f 1888 2073 1886
f 2074 2137 2015
f 2074 2015 1887
f 2139 1956 2012
f 2139 1958 1956
f 2076 2013 1893
f 2015 2075 1957
f 2075 2016 2017
f 1957 2075 2017
f 1958 2018 1959
f 1960 2142 1892
f 1892 1961 1960
f 2078 2079 2020
f 1961 1962 1960
f 2021 1960 1962
f 2022 1963 2020
f 2022 2023 1963
f 1744 1964 2081
f 2214 2082 2023
f 1965 2218 2025
f 1965 2084 2218
f 2147 1967 2027
f 2145 2086 1900
f 2220 1968 2147
f 1901 2086 2148
f 1970 1968 2220
f 2407 1970 2220
f 1757 1903 2286
f 1970 2407 2088
f 2084 1971 2085
f 2148 2405 1902
f 2405 1972 1902
f 2088 1826 1970
f 1973 2029 1971
f 2089 1971 2029
f 1974 2029 1973
f 2149 1904 1972
f 1905 2031 1903
f 1975 2029 1974
f 2149 2090 1904
f 2090 2030 1904
f 1977 1700 2030
f 1979 2029 1975
f 2092 2032 1907
f 1762 2034 1766
f 2035 2092 1909
f 2037 1981 2292
f 2037 1982 1981
f 1983 2036 1910
f 2037 2038 1982
f 2038 2094 1986
f 1984 2040 2233
f 2094 1987 1986
f 1911 2039 2040
f 2095 1987 2094
f 1842 2039 1911
f 2095 1914 1987
f 2039 1988 2096
f 1915 1988 2039
f 2097 2096 1988
f 1914 2098 2041
f 2097 1988 1916
f 2097 1916 2100
f 2100 1916 2042
f 2100 2042 2043
f 1843 2099 1919
f 2099 2101 1919
f 2103 1919 2101
f 2106 1990 2044
f 2044 1990 1992
f 2108 2044 1992
f 2045 2167 1923
f 2167 2107 1923
f 1923 2107 2110
f 2112 1993 1924
f 2110 2113 1925
f 2048 1928 1927
f 2050 1996 1928
f 2048 2050 1928
f 1861 2053 1994
f 1931 1930 2177
f 1861 2061 2053
f 2118 1933 2055
f 1933 2118 1790
f 2119 1932 2254
f 1997 1931 2056
f 1865 2061 1861
f 2056 1934 1997
f 1998 2055 1933
f 2062 1999 2119
f 2056 2121 1934
f 2121 2057 1934
f 2057 2058 1934
f 2062 1935 1999
f 1867 2061 1865
f 2000 1935 2062
f 2000 2062 2376
f 2376 2123 2000
f 2001 2184 1937
f 2123 1939 1868
f 2001 2063 2184
f 2189 2004 2065
f 2189 2063 2004
f 2064 2065 1941
f 1941 2065 2004
f 2264 2127 1945
f 2190 2264 1945
f 1943 2126 2066
f 2128 1943 2067
f 2128 2126 1943
f 2193 2190 1947
f 2194 2009 2006
f 2129 2067 1946
f 2068 2129 1946
f 2008 2198 2007
f 2068 1946 1950
f 2069 2007 2198
f 2267 1949 2009
f 2070 1949 2267
f 2010 2133 1880
f 1952 2200 2071
f 2203 2072 2073
f 1955 2135 2012
f 2135 1955 2134
f 2074 1887 2011
f 2138 2073 1888
f 2326 2010 2136
f 2013 2138 1888
f 2076 2138 2013
f 2207 2271 2014
f 2137 2141 2075
f 2015 2137 2075
f 2208 1958 2139
f 2141 2207 2016
f 2016 2075 2141
f 1893 2142 2076
f 2208 2077 1958
f 1958 2077 2018
f 2019 2077 2143
f 2018 2077 2019
f 2143 2078 2019
f 2078 2143 2079
f 2080 2277 2021
f 2212 2020 2079
f 2022 2020 2212
f 1897 2081 2144
f 2214 2023 2022
f 2025 2218 2024
f 2082 2283 1900
f 2145 1900 2283
f 1966 2083 2285
f 2026 2147 2027
f 2218 2084 2085
f 2087 2146 2028
f 2028 2146 2083
f 2089 2085 1971
f 2287 2149 1972
f 2031 1978 2223
f 1763 2223 1978
f 2030 2152 1977
f 2152 2091 1977
f 2091 1764 1977
f 2155 1764 2091
f 2155 2033 1764
f 1762 2153 2034
f 2033 2156 1980
f 2035 2230 2092
f 2035 2229 2230
f 2292 2157 2158
f 2229 2035 2159
f 2035 1910 2036
f 2093 2036 1983
f 2231 2038 2037
f 1985 1984 1983
f 2232 2094 2038
f 2353 2094 2232
f 2160 2095 2094
f 2039 2096 2040
f 2095 2098 1914
f 2098 1843 2041
f 2097 2100 2163
f 2099 2098 2102
f 2098 2099 1843
f 2104 2164 2043
f 2043 2164 2100
f 2099 2102 2101
f 2105 2103 2101
f 2101 2165 2105
f 2106 2104 1990
f 2103 2105 2045
f 2105 2166 2045
f 2167 2045 2166
f 2168 2044 2108
f 2110 2107 2109
f 2110 2109 2113
f 2111 2113 2109
f 2114 2112 1924
f 2111 2169 2113
f 1924 2046 2114
f 1849 2113 2169
f 2047 2171 2046
f 1994 2171 2047
f 2048 2115 2049
f 1994 2116 2171
f 2049 2050 2048
f 1995 2172 2051
f 2053 2116 1994
f 2172 2052 2051
f 1929 2054 2175
f 2254 1932 2052
f 2174 1930 1996
f 2175 2054 2118
f 2174 2177 1930
f 2178 1931 2177
f 2056 1931 2178
f 2120 2055 1998
f 2255 2120 2060
f 1998 2060 2120
f 2258 2062 2119
f 2183 2121 2056
f 2121 2182 2057
f 2057 2182 2058
f 2058 2122 2059
f 2182 2122 2058
f 2059 2122 1864
f 2060 1864 2122
f 2311 2061 1867
f 2260 2311 1867
f 1937 2260 1867
f 2376 2261 2123
f 2313 1939 2123
f 1939 2313 2185
f 2184 2063 2187
f 2003 2262 2124
f 2315 2065 2064
f 2263 2125 2066
f 2126 2263 2066
f 2006 2265 2194
f 2263 2265 2006
f 2006 2125 2263
f 2266 2193 1947
f 2008 2131 2198
f 2130 2131 2008
f 2132 2266 1947
f 1947 2133 2132
f 2194 2267 2009
f 2198 2131 2196
f 2070 2267 2201
f 2197 2068 2071
f 2069 2199 2269
f 2072 2203 2200
f 2134 2069 2269
f 2201 2011 2070
f 2137 2074 2201
f 2201 2074 2011
f 2138 2205 2073
f 2139 2012 2135
f 2271 2136 2014
f 2140 2208 2139
f 2208 2273 2077
f 2272 2076 2142
f 2210 2142 1960
f 2211 2079 2143
f 2021 2277 1960
f 2277 2210 1960
f 2214 2022 2212
f 2216 2081 1964
f 2024 2217 1964
f 2218 2217 2024
f 2026 1966 2339
f 2146 2285 2083
f 2086 2463 2148
f 2342 2146 2087
f 2286 2342 2087
f 2288 2085 2089
f 2222 2088 2407
f 2343 1972 2405
f 1758 2088 2222
f 2090 2149 2150
f 1758 1906 1976
f 2150 2030 2090
f 2150 2151 2152
f 2150 2152 2030
f 2345 1762 1906
f 2226 2091 2152
f 1763 1765 2154
f 1762 2345 2153
f 2226 2155 2091
f 2154 1765 2034
f 2289 1979 2032
f 2034 2153 2154
f 2230 2032 2092
f 2156 2033 2227
f 2228 2157 2156
f 2157 1980 2156
f 2350 2037 2292
f 2036 2093 2159
f 2036 2159 2035
f 2231 2037 2350
f 2232 2038 2231
f 1984 2093 1983
f 2040 2161 2233
f 2354 2095 2160
f 2096 2161 2040
f 2095 2354 2234
f 2096 2097 2161
f 2234 2098 2095
f 2161 2097 2235
f 2097 2163 2235
f 2234 2355 2162
f 2162 2098 2234
f 2162 2355 2236
f 2162 2236 2102
f 2162 2102 2098
f 2165 2101 2102
f 2106 2238 2104
f 2105 2165 2166
f 2167 2166 2241
f 2107 2167 2241
f 2299 2168 2108
f 2109 2107 2244
f 2299 2108 1993
f 1993 2112 2299
f 2169 2300 2115
f 2170 2301 2046
f 2114 2046 2301
f 1849 2169 2115
f 2115 2249 2049
f 2170 2046 2171
f 2050 2049 2249
f 2173 2050 2249
f 2053 2306 2116
f 2173 1996 2050
f 2251 1929 2175
f 1929 2251 1857
f 2307 2052 2172
f 2253 2174 2173
f 1996 2173 2174
f 2052 2307 2254
f 2176 2177 2174
f 2055 2179 2118
f 2175 2118 2179
f 2061 2306 2053
f 2254 2180 2119
f 2256 2177 2176
f 2256 2178 2177
f 2120 2179 2055
f 2119 2180 2258
f 2178 2256 2183
f 2178 2183 2056
f 2181 2121 2183
f 2182 2121 2181
f 2182 2257 2122
f 2060 2122 2255
f 2255 2122 2257
f 2181 2375 2182
f 2182 2375 2379
f 2062 2258 2376
f 2261 2313 2123
f 2312 2374 2260
f 1937 2312 2260
f 2184 2312 1937
f 2315 2064 2188
f 2189 2187 2063
f 2262 2188 2124
f 2124 2188 2064
f 2315 2189 2065
f 2191 2194 2265
f 2128 2067 2129
f 2130 2005 2192
f 2445 2128 2129
f 2195 2129 2068
f 2195 2068 2197
f 2196 2131 2388
f 2133 2321 2132
f 2267 2323 2201
f 2199 2069 2198
f 2200 2197 2071
f 2269 2202 2134
f 2134 2202 2135
f 2205 2203 2073
f 2204 2137 2201
f 2139 2135 2206
f 2204 2270 2137
f 2140 2139 2206
f 2140 2206 2329
f 2270 2271 2207
f 2141 2270 2207
f 2137 2270 2141
f 2396 2138 2076
f 2209 2272 2142
f 2273 2331 2077
f 2331 2274 2077
f 2274 2143 2077
f 2210 2275 2142
f 2274 2211 2143
f 2212 2079 2211
f 2144 2213 2080
f 2215 2213 2144
f 2081 2216 2215
f 2081 2215 2144
f 2215 2216 2281
f 2217 2216 1964
f 2283 2082 2214
f 2218 2338 2217
f 2285 2339 1966
f 2339 2460 2026
f 2460 2147 2026
f 2219 2218 2085
f 2086 2145 2340
f 2463 2086 2340
f 2147 2460 2220
f 2219 2085 2341
f 2463 2404 2148
f 2404 2405 2148
f 1903 2221 2286
f 2031 2221 1903
f 2223 2221 2031
f 2287 1972 2343
f 1758 2222 1906
f 2224 2151 2150
f 2089 2410 2288
f 2089 2029 2410
f 2410 2029 1979
f 2151 2225 2152
f 2225 2226 2152
f 2289 2410 1979
f 2032 2414 2289
f 2227 2033 2155
f 2227 2155 2226
f 2227 2228 2156
f 2157 2228 2158
f 2291 2230 2229
f 2351 2231 2295
f 2232 2231 2351
f 1984 2352 2093
f 2233 2352 1984
f 2353 2296 2160
f 2160 2094 2353
f 2160 2296 2354
f 2297 2233 2161
f 2297 2161 2235
f 2163 2356 2235
f 2356 2163 2298
f 2100 2298 2163
f 2237 2102 2236
f 2100 2164 2298
f 2237 2165 2102
f 2165 2237 2239
f 2104 2238 2164
f 2239 2166 2165
f 2240 2166 2239
f 2240 2241 2166
f 2241 2240 2242
f 2044 2243 2106
f 2244 2241 2242
f 2107 2241 2244
f 2242 2245 2244
f 2168 2243 2044
f 2109 2244 2245
f 2299 2247 2168
f 2109 2245 2111
f 2111 2245 2246
f 2300 2246 2360
f 2248 2362 2112
f 2112 2362 2299
f 2169 2111 2246
f 2246 2300 2169
f 2112 2114 2248
f 2249 2115 2300
f 2303 2248 2114
f 2114 2301 2303
f 2170 2171 2304
f 2250 2170 2304
f 2301 2170 2250
f 2305 2173 2249
f 2304 2171 2116
f 2252 1857 2251
f 1857 2252 2117
f 2253 2176 2174
f 2491 2254 2307
f 2175 2179 2309
f 2309 2179 2369
f 2061 2311 2306
f 2120 2310 2179
f 2493 2258 2180
f 2438 2181 2183
f 2438 2183 2377
f 2375 2181 2438
f 2182 2379 2257
f 2257 2379 2259
f 2185 2313 2186
f 2188 2262 2442
f 2316 2315 2188
f 2187 2312 2184
f 2185 2186 2003
f 2003 2186 2262
f 2315 2441 2189
f 2263 2126 2384
f 2005 2381 2192
f 2381 2005 2127
f 2381 2127 2264
f 2265 2383 2191
f 2128 2384 2126
f 2317 2193 2266
f 2318 2194 2191
f 2319 2131 2130
f 2194 2318 2267
f 2388 2131 2319
f 2321 2133 2268
f 2391 2195 2197
f 2199 2198 2196
f 2268 2133 2010
f 2391 2197 2200
f 2200 2203 2325
f 2269 2392 2202
f 2326 2268 2010
f 2135 2202 2394
f 2206 2135 2394
f 2205 2138 2328
f 2396 2328 2138
f 2272 2396 2076
f 2208 2140 2273
f 2274 2332 2211
f 2276 2211 2332
f 2276 2212 2211
f 2334 2212 2276
f 2278 2277 2080
f 2080 2213 2278
f 2278 2213 2336
f 2279 2214 2212
f 2336 2213 2215
f 2455 2336 2337
f 2336 2215 2337
f 2337 2215 2281
f 2283 2214 2279
f 2283 2279 2284
f 2217 2282 2281
f 2217 2281 2216
f 2281 2282 2280
f 2338 2282 2217
f 2219 2338 2218
f 2402 2145 2283
f 2288 2341 2085
f 2520 2286 2221
f 2520 2221 2223
f 2224 2149 2287
f 2224 2287 2408
f 2224 2150 2149
f 2408 2344 2224
f 2409 1906 2222
f 2224 2344 2151
f 2346 1763 2154
f 2412 2226 2290
f 2230 2414 2032
f 2412 2227 2226
f 2229 2349 2291
f 2158 2228 2293
f 2293 2292 2158
f 2292 2293 2350
f 2159 2349 2229
f 2294 2159 2093
f 2295 2231 2350
f 2235 2356 2297
f 2354 2355 2234
f 2477 2237 2236
f 2238 2421 2164
f 2106 2480 2238
f 2243 2480 2106
f 2360 2246 2245
f 2247 2243 2168
f 2299 2362 2247
f 2301 2302 2303
f 2364 2304 2116
f 2366 1995 2252
f 2306 2364 2116
f 2305 2370 2173
f 2370 2253 2173
f 2175 2308 2251
f 2309 2308 2175
f 2491 2180 2254
f 2370 2176 2253
f 2179 2310 2369
f 2306 2311 2367
f 2310 2120 2371
f 2432 2176 2370
f 2176 2432 2373
f 2373 2256 2176
f 2120 2255 2371
f 2255 2434 2371
f 2255 2257 2259
f 2435 2256 2373
f 2437 2183 2256
f 2377 2183 2437
f 2260 2374 2311
f 2256 2435 2437
f 2548 2261 2376
f 2498 2313 2261
f 2313 2314 2186
f 2187 2380 2312
f 2186 2442 2262
f 2189 2441 2380
f 2189 2380 2187
f 2382 2264 2190
f 2193 2317 2190
f 2385 2384 2128
f 2128 2445 2385
f 2191 2387 2318
f 2129 2195 2445
f 2445 2195 2505
f 2192 2319 2130
f 2320 2266 2132
f 2320 2132 2321
f 2323 2267 2318
f 2323 2318 2389
f 2323 2389 2322
f 2200 2325 2391
f 2199 2392 2269
f 2324 2392 2199
f 2199 2196 2324
f 2204 2201 2323
f 2507 2203 2205
f 2393 2205 2328
f 2271 2326 2136
f 2270 2204 2327
f 2271 2270 2327
f 2329 2206 2394
f 2397 2273 2140
f 2140 2329 2397
f 2272 2209 2330
f 2275 2209 2142
f 2209 2275 2512
f 2274 2453 2332
f 2399 2275 2210
f 2399 2210 2277
f 2334 2335 2212
f 2335 2279 2212
f 2281 2280 2337
f 2335 2284 2279
f 2402 2284 2335
f 2282 2401 2280
f 2401 2282 2338
f 2402 2283 2284
f 2457 2338 2219
f 2286 2520 2342
f 2343 2408 2287
f 2288 2467 2341
f 2409 2345 1906
f 2346 2223 1763
f 2344 2225 2151
f 2153 2345 2154
f 2345 2347 2154
f 2290 2226 2225
f 2410 2289 2471
f 2471 2289 2414
f 2227 2412 2413
f 2291 2414 2230
f 2413 2228 2227
f 2413 2474 2228
f 2349 2348 2291
f 2474 2293 2228
f 2294 2475 2159
f 2295 2528 2351
f 2352 2294 2093
f 2351 2415 2232
f 2233 2531 2352
f 2417 2531 2233
f 2418 2354 2296
f 2297 2417 2233
f 2356 2419 2297
f 2477 2236 2355
f 2298 2357 2356
f 2298 2478 2357
f 2164 2478 2298
f 2420 2237 2477
f 2421 2478 2164
f 2420 2239 2237
f 2239 2420 2358
f 2238 2582 2421
f 2239 2358 2240
f 2480 2582 2238
f 2358 2359 2240
f 2240 2359 2242
f 2359 2482 2245
f 2242 2359 2245
f 2482 2360 2245
f 2360 2361 2300
f 2362 2423 2247
f 2423 2422 2247
f 2361 2249 2300
f 2248 2423 2362
f 2361 2305 2249
f 2303 2424 2248
f 2363 2305 2361
f 2365 2302 2301
f 2364 2426 2304
f 2426 2427 2304
f 2304 2427 2250
f 2250 2365 2301
f 2492 2364 2367
f 2306 2367 2364
f 2366 2172 1995
f 2366 2490 2172
f 2363 2430 2305
f 2430 2370 2305
f 2310 2372 2369
f 2311 2431 2367
f 2372 2310 2371
f 2371 2434 2433
f 2371 2433 2372
f 2431 2311 2374
f 2259 2434 2255
f 2548 2376 2258
f 2436 2435 2373
f 2437 2435 2555
f 2379 2599 2259
f 2259 2599 2434
f 2375 2378 2379
f 2548 2549 2261
f 2549 2498 2261
f 2312 2439 2374
f 2313 2498 2314
f 2314 2498 2551
f 2500 2314 2440
f 2312 2380 2439
f 2186 2314 2500
f 2316 2441 2315
f 2441 2553 2380
f 2186 2500 2442
f 2442 2316 2188
f 2381 2264 2382
f 2382 2190 2317
f 2502 2383 2265
f 2263 2502 2265
f 2192 2381 2444
f 2383 2387 2191
f 2386 2447 2317
f 2386 2317 2266
f 2266 2320 2386
f 2387 2389 2318
f 2390 2195 2391
f 2450 2324 2196
f 2322 2508 2323
f 2204 2323 2508
f 2506 2325 2203
f 2562 2268 2326
f 2202 2392 2451
f 2394 2202 2451
f 2395 2271 2327
f 2326 2271 2395
f 2329 2394 2452
f 2272 2708 2396
f 2397 2564 2273
f 2273 2564 2331
f 2209 2512 2330
f 2398 2512 2275
f 2453 2274 2331
f 2453 2331 2564
f 2399 2398 2275
f 2619 2276 2332
f 2278 2399 2277
f 2333 2278 2336
f 2455 2333 2336
f 2670 2335 2334
f 2400 2455 2337
f 2280 2400 2337
f 2280 2401 2569
f 2456 2145 2402
f 2456 2340 2145
f 2285 2403 2339
f 2219 2462 2457
f 2146 2403 2285
f 2459 2403 2146
f 2220 2460 2464
f 2341 2462 2219
f 2342 2459 2146
f 2464 2407 2220
f 2343 2404 2465
f 2343 2405 2404
f 2459 2342 2520
f 2343 2465 2466
f 2466 2408 2343
f 2468 2408 2466
f 2409 2222 2407
f 2341 2467 2406
f 2345 2409 2347
f 2467 2288 2410
f 2410 2411 2467
f 2344 2290 2225
f 2411 2410 2471
f 2412 2472 2413
f 2291 2524 2414
f 2473 2524 2291
f 2525 2348 2349
f 2350 2293 2576
f 2159 2475 2349
f 2528 2295 2527
f 2294 2529 2475
f 2528 2415 2351
f 2352 2529 2294
f 2531 2529 2352
f 2415 2353 2232
f 2416 2353 2415
f 2353 2416 2296
f 2416 2418 2296
f 2297 2419 2417
f 2476 2355 2354
f 2476 2354 2418
f 2357 2419 2356
f 2477 2355 2476
f 2358 2420 2536
f 2481 2482 2359
f 2247 2422 2243
f 2484 2361 2360
f 2484 2363 2361
f 2424 2425 2248
f 2425 2423 2248
f 2303 2302 2424
f 2426 2364 2492
f 2427 2488 2250
f 2250 2488 2365
f 2488 2428 2365
f 2365 2428 2302
f 2302 2428 2589
f 2302 2589 2424
f 2486 2366 2252
f 2686 2490 2366
f 2429 2251 2308
f 2252 2251 2429
f 2489 2430 2363
f 2430 2368 2370
f 2495 2308 2309
f 2495 2309 2369
f 2491 2493 2180
f 2431 2492 2367
f 2753 2495 2369
f 2753 2369 2372
f 2753 2591 2495
f 2497 2492 2431
f 2432 2370 2368
f 2374 2497 2431
f 2493 2548 2258
f 2432 2595 2436
f 2432 2436 2373
f 2433 2434 2554
f 2434 2599 2554
f 2600 2599 2379
f 2600 2379 2378
f 2550 2439 2553
f 2440 2314 2551
f 2380 2553 2439
f 2316 2499 2441
f 2441 2499 2553
f 2443 2502 2263
f 2501 2381 2382
f 2317 2503 2382
f 2443 2263 2384
f 2443 2384 2385
f 2501 2444 2381
f 2317 2447 2503
f 2703 2388 2319
f 2446 2319 2192
f 2448 2603 2386
f 2320 2448 2386
f 2196 2388 2450
f 2450 2388 2824
f 2390 2560 2195
f 2322 2389 2449
f 2391 2325 2390
f 2666 2390 2325
f 2666 2325 2506
f 2507 2506 2203
f 2451 2392 2610
f 2326 2395 2562
f 2563 2204 2508
f 2393 2507 2205
f 2204 2563 2327
f 2510 2509 2393
f 2510 2393 2328
f 2394 2451 2452
f 2328 2396 2667
f 2329 2452 2397
f 2708 2667 2396
f 2708 2272 2330
f 2330 2512 2616
f 2565 2453 2564
f 2513 2332 2453
f 2513 2619 2332
f 2455 2454 2333
f 2454 2514 2567
f 2454 2455 2514
f 2671 2335 2670
f 2400 2514 2455
f 2280 2569 2400
f 2569 2401 2622
f 2515 2402 2335
f 2338 2516 2401
f 2456 2402 2515
f 2457 2516 2338
f 2458 2340 2456
f 2403 2460 2339
f 2463 2340 2458
f 2460 2403 2461
f 2461 2464 2460
f 2521 2463 2518
f 2521 2465 2404
f 2521 2404 2463
f 2462 2341 2406
f 2464 2409 2407
f 2469 2468 2466
f 2722 2408 2468
f 2722 2344 2408
f 2520 2346 2470
f 2223 2346 2520
f 2411 2523 2467
f 2154 2470 2346
f 2411 2524 2523
f 2344 2575 2290
f 2471 2524 2411
f 2290 2575 2472
f 2472 2412 2290
f 2414 2524 2471
f 2348 2473 2291
f 2295 2350 2576
f 2527 2295 2576
f 2415 2634 2416
f 2417 2633 2531
f 2532 2476 2418
f 2477 2476 2533
f 2477 2533 2534
f 2421 2479 2478
f 2534 2420 2477
f 2580 2536 2534
f 2534 2536 2420
f 2421 2535 2479
f 2582 2535 2421
f 2358 2537 2359
f 2537 2481 2359
f 2539 2481 2537
f 2539 2482 2481
f 2422 2540 2480
f 2422 2480 2243
f 2480 2540 2538
f 2483 2482 2539
f 2482 2484 2360
f 2483 2484 2482
f 2423 2425 2485
f 2425 2424 2487
f 2543 2489 2483
f 2483 2363 2484
f 2426 2492 2544
f 2541 2427 2426
f 2488 2427 2542
f 2589 2645 2424
f 2424 2645 2487
f 2483 2489 2363
f 2429 2546 2252
f 2486 2252 2546
f 2366 2486 2686
f 2544 2492 2588
f 2428 2488 2647
f 2428 2647 2589
f 2307 2172 2490
f 2307 2736 2491
f 2590 2491 2736
f 2368 2430 2593
f 2496 2368 2593
f 2497 2494 2492
f 2368 2496 2432
f 2650 2548 2493
f 2496 2595 2432
f 2594 2497 2374
f 2439 2550 2594
f 2439 2594 2374
f 2436 2654 2555
f 2555 2435 2436
f 2549 2551 2498
f 2437 2555 2556
f 2557 2377 2437
f 2437 2556 2557
f 2377 2557 2438
f 2438 2557 2558
f 2438 2558 2375
f 2378 2601 2600
f 2442 2500 2597
f 2503 2501 2382
f 2701 2192 2444
f 2602 2501 2503
f 2604 2385 2445
f 2701 2446 2192
f 2447 2504 2503
f 2504 2447 2386
f 2603 2504 2386
f 2824 2388 2703
f 2449 2389 2387
f 2322 2449 2606
f 2392 2324 2608
f 2324 2607 2608
f 2324 2450 2607
f 2321 2268 2562
f 2608 2610 2392
f 2509 2507 2393
f 2614 2451 2610
f 2327 2563 2395
f 2452 2451 2614
f 2615 2511 2397
f 2564 2397 2511
f 2513 2453 2565
f 2278 2333 2399
f 2619 2566 2276
f 2276 2566 2334
f 2515 2335 2671
f 2400 2569 2568
f 2516 2622 2401
f 2517 2458 2456
f 2517 2456 2515
f 2457 2571 2516
f 2516 2571 2622
f 2458 2517 2572
f 2461 2403 2522
f 2462 2519 2457
f 2459 2522 2403
f 2572 2518 2458
f 2518 2463 2458
f 2409 2464 2461
f 2406 2519 2462
f 2626 2674 2518
f 2459 2520 2522
f 2674 2521 2518
f 2520 2470 2522
f 2461 2522 2409
f 2467 2519 2406
f 2573 2519 2467
f 2674 2627 2521
f 2627 2469 2521
f 2521 2469 2465
f 2469 2466 2465
f 2522 2470 2409
f 2470 2347 2409
f 2469 2628 2468
f 2468 2628 2722
f 2575 2344 2722
f 2470 2154 2347
f 2523 2524 2574
f 2630 2474 2413
f 2576 2293 2474
f 2526 2525 2349
f 2475 2526 2349
f 2526 2475 2529
f 2531 2578 2529
f 2632 2634 2415
f 2635 2416 2634
f 2416 2635 2532
f 2532 2418 2416
f 2419 2633 2417
f 2633 2419 2726
f 2419 2357 2726
f 2682 2533 2476
f 2682 2476 2532
f 2579 2534 2533
f 2537 2536 2585
f 2536 2537 2358
f 2582 2480 2538
f 2539 2585 2586
f 2585 2539 2537
f 2587 2734 2422
f 2422 2734 2540
f 2543 2539 2586
f 2543 2483 2539
f 2485 2422 2423
f 2422 2485 2587
f 2425 2487 2485
f 2487 2737 2485
f 2546 2643 2486
f 2643 2686 2486
f 2542 2427 2541
f 2647 2488 2646
f 2642 2545 2543
f 2543 2545 2489
f 2489 2545 2547
f 2495 2649 2308
f 2308 2649 2429
f 2547 2593 2430
f 2489 2547 2430
f 2690 2493 2491
f 2690 2650 2493
f 2495 2591 2649
f 2594 2494 2497
f 2866 2595 2496
f 2753 2372 2433
f 2553 2651 2550
f 2440 2596 2500
f 2499 2552 2651
f 2499 2651 2553
f 2316 2552 2499
f 2558 2378 2375
f 2601 2378 2558
f 2442 2597 2316
f 2558 2557 2655
f 2658 2559 2502
f 2658 2502 2443
f 2385 2700 2443
f 2661 2444 2501
f 2661 2501 2602
f 2503 2504 2602
f 2383 2502 2559
f 2445 2505 2604
f 2383 2760 2387
f 2560 2505 2195
f 2321 2665 2320
f 2605 2606 2449
f 2449 2387 2605
f 2561 2560 2390
f 2562 2665 2321
f 2664 2390 2666
f 2322 2606 2613
f 2666 2506 2611
f 2322 2613 2508
f 2395 2612 2609
f 2508 2613 2563
f 2612 2395 2563
f 2510 2328 2667
f 2615 2397 2452
f 2708 2330 2770
f 2512 2398 2618
f 2333 2398 2399
f 2711 2333 2454
f 2670 2334 2566
f 2671 2834 2515
f 2568 2569 2570
f 2570 2569 2622
f 2517 2515 2672
f 2519 2571 2457
f 2572 2626 2518
f 2625 2519 2573
f 2523 2573 2467
f 2675 2523 2574
f 2574 2721 2675
f 2524 2473 2574
f 2472 2630 2413
f 2525 2473 2348
f 2525 2631 2629
f 2577 2526 2578
f 2578 2526 2529
f 2415 2528 2676
f 2531 2530 2578
f 2633 2530 2531
f 2682 2532 2635
f 2357 2681 2726
f 2478 2636 2357
f 2636 2681 2357
f 2579 2533 2682
f 2478 2479 2636
f 2636 2479 2637
f 2535 2637 2479
f 2580 2534 2579
f 2583 2536 2580
f 2583 2585 2536
f 2581 2585 2583
f 2582 2538 2584
f 2584 2538 2641
f 2640 2586 2585
f 2538 2540 2641
f 2641 2540 2734
f 2642 2543 2586
f 2544 2541 2426
f 2588 2644 2544
f 2646 2488 2542
f 2688 2545 2642
f 2647 2803 2589
f 2490 2736 2307
f 2494 2588 2492
f 2648 2588 2494
f 2691 2547 2545
f 2592 2648 2494
f 2547 2811 2593
f 2594 2592 2494
f 2593 2866 2496
f 2692 2549 2548
f 2650 2692 2548
f 2550 2651 2592
f 2550 2592 2594
f 2597 2500 2596
f 2436 2595 2696
f 2440 2652 2596
f 2316 2598 2552
f 2436 2696 2654
f 2316 2597 2598
f 2654 2556 2555
f 2556 2655 2557
f 2601 2558 2655
f 2600 2657 2599
f 2601 2657 2600
f 2700 2660 2443
f 2444 2661 2701
f 2559 2760 2383
f 2319 2816 2703
f 2319 2446 2816
f 2701 2816 2446
f 2662 2602 2504
f 2818 2504 2603
f 2705 2604 2505
f 2387 2760 2605
f 2560 2705 2505
f 2448 2320 2665
f 2705 2560 2561
f 2390 2664 2561
f 2395 2609 2562
f 2507 2611 2506
f 2609 2612 2766
f 2613 2612 2563
f 2770 2330 2616
f 2617 2511 2615
f 2398 2711 2618
f 2568 2716 2400
f 2570 2621 2568
f 2672 2515 2834
f 2571 2623 2622
f 2624 2572 2517
f 2672 2624 2517
f 2519 2625 2571
f 2673 2571 2625
f 2719 2626 2572
f 2719 2572 2624
f 2720 2627 2674
f 2469 2627 2720
f 2523 2675 2573
f 2469 2781 2783
f 2469 2783 2628
f 2628 2784 2722
f 2575 2723 2472
f 2723 2630 2472
f 2525 2629 2473
f 2525 2526 2631
f 2526 2577 2631
f 2527 2676 2528
f 2676 2677 2415
f 2677 2632 2415
f 2682 2683 2579
f 2683 2580 2579
f 2683 2583 2580
f 2583 2683 2684
f 2638 2637 2535
f 2684 2581 2583
f 2582 2638 2535
f 2582 2584 2638
f 2585 2581 2640
f 2586 2640 2731
f 2731 2685 2586
f 2685 2642 2586
f 2546 2735 2643
f 2429 2735 2546
f 2644 2588 2687
f 2796 2736 2490
f 2648 2687 2588
f 2589 2803 2645
f 2691 2545 2688
f 2429 2649 2693
f 2691 2811 2547
f 2692 2650 2690
f 2746 2648 2592
f 2693 2649 2591
f 2866 2593 2811
f 2596 2652 2653
f 2596 2653 2597
f 2597 2653 2598
f 2598 2653 2694
f 2598 2694 2552
f 2552 2694 2750
f 2552 2750 2651
f 2554 2754 2433
f 2433 2754 2753
f 2599 2657 2697
f 2599 2697 2554
f 2556 2755 2655
f 2655 2656 2601
f 2657 2601 2656
f 2819 2559 2658
f 2659 2658 2443
f 2660 2659 2443
f 2819 2760 2559
f 2604 2700 2385
f 2702 2661 2602
f 2818 2662 2504
f 2818 2603 2870
f 2825 2603 2448
f 2825 2870 2603
f 2761 2605 2760
f 2663 2705 2561
f 2664 2663 2561
f 2562 2609 2665
f 2606 2605 2706
f 2608 2607 2765
f 2613 2606 2706
f 2707 2664 2666
f 2610 2608 2765
f 2768 2611 2507
f 2610 2765 2614
f 2613 2766 2612
f 2765 2769 2614
f 2614 2769 2668
f 2668 2452 2614
f 2452 2709 2615
f 2668 2709 2452
f 2512 2618 2616
f 2709 2617 2615
f 2669 2564 2511
f 2669 2565 2564
f 2669 2712 2565
f 2712 2513 2565
f 2711 2398 2333
f 2711 2454 2773
f 2619 2513 2714
f 2454 2567 2773
f 2714 2566 2619
f 2777 2670 2566
f 2670 2777 2778
f 2778 2671 2670
f 2716 2514 2400
f 2621 2716 2568
f 2718 2570 2622
f 2571 2673 2623
f 2573 2675 2625
f 2885 2625 2675
f 2781 2469 2720
f 2723 2575 2722
f 2574 2782 2721
f 2473 2782 2574
f 2629 2782 2473
f 2629 2785 2782
f 2785 2629 2838
f 2838 2629 2724
f 2631 2724 2629
f 2474 2840 2576
f 2577 2724 2631
f 2527 2576 2842
f 2844 2577 2578
f 2632 2677 2678
f 2678 2788 2632
f 2632 2788 2634
f 2633 2725 2530
f 2633 2726 2725
f 2679 2635 2634
f 2680 2635 2679
f 2680 2682 2635
f 2726 2681 2790
f 2680 2683 2682
f 2727 2636 2637
f 2728 2638 2584
f 2729 2640 2581
f 2584 2639 2728
f 2731 2640 2729
f 2584 2641 2639
f 2685 2733 2642
f 2850 2587 2485
f 2643 2735 2855
f 2794 2796 2686
f 2490 2686 2796
f 2644 2541 2544
f 2429 2804 2735
f 2687 2648 2744
f 2542 2541 2739
f 2542 2739 2646
f 2645 2803 2799
f 2645 2799 2487
f 2804 2429 2693
f 2646 2743 2647
f 2647 2743 2803
f 2691 2688 2689
f 2590 2690 2491
f 2746 2744 2648
f 2591 2812 2693
f 2692 2745 2549
f 2651 2750 2746
f 2651 2746 2592
f 2549 2745 2551
f 2653 2652 2748
f 2653 2748 2694
f 2551 2695 2440
f 2440 2695 2752
f 2440 2752 2652
f 2866 2696 2595
f 2814 2654 2696
f 2814 2556 2654
f 2756 2656 2655
f 2815 2657 2758
f 2657 2815 2697
f 2655 2755 2756
f 2756 2757 2656
f 2757 2698 2656
f 2656 2698 2657
f 2657 2698 2758
f 2699 2819 2658
f 2658 2659 2699
f 2699 2659 2869
f 2820 2660 2700
f 2702 2602 2662
f 2704 2604 2705
f 2919 2450 2824
f 2763 2607 2450
f 2706 2605 2761
f 2765 2607 2873
f 2766 2764 2609
f 2764 2665 2609
f 2666 2611 2707
f 2707 2611 2827
f 2613 2706 2766
f 2768 2827 2611
f 2960 2768 2507
f 2507 2509 2960
f 2510 2960 2509
f 2510 2667 2875
f 2770 2879 2708
f 2668 2830 2709
f 2618 2710 2616
f 2511 2771 2669
f 2511 2617 2771
f 2771 2713 2669
f 2618 2711 2710
f 2712 2669 2713
f 2775 2712 2713
f 2775 2714 2712
f 2712 2714 2513
f 2514 2620 2567
f 2778 2715 2671
f 2716 2779 2514
f 2834 2671 2715
f 2717 2672 2834
f 2621 2570 2718
f 2717 2624 2672
f 2835 2621 2718
f 2623 2718 2622
f 2883 2624 2717
f 2718 2623 2780
f 2719 2624 2883
f 2780 2623 2673
f 2935 2626 2719
f 2936 2674 2626
f 2936 2626 2935
f 2673 2625 2885
f 2720 2674 2936
f 2885 2675 2721
f 2628 2783 2784
f 2576 2840 2842
f 2844 2841 2577
f 2842 2843 2527
f 2676 2527 2843
f 2578 2530 2844
f 2677 2894 2896
f 2678 2677 2896
f 2725 2726 2789
f 2788 2679 2634
f 2790 2789 2726
f 2680 2679 2791
f 2792 2636 2727
f 2638 2728 2727
f 2638 2727 2637
f 2684 2729 2581
f 2731 2729 2730
f 2641 2734 2732
f 2731 2733 2685
f 2734 2587 2850
f 2794 2686 2643
f 2797 2736 2796
f 2485 2737 2850
f 2851 2688 2642
f 2855 2735 2740
f 2857 2541 2644
f 2487 2799 2737
f 2740 2735 2804
f 2736 2741 2590
f 2744 2738 2687
f 2687 2738 2798
f 2687 2798 2644
f 2644 2798 2857
f 2541 2857 2739
f 2744 2801 2738
f 2802 2743 2646
f 2689 2688 2851
f 3122 2689 2851
f 2865 2804 2693
f 2741 2690 2590
f 2741 2692 2690
f 2741 2742 2692
f 2801 2744 2747
f 2692 2742 2745
f 2744 2746 2747
f 3038 2811 2691
f 2750 2749 2747
f 2750 2747 2746
f 2748 2749 2694
f 2694 2749 2750
f 2745 2751 2551
f 2551 2751 2695
f 2753 2912 2591
f 2696 2813 2814
f 2554 2697 2754
f 2755 2556 2814
f 2660 2869 2659
f 2820 2869 2660
f 2820 2700 2821
f 2604 2821 2700
f 2759 2701 2661
f 2759 2816 2701
f 2817 2759 2661
f 2817 2661 2702
f 2662 2955 2702
f 2703 2822 2824
f 2819 2823 2760
f 2761 2760 2823
f 2825 2448 2665
f 2762 2825 2665
f 2450 2919 2763
f 2764 2762 2665
f 2872 2767 2706
f 2826 2707 2827
f 2766 2706 2767
f 2769 2765 2874
f 2875 2923 2510
f 2769 2828 2924
f 2875 2667 2829
f 2769 2924 2668
f 2667 2708 2829
f 2668 2924 2878
f 2668 2878 2830
f 2616 2710 2770
f 2832 2710 2711
f 2711 2773 2832
f 2713 2771 2833
f 2833 2772 2713
f 2772 2775 2713
f 2776 2566 2714
f 2776 2714 2775
f 2773 2567 2774
f 2567 2620 2774
f 2776 2777 2566
f 2620 2514 2779
f 2621 2884 2716
f 2621 2835 2884
f 2835 2718 2972
f 2972 2718 2780
f 2780 2673 2885
f 2721 2836 2885
f 2886 2783 2781
f 2783 2837 2784
f 2837 2722 2784
f 2837 2723 2722
f 2837 2786 2723
f 2630 2723 2786
f 2787 2474 2630
f 2840 2474 2787
f 2577 2841 2724
f 2530 2944 2844
f 2843 2894 2676
f 2676 2894 2677
f 2788 2678 2846
f 2789 2845 2725
f 2847 2791 2679
f 2681 2792 2790
f 2636 2792 2681
f 2791 2683 2680
f 2727 2793 2792
f 3028 2793 2727
f 2683 2900 2684
f 2728 3028 2727
f 2729 2684 2900
f 2730 2729 3029
f 2641 2732 2639
f 2730 2733 2731
f 2851 2642 2733
f 2855 2853 2643
f 2643 2853 2794
f 2853 2795 2794
f 2850 2737 2981
f 2981 2737 2799
f 2736 2797 2741
f 2797 2742 2741
f 2742 2797 2800
f 2803 2905 2799
f 2742 2800 2805
f 2861 2806 2863
f 2861 2801 2806
f 2689 3038 2691
f 2745 2742 2805
f 2863 2808 2807
f 2806 2808 2863
f 2806 2801 2747
f 2745 2805 2751
f 2751 2805 2809
f 2807 2808 2810
f 2749 2806 2747
f 2749 2808 2806
f 2752 2859 2810
f 2748 2810 2808
f 2748 2808 2749
f 2695 2751 2809
f 2695 2809 2752
f 2652 2752 2810
f 2652 2810 2748
f 2591 2912 2812
f 2866 2911 2696
f 2753 2867 2912
f 2754 2867 2753
f 2754 2990 2867
f 2990 2754 2697
f 2755 2868 2756
f 2698 2913 2758
f 2816 2759 2995
f 2955 2817 2702
f 2818 2955 2662
f 2916 2699 2869
f 2995 2703 2816
f 2822 2703 2995
f 2918 2604 2704
f 2959 2824 2822
f 2871 2704 2705
f 2663 2871 2705
f 2761 2872 2706
f 2761 2921 2872
f 2873 2607 2763
f 2663 2707 2922
f 2663 2664 2707
f 2707 2826 2922
f 2874 2765 2873
f 2920 2764 2766
f 2920 2767 3001
f 2920 2766 2767
f 2961 2960 2510
f 2510 2923 2961
f 2769 2874 2828
f 2879 2829 2708
f 2878 2924 3100
f 2879 2770 2710
f 2879 2710 2925
f 2925 2710 2832
f 2771 2617 2831
f 2831 2833 2771
f 2929 2772 2833
f 2927 2773 2774
f 2881 2776 2775
f 2881 2775 2772
f 2776 2778 2777
f 2932 2715 2778
f 2882 2716 2884
f 2934 2717 2834
f 2935 2719 2883
f 2886 2781 2720
f 2887 2721 2782
f 2839 2630 2786
f 2838 2724 2841
f 2839 2787 2630
f 2942 2891 2839
f 2891 2787 2839
f 2892 2840 2891
f 2891 2840 2787
f 2725 2944 2530
f 2895 2944 2725
f 2894 2945 2896
f 2725 2845 2895
f 2897 2788 2846
f 2789 2898 2845
f 2788 2897 2679
f 2847 2679 2947
f 2790 2898 2789
f 2790 2899 2898
f 2790 2792 2899
f 2683 2791 2900
f 2899 2793 2848
f 2793 2899 2792
f 2728 2948 3028
f 2901 2728 2639
f 2733 2730 3030
f 2732 2734 2902
f 2849 2733 3030
f 2850 2902 2734
f 2795 2852 2794
f 2852 2796 2794
f 2796 2852 2797
f 2797 2852 2854
f 2797 2854 2904
f 2982 2981 2799
f 2800 2797 2904
f 2800 2904 2856
f 2982 2799 2905
f 2804 3036 2740
f 2801 2861 2738
f 2862 2738 2861
f 2862 2798 2738
f 2858 2646 2739
f 2802 2646 2858
f 2743 2908 2803
f 2803 2908 2905
f 2800 2856 2859
f 2863 2951 2861
f 2985 2862 2861
f 2862 2864 2798
f 2798 2864 2857
f 2805 2800 2809
f 2809 2800 2859
f 2859 2856 2906
f 2810 2906 2860
f 2859 2906 2810
f 2810 2860 2807
f 2909 2807 2860
f 2909 2863 2807
f 2862 2985 2989
f 2862 2989 2864
f 2809 2859 2752
f 3038 2952 2811
f 2812 2865 2693
f 2952 2866 2811
f 2912 2953 2812
f 2813 2696 2911
f 2815 2954 2697
f 2814 3090 2755
f 2868 2755 3090
f 2756 2868 2757
f 2757 2991 2698
f 2991 2913 2698
f 2817 2914 2759
f 2915 2818 2870
f 2823 2819 2958
f 2699 2958 2819
f 2992 2820 2821
f 2918 2821 2604
f 2870 2825 2917
f 2919 2824 2959
f 2762 2917 2825
f 2761 2823 2921
f 2871 2663 3049
f 2920 2762 2764
f 2763 3050 2873
f 3050 2763 2919
f 3000 2767 2872
f 2874 2873 3003
f 2829 2962 2875
f 2876 2962 2829
f 2877 2829 2879
f 2709 2880 2617
f 2880 2709 2830
f 2831 2617 2880
f 2927 2832 2773
f 2831 2928 2833
f 2772 2930 2881
f 2931 2776 2881
f 2779 3008 2620
f 2932 2776 2931
f 2932 2778 2776
f 2779 2716 2882
f 2934 2834 2715
f 2934 2715 2932
f 2970 2935 2883
f 2885 2972 2780
f 2936 3014 2720
f 2887 2836 2721
f 2888 2783 2886
f 2888 2837 2783
f 2785 2887 2782
f 2888 2889 2837
f 2890 2785 2838
f 2839 2837 2889
f 2837 2839 2786
f 2892 2842 2840
f 2844 2893 2841
f 3074 2896 2945
f 2896 2846 2678
f 2976 2846 2896
f 2846 2976 2897
f 2897 2947 2679
f 2947 3024 2847
f 2848 2793 2978
f 3028 2978 2793
f 2979 2729 2900
f 2729 2979 3029
f 2901 2948 2728
f 2639 2732 2901
f 2851 2733 2980
f 2795 2853 3034
f 2795 2854 2852
f 2854 2903 2904
f 2851 2980 3122
f 2904 2906 2856
f 2985 2861 2951
f 2858 2739 2857
f 2987 2743 2802
f 2743 2987 2908
f 2860 2907 2909
f 2909 2910 2863
f 2863 2910 2951
f 2864 2858 2857
f 2952 2911 2866
f 2697 2954 2990
f 2868 2991 2757
f 3045 2995 2759
f 2993 2869 2820
f 2917 2915 2870
f 2917 2996 2915
f 2871 2918 2704
f 2919 2959 2997
f 2920 2917 2762
f 3049 2663 2922
f 3050 3003 2873
f 3000 3001 2767
f 2960 2827 2768
f 2875 2962 2923
f 2829 2877 2876
f 2830 2878 3006
f 2927 2926 2832
f 2929 2833 2928
f 2930 2772 2929
f 2881 3009 2931
f 2779 2966 3008
f 2932 2933 2934
f 2934 2933 2967
f 2884 3062 2882
f 2934 2967 2717
f 2969 2883 2717
f 2968 2884 2835
f 2835 2972 2968
f 2970 2883 2969
f 2836 2973 2885
f 3015 2973 2836
f 2937 2720 3014
f 2937 2886 2720
f 2836 2887 3015
f 2939 2886 2937
f 2938 2887 2785
f 2785 2890 2938
f 2888 2886 2939
f 2888 2974 2889
f 2940 2889 2974
f 2940 2839 2889
f 2941 2838 2841
f 2940 2942 2839
f 2942 2892 2891
f 2893 2844 2943
f 2844 2944 2943
f 2945 2894 2843
f 2895 3021 2944
f 3074 2976 2896
f 2946 2845 2898
f 2976 3022 2897
f 3023 2897 3022
f 2897 3023 2947
f 2898 3026 2946
f 2947 3023 3024
f 3026 2898 2899
f 3114 2847 3024
f 2900 2791 2847
f 2977 2899 2848
f 2978 2977 2848
f 2730 3029 3030
f 2902 3032 2732
f 3033 3032 2902
f 2850 3033 2902
f 3078 3033 2850
f 2849 2980 2733
f 2855 3080 2853
f 3080 3034 2853
f 2904 2903 3081
f 2740 2983 2855
f 3081 2906 2904
f 2905 3035 2982
f 3036 2983 2740
f 2906 3037 2860
f 2905 2949 3035
f 3037 2950 2860
f 2950 2907 2860
f 2908 2949 2905
f 3122 3038 2689
f 2950 3083 2907
f 2907 2910 2909
f 3039 2951 2910
f 2908 2987 2949
f 3039 2984 2951
f 2812 2953 2865
f 3040 3086 2952
f 3086 2911 2952
f 2813 2911 3131
f 3209 2814 2813
f 3296 2954 2815
f 3088 2815 2758
f 2758 2913 3088
f 3045 2759 2914
f 3092 2914 2817
f 3092 2817 2955
f 2956 3092 2955
f 2956 2955 2818
f 2956 2818 2915
f 2956 2915 2996
f 3094 2958 2699
f 2993 2916 2869
f 2993 3133 2916
f 2918 2994 2821
f 3094 2699 2916
f 3093 2822 2995
f 2957 2996 2917
f 2957 2917 2920
f 2921 2823 2958
f 2871 3048 2918
f 2999 2921 2958
f 2997 3050 2919
f 2921 2999 2872
f 3000 2872 2999
f 3051 2827 2960
f 3051 2826 2827
f 3051 2960 2961
f 2923 3002 2961
f 3003 2828 2874
f 3002 2923 2962
f 2828 3141 2924
f 2924 3141 3099
f 2963 2962 2876
f 2964 2963 2876
f 2964 2876 2877
f 2879 2925 2877
f 2880 2830 3006
f 2832 2926 2925
f 2831 3102 2928
f 2831 2880 3102
f 3057 2929 2928
f 2930 2929 3057
f 2881 2930 3009
f 2965 2774 2620
f 3008 2965 2620
f 3010 3059 2931
f 3059 2932 2931
f 2779 2882 2966
f 2882 3061 2966
f 2933 2932 3059
f 2967 3012 2969
f 2967 2969 2717
f 2968 3062 2884
f 2969 3012 2970
f 2971 2935 2970
f 2971 2936 2935
f 2973 2972 2885
f 3065 2972 2973
f 3014 2936 2971
f 3015 3107 2973
f 2890 3016 2938
f 2939 2937 3017
f 2941 2890 2838
f 2974 2939 3018
f 2974 2888 2939
f 3018 2940 2974
f 2975 2942 2940
f 2975 2940 3018
f 2841 2893 2941
f 2975 2892 2942
f 2892 3020 2842
f 3020 2843 2842
f 2944 3021 2943
f 3020 2945 2843
f 3111 2945 3020
f 2845 3193 2895
f 2895 3193 3021
f 2845 2946 3193
f 3024 3027 3114
f 2899 2977 3026
f 3075 2900 2847
f 3075 2979 2900
f 3115 2979 3075
f 2901 3118 2948
f 2901 2732 3077
f 2903 2854 2795
f 2903 2795 3034
f 3034 3119 2903
f 2981 3078 2850
f 2855 2983 3080
f 3037 2906 3081
f 3244 3122 2980
f 2865 3036 2804
f 3083 2910 2907
f 2985 2951 2984
f 2802 2858 2986
f 2987 2802 2988
f 3038 3040 2952
f 2985 3041 2989
f 3042 2864 2989
f 2986 2988 2802
f 3041 3129 2989
f 2912 2867 2953
f 3209 3089 2814
f 3090 2814 3089
f 2991 3169 2913
f 3169 3088 2913
f 3046 2956 2996
f 3172 3094 2916
f 3172 2916 3133
f 2994 2992 2821
f 2998 2959 2822
f 2822 3093 2998
f 3135 2996 2957
f 2959 2998 2997
f 3137 2871 3049
f 3095 3000 2999
f 3050 2997 3261
f 3001 2957 2920
f 3001 3000 3175
f 3175 3000 3095
f 3051 3002 3140
f 3002 3051 2961
f 3141 2828 3003
f 3098 3002 2962
f 3098 2962 2963
f 3004 2963 2964
f 2925 3005 2877
f 2880 3006 3054
f 2926 3053 2925
f 2774 3055 2927
f 3057 3007 2930
f 3007 3103 2930
f 3103 3009 2930
f 3009 3010 2931
f 3147 3008 2966
f 3058 3059 3010
f 3061 3011 2966
f 3060 2967 2933
f 2967 3064 3012
f 3013 2971 2970
f 3013 2970 3012
f 3066 2971 3013
f 3066 3014 2971
f 3107 3065 2973
f 3107 3015 3067
f 2887 3016 3015
f 2938 3016 2887
f 2890 3069 3016
f 3070 2890 2941
f 3109 2939 3017
f 3018 2939 3109
f 2893 3110 2941
f 2893 2943 3110
f 2975 3072 3019
f 3019 2892 2975
f 3019 3020 2892
f 3111 3074 2945
f 2976 3074 3154
f 2946 3155 3193
f 3154 3022 2976
f 2946 3112 3155
f 3024 3023 3113
f 3026 3025 2946
f 2946 3025 3112
f 3113 3027 3024
f 3075 2847 3114
f 3115 3196 2979
f 3076 3028 2948
f 3196 3029 2979
f 3118 3076 2948
f 3077 3118 2901
f 3031 3077 2732
f 3031 2732 3032
f 3079 2903 3119
f 2903 3079 3199
f 3163 2981 2982
f 3078 2981 3163
f 3163 2982 3035
f 2949 3082 3035
f 2910 3083 3039
f 2949 2987 3164
f 2949 3164 3082
f 2987 2988 3125
f 2987 3125 3164
f 2984 3041 2985
f 3042 2858 2864
f 2986 2858 3042
f 2986 3127 2988
f 3165 3129 3041
f 3042 3126 2986
f 2953 2867 3043
f 2867 2990 3130
f 2815 3088 3296
f 3091 2868 3090
f 3044 2991 2868
f 3044 2868 3091
f 3044 3169 2991
f 3211 3045 2914
f 3211 2914 3092
f 2992 2993 2820
f 3047 2995 3045
f 3134 3046 2996
f 3048 2994 2918
f 3137 3048 2871
f 3137 3049 3096
f 3262 2922 2826
f 3138 3001 3139
f 3139 3001 3175
f 3051 3263 2826
f 2924 3099 3100
f 3004 2964 3178
f 2964 2877 3005
f 3006 2878 3100
f 2925 3053 3005
f 2926 2927 3144
f 3102 2880 3054
f 3057 2928 3056
f 2965 3055 2774
f 3056 3007 3057
f 3009 3103 3010
f 3060 2933 3059
f 3060 3059 3104
f 2882 3062 3061
f 2967 3060 3063
f 3063 3064 2967
f 3065 2968 2972
f 3106 3012 3064
f 3106 3013 3012
f 3066 2937 3014
f 3015 3016 3067
f 3016 3069 3068
f 3191 3017 2937
f 3191 3109 3017
f 2890 3070 3069
f 3110 3070 2941
f 2975 3018 3109
f 3071 3072 2975
f 3073 3020 3019
f 3073 3019 3072
f 3110 2943 3021
f 3111 3020 3073
f 3156 3023 3022
f 3113 3023 3156
f 3075 3114 3159
f 3115 3075 3160
f 3118 3117 3076
f 3197 2849 3030
f 2849 3197 2980
f 3244 2980 3197
f 3162 3032 3033
f 3080 3121 3034
f 3199 3081 2903
f 2983 3120 3080
f 3034 3121 3119
f 3200 3037 3081
f 3246 2950 3037
f 3083 3123 3039
f 2865 3085 3036
f 3123 2984 3039
f 3127 2986 3126
f 3127 3124 2988
f 2988 3124 3125
f 3165 3041 2984
f 3129 3042 2989
f 2953 3085 2865
f 2953 3043 3085
f 3086 3131 2911
f 2867 3130 3043
f 2813 3131 3168
f 2954 3130 2990
f 3168 3209 2813
f 3089 3132 3090
f 3090 3132 3091
f 3087 3088 3169
f 3170 3092 2956
f 3046 3171 2956
f 2995 3047 3093
f 3047 3045 3211
f 2996 3135 3134
f 3133 2993 3212
f 3212 2993 2992
f 3212 2992 3173
f 3174 2992 2994
f 3174 2994 3048
f 2958 3136 2999
f 3094 3136 2958
f 3260 3048 3137
f 3095 2999 3136
f 2957 3001 3135
f 3096 3049 2922
f 3263 3262 2826
f 3138 3135 3001
f 3263 3051 3140
f 3216 3052 3003
f 3216 3003 3050
f 3097 3003 3052
f 3097 3141 3003
f 3098 3142 3002
f 3098 2963 3004
f 3178 3177 3004
f 2964 3005 3178
f 3264 3100 3099
f 3144 3053 2926
f 3145 3054 3006
f 2927 3101 3144
f 3055 3101 2927
f 3056 2928 3102
f 2965 3181 3055
f 3008 3181 2965
f 3224 3103 3007
f 3010 3182 3058
f 2966 3011 3147
f 3059 3058 3104
f 3060 3104 3063
f 3062 3184 3061
f 3062 3105 3184
f 3063 3148 3064
f 3187 3062 2968
f 3106 3064 3148
f 3106 3066 3013
f 3106 3108 3066
f 3108 3106 3149
f 3066 3108 3150
f 3107 3067 3310
f 2937 3066 3150
f 3016 3068 3067
f 3271 3068 3069
f 2937 3150 3191
f 3069 3070 3151
f 3153 3070 3110
f 2975 3109 3071
f 3236 3072 3071
f 3192 3073 3072
f 3192 3072 3236
f 3234 3110 3021
f 3234 3021 3273
f 3111 3073 3192
f 3350 3027 3113
f 3159 3114 3027
f 3277 3026 2977
f 3160 3075 3159
f 3195 3277 2977
f 2978 3195 2977
f 3116 3195 2978
f 3116 2978 3028
f 3076 3116 3028
f 3116 3076 3117
f 3280 3029 3196
f 3029 3241 3030
f 3242 3161 3118
f 3242 3118 3077
f 3242 3077 3031
f 3078 3162 3033
f 3284 3162 3078
f 3079 3324 3199
f 3200 3081 3199
f 3120 3121 3080
f 3036 3084 2983
f 3084 3202 2983
f 3202 3120 2983
f 3246 3037 3200
f 3244 3203 3122
f 3083 2950 3246
f 3122 3203 3038
f 3246 3205 3083
f 3083 3205 3123
f 3038 3203 3128
f 3036 3085 3084
f 3125 3248 3164
f 3038 3128 3040
f 3129 3166 3042
f 3126 3042 3166
f 3165 3166 3129
f 3043 3130 3294
f 3209 3210 3089
f 3210 3132 3089
f 3334 3211 3092
f 3170 3334 3092
f 3171 3170 2956
f 3171 3046 3134
f 3174 3173 2992
f 3214 3095 3136
f 3095 3214 3175
f 3142 3140 3002
f 3143 3142 3098
f 3004 3143 3098
f 3177 3143 3004
f 3180 3006 3100
f 3179 3005 3053
f 3179 3053 3144
f 3101 3265 3144
f 3006 3180 3145
f 3146 3102 3054
f 3145 3146 3054
f 3056 3102 3146
f 3055 3222 3101
f 3055 3181 3222
f 3056 3146 3306
f 3008 3147 3181
f 3224 3007 3223
f 3224 3010 3103
f 3010 3224 3182
f 3061 3184 3011
f 3185 3063 3104
f 3185 3186 3148
f 3063 3185 3148
f 3062 3187 3105
f 2968 3229 3187
f 3065 3229 2968
f 3065 3189 3229
f 3107 3189 3065
f 3108 3149 3190
f 3150 3108 3190
f 3268 3068 3271
f 3151 3271 3069
f 3151 3070 3153
f 3191 3152 3109
f 3110 3234 3153
f 3071 3109 3152
f 3194 3111 3192
f 3021 3193 3273
f 3194 3074 3111
f 3155 3275 3193
f 3350 3113 3156
f 3025 3238 3112
f 3025 3158 3238
f 3026 3158 3025
f 3157 3027 3350
f 3157 3159 3027
f 3277 3158 3026
f 3116 3117 3239
f 3118 3161 3117
f 3029 3280 3241
f 3241 3197 3030
f 3078 3163 3284
f 3121 3198 3119
f 3119 3198 3079
f 3201 3203 3244
f 3125 3327 3248
f 3124 3327 3125
f 3207 3288 3085
f 3288 3084 3085
f 3251 3040 3128
f 3165 2984 3206
f 3040 3251 3086
f 3085 3043 3207
f 3086 3168 3131
f 3130 2954 3167
f 2954 3296 3167
f 3132 3434 3091
f 2998 3261 2997
f 2998 3093 3261
f 3256 3172 3133
f 3260 3174 3048
f 3259 3136 3094
f 3215 3137 3096
f 3136 3259 3214
f 3262 3096 2922
f 3479 3050 3261
f 3216 3050 3479
f 3219 3217 3140
f 3219 3140 3142
f 3220 3099 3141
f 3097 3220 3141
f 3179 3341 3005
f 3180 3100 3264
f 3179 3144 3265
f 3101 3221 3265
f 3222 3221 3101
f 3056 3223 3007
f 3056 3306 3223
f 3147 3225 3181
f 3183 3182 3224
f 3182 3183 3058
f 3183 3104 3058
f 3148 3188 3106
f 3149 3106 3188
f 3230 3190 3149
f 3150 3190 3232
f 3150 3232 3191
f 3191 3232 3152
f 3236 3071 3152
f 3022 3154 3237
f 3112 3238 3318
f 3195 3116 3351
f 3239 3351 3116
f 3239 3117 3240
f 3161 3240 3117
f 3161 3242 3353
f 3032 3162 3283
f 3243 3244 3197
f 3121 3120 3285
f 3324 3200 3199
f 3082 3164 3247
f 3082 3247 3390
f 3249 3127 3126
f 3123 3206 2984
f 3166 3250 3126
f 3165 3250 3166
f 3332 3086 3251
f 3207 3043 3252
f 3168 3086 3332
f 3252 3043 3294
f 3208 3130 3167
f 3294 3130 3208
f 3254 3296 3088
f 3168 3253 3209
f 3087 3254 3088
f 3253 3210 3209
f 3091 3169 3044
f 3047 3298 3299
f 3298 3047 3211
f 3171 3255 3170
f 3133 3212 3256
f 3094 3172 3213
f 3256 3213 3172
f 3256 3212 3368
f 3368 3212 3257
f 3257 3212 3173
f 3258 3173 3174
f 3301 3134 3135
f 3259 3094 3213
f 3137 3215 3260
f 3301 3135 3138
f 3214 3303 3175
f 3338 3138 3139
f 3338 3139 3304
f 3139 3303 3304
f 3139 3175 3303
f 3140 3217 3263
f 3218 3217 3219
f 3143 3176 3142
f 3178 3340 3177
f 3341 3178 3005
f 3145 3180 3377
f 3342 3146 3145
f 3146 3342 3306
f 3225 3266 3181
f 3011 3227 3147
f 3185 3104 3183
f 3105 3448 3184
f 3186 3188 3148
f 3187 3229 3105
f 3310 3308 3189
f 3107 3310 3189
f 3231 3310 3067
f 3068 3231 3067
f 3068 3312 3231
f 3311 3190 3230
f 3311 3270 3190
f 3270 3232 3190
f 3233 3271 3151
f 3153 3233 3151
f 3232 3270 3235
f 3235 3152 3232
f 3153 3234 3233
f 3235 3236 3152
f 3236 3235 3274
f 3236 3274 3192
f 3192 3274 3317
f 3192 3317 3194
f 3193 3275 3273
f 3074 3194 3317
f 3276 3074 3317
f 3276 3154 3074
f 3237 3154 3276
f 3155 3112 3275
f 3022 3237 3156
f 3495 3159 3157
f 3159 3495 3278
f 3160 3159 3278
f 3196 3115 3279
f 3280 3282 3241
f 3161 3353 3240
f 3321 3197 3241
f 3197 3321 3243
f 3283 3031 3032
f 3283 3354 3031
f 3284 3163 3323
f 3322 3201 3244
f 3198 3121 3285
f 3198 3245 3079
f 3285 3245 3198
f 3245 3324 3079
f 3390 3388 3035
f 3035 3388 3163
f 3202 3286 3120
f 3120 3286 3285
f 3035 3082 3390
f 3201 3325 3203
f 3287 3202 3084
f 3286 3202 3287
f 3246 3358 3205
f 3204 3247 3164
f 3325 3128 3203
f 3164 3248 3204
f 3287 3084 3288
f 3249 3359 3127
f 3250 3249 3126
f 3123 3290 3206
f 3206 3290 3165
f 3291 3250 3165
f 3168 3332 3253
f 3087 3169 3366
f 3210 3434 3132
f 3169 3091 3366
f 3298 3211 3334
f 3255 3334 3170
f 3336 3261 3093
f 3047 3336 3093
f 3134 3300 3171
f 3257 3173 3258
f 3260 3258 3174
f 3301 3300 3134
f 3402 3213 3256
f 3337 3096 3262
f 3337 3262 3441
f 3214 3259 3303
f 3375 3304 3303
f 3263 3217 3409
f 3219 3142 3305
f 3176 3305 3142
f 3097 3052 3339
f 3340 3143 3177
f 3412 3340 3178
f 3341 3412 3178
f 3145 3377 3484
f 3342 3145 3484
f 3266 3222 3181
f 3221 3222 3266
f 3344 3223 3306
f 3226 3223 3344
f 3226 3224 3223
f 3225 3147 3227
f 3226 3183 3224
f 3185 3183 3267
f 3228 3185 3267
f 3186 3185 3228
f 3347 3149 3188
f 3189 3308 3229
f 3347 3230 3149
f 3068 3268 3312
f 3311 3313 3270
f 3270 3313 3272
f 3272 3235 3270
f 3272 3274 3235
f 3317 3274 3272
f 3112 3452 3275
f 3419 3156 3237
f 3318 3452 3112
f 3351 3277 3195
f 3278 3115 3160
f 3115 3278 3279
f 3239 3281 3351
f 3280 3196 3279
f 3281 3239 3240
f 3321 3241 3282
f 3353 3242 3354
f 3031 3354 3242
f 3322 3244 3243
f 3355 3283 3162
f 3284 3355 3162
f 3245 3456 3324
f 3500 3324 3456
f 3200 3326 3246
f 3246 3326 3358
f 3359 3327 3124
f 3204 3248 3327
f 3124 3127 3359
f 3329 3205 3358
f 3329 3289 3205
f 3205 3289 3123
f 3291 3396 3250
f 3396 3249 3250
f 3361 3293 3128
f 3293 3251 3128
f 3207 3252 3292
f 3288 3207 3292
f 3289 3290 3123
f 3290 3291 3165
f 3292 3252 3331
f 3332 3251 3293
f 3252 3294 3331
f 3333 3294 3208
f 3167 3365 3208
f 3254 3295 3296
f 3297 3254 3087
f 3367 3091 3434
f 3369 3255 3300
f 3255 3171 3300
f 3371 3369 3300
f 3301 3371 3300
f 3302 3258 3260
f 3215 3302 3260
f 3138 3338 3301
f 3337 3215 3096
f 3338 3371 3301
f 3441 3262 3263
f 3374 3375 3303
f 3409 3441 3263
f 3407 3338 3443
f 3304 3443 3338
f 3218 3409 3217
f 3305 3444 3218
f 3219 3305 3218
f 3220 3097 3339
f 3264 3099 3376
f 3341 3179 3445
f 3179 3265 3445
f 3265 3221 3378
f 3344 3306 3343
f 3226 3345 3183
f 3346 3227 3011
f 3184 3346 3011
f 3515 3267 3183
f 3307 3188 3186
f 3228 3307 3186
f 3228 3415 3307
f 3347 3188 3307
f 3308 3417 3229
f 3230 3347 3379
f 3308 3310 3231
f 3230 3379 3311
f 3379 3309 3311
f 3309 3348 3418
f 3309 3418 3381
f 3309 3381 3311
f 3381 3313 3311
f 3269 3312 3268
f 3269 3268 3271
f 3315 3269 3271
f 3272 3313 3314
f 3273 3233 3234
f 3316 3272 3314
f 3316 3317 3272
f 3273 3275 3450
f 3317 3316 3276
f 3564 3157 3350
f 3277 3384 3158
f 3385 3384 3277
f 3385 3277 3351
f 3279 3352 3280
f 3240 3424 3281
f 3240 3319 3424
f 3352 3282 3280
f 3282 3352 3320
f 3240 3353 3319
f 3320 3321 3282
f 3386 3321 3320
f 3355 3284 3323
f 3356 3245 3285
f 3163 3388 3323
f 3324 3500 3200
f 3357 3325 3201
f 3204 3327 3394
f 3328 3287 3288
f 3361 3128 3325
f 3292 3328 3288
f 3330 3396 3291
f 3289 3363 3290
f 3290 3363 3291
f 3363 3330 3291
f 3364 3332 3293
f 3253 3332 3364
f 3331 3294 3333
f 3208 3365 3333
f 3296 3295 3167
f 3167 3295 3365
f 3253 3400 3210
f 3087 3366 3297
f 3255 3369 3334
f 3438 3298 3334
f 3336 3047 3299
f 3257 3403 3368
f 3335 3257 3258
f 3302 3335 3258
f 3259 3213 3402
f 3370 3302 3215
f 3337 3370 3215
f 3374 3303 3259
f 3443 3304 3408
f 3479 3261 3442
f 3339 3052 3216
f 3216 3482 3339
f 3411 3305 3176
f 3551 3264 3376
f 3265 3378 3445
f 3342 3512 3306
f 3414 3226 3344
f 3345 3226 3414
f 3515 3183 3345
f 3448 3346 3184
f 3228 3267 3447
f 3415 3228 3447
f 3105 3489 3448
f 3416 3347 3307
f 3307 3415 3416
f 3308 3380 3417
f 3380 3308 3349
f 3309 3379 3348
f 3308 3231 3349
f 3562 3312 3491
f 3312 3269 3491
f 3313 3381 3314
f 3315 3271 3233
f 3314 3449 3316
f 3492 3276 3316
f 3419 3237 3276
f 3452 3318 3453
f 3421 3279 3278
f 3352 3279 3422
f 3386 3243 3321
f 3386 3322 3243
f 3354 3283 3355
f 3323 3426 3355
f 3356 3285 3391
f 3326 3200 3500
f 3285 3286 3391
f 3500 3457 3326
f 3287 3391 3286
f 3457 3392 3326
f 3326 3392 3358
f 3204 3459 3247
f 3359 3393 3327
f 3460 3393 3359
f 3393 3394 3327
f 3287 3328 3395
f 3464 3249 3396
f 3464 3359 3249
f 3430 3329 3358
f 3328 3292 3360
f 3329 3362 3289
f 3362 3363 3289
f 3396 3330 3397
f 3361 3467 3293
f 3398 3331 3399
f 3467 3364 3293
f 3331 3333 3399
f 3400 3253 3432
f 3400 3471 3210
f 3297 3366 3401
f 3471 3434 3210
f 3589 3367 3434
f 3091 3367 3366
f 3369 3438 3334
f 3256 3507 3402
f 3368 3507 3256
f 3404 3257 3335
f 3404 3403 3257
f 3406 3437 3438
f 3371 3373 3369
f 3259 3402 3436
f 3405 3335 3302
f 3405 3302 3370
f 3337 3441 3372
f 3436 3374 3259
f 3442 3261 3336
f 3338 3407 3371
f 3408 3304 3375
f 3411 3444 3305
f 3176 3143 3340
f 3099 3220 3376
f 3510 3412 3341
f 3445 3510 3341
f 3377 3180 3264
f 3551 3377 3264
f 3512 3342 3484
f 3343 3306 3512
f 3266 3413 3221
f 3343 3485 3344
f 3225 3227 3487
f 3346 3488 3227
f 3448 3446 3346
f 3447 3267 3515
f 3229 3489 3105
f 3379 3347 3416
f 3416 3516 3379
f 3516 3348 3379
f 3559 3418 3348
f 3349 3231 3562
f 3312 3562 3231
f 3381 3418 3449
f 3315 3382 3269
f 3449 3314 3381
f 3383 3315 3233
f 3273 3450 3233
f 3493 3450 3275
f 3419 3276 3492
f 3493 3275 3452
f 3420 3238 3158
f 3495 3157 3564
f 3384 3420 3158
f 3384 3385 3496
f 3422 3279 3421
f 3281 3385 3351
f 3281 3527 3385
f 3281 3498 3527
f 3424 3498 3281
f 3352 3423 3320
f 3497 3386 3320
f 3319 3353 3499
f 3386 3497 3528
f 3354 3499 3353
f 3570 3322 3386
f 3355 3425 3354
f 3356 3428 3245
f 3387 3428 3356
f 3428 3456 3245
f 3577 3357 3201
f 3356 3391 3389
f 3357 3538 3325
f 3394 3459 3204
f 3247 3459 3390
f 3391 3287 3395
f 3458 3358 3392
f 3458 3430 3358
f 3325 3538 3361
f 3328 3360 3395
f 3329 3430 3362
f 3360 3292 3398
f 3397 3330 3431
f 3398 3292 3331
f 3363 3362 3431
f 3363 3431 3330
f 3467 3361 3539
f 3399 3504 3398
f 3467 3432 3364
f 3253 3364 3432
f 3365 3399 3333
f 3254 3297 3295
f 3438 3437 3298
f 3299 3435 3336
f 3298 3437 3299
f 3368 3472 3507
f 3403 3472 3368
f 3404 3335 3405
f 3337 3372 3370
f 3406 3438 3369
f 3373 3406 3369
f 3373 3439 3406
f 3596 3372 3441
f 3442 3336 3474
f 3474 3336 3435
f 3407 3373 3371
f 3547 3407 3443
f 3410 3218 3444
f 3376 3220 3548
f 3510 3509 3412
f 3551 3511 3377
f 3513 3554 3378
f 3378 3413 3513
f 3413 3378 3221
f 3486 3413 3266
f 3414 3344 3485
f 3487 3266 3225
f 3488 3487 3227
f 3346 3446 3488
f 3637 3515 3345
f 3446 3448 3557
f 3229 3417 3489
f 3517 3559 3348
f 3561 3418 3559
f 3450 3383 3233
f 3523 3316 3521
f 3492 3316 3523
f 3494 3156 3419
f 3525 3156 3494
f 3525 3350 3156
f 3238 3526 3318
f 3421 3278 3566
f 3615 3352 3422
f 3615 3423 3352
f 3528 3570 3386
f 3425 3499 3354
f 3570 3201 3322
f 3389 3387 3356
f 3387 3427 3428
f 3388 3574 3323
f 3426 3323 3574
f 3388 3390 3574
f 3621 3538 3357
f 3389 3391 3532
f 3391 3395 3532
f 3460 3359 3501
f 3532 3395 3465
f 3463 3464 3396
f 3429 3465 3360
f 3395 3360 3465
f 3397 3431 3461
f 3396 3397 3463
f 3360 3398 3429
f 3362 3466 3431
f 3504 3399 3541
f 3297 3469 3295
f 3469 3470 3295
f 3432 3433 3400
f 3400 3433 3471
f 3299 3476 3435
f 3437 3476 3299
f 3402 3473 3436
f 3544 3476 3437
f 3440 3436 3473
f 3474 3435 3475
f 3374 3436 3440
f 3439 3373 3407
f 3408 3375 3374
f 3409 3508 3441
f 3546 3443 3408
f 3410 3508 3409
f 3410 3409 3218
f 3444 3481 3410
f 3216 3478 3482
f 3479 3478 3216
f 3602 3482 3478
f 3339 3482 3602
f 3509 3176 3340
f 3412 3509 3340
f 3551 3376 3548
f 3445 3378 3483
f 3554 3483 3378
f 3487 3486 3266
f 3490 3416 3415
f 3516 3416 3490
f 3517 3348 3516
f 3349 3562 3518
f 3519 3418 3561
f 3519 3449 3418
f 3491 3269 3382
f 3382 3315 3383
f 3521 3316 3449
f 3383 3450 3451
f 3493 3451 3450
f 3419 3492 3494
f 3453 3563 3452
f 3525 3564 3350
f 3526 3453 3318
f 3238 3420 3526
f 3278 3495 3566
f 3420 3384 3496
f 3615 3422 3421
f 3320 3423 3497
f 3529 3528 3497
f 3454 3424 3319
f 3319 3499 3454
f 3355 3426 3425
f 3577 3201 3570
f 3389 3531 3387
f 3455 3531 3389
f 3427 3387 3531
f 3389 3532 3455
f 3577 3621 3357
f 3457 3576 3392
f 3576 3458 3392
f 3574 3390 3459
f 3576 3578 3458
f 3578 3430 3458
f 3501 3622 3460
f 3535 3430 3578
f 3462 3463 3461
f 3464 3501 3359
f 3430 3535 3362
f 3397 3461 3463
f 3538 3539 3361
f 3429 3398 3540
f 3362 3535 3466
f 3467 3539 3505
f 3505 3468 3467
f 3467 3468 3432
f 3365 3506 3399
f 3541 3399 3506
f 3295 3470 3365
f 3468 3433 3432
f 3588 3433 3468
f 3297 3401 3469
f 3471 3589 3434
f 3589 3366 3367
f 3404 3594 3403
f 3594 3404 3405
f 3594 3405 3370
f 3406 3477 3437
f 3594 3370 3372
f 3475 3435 3476
f 3477 3544 3437
f 3439 3631 3406
f 3442 3474 3599
f 3508 3596 3441
f 3547 3598 3407
f 3443 3546 3547
f 3546 3408 3668
f 3408 3374 3601
f 3668 3408 3601
f 3600 3479 3442
f 3480 3602 3478
f 3411 3603 3444
f 3604 3411 3549
f 3339 3548 3220
f 3548 3339 3669
f 3549 3411 3176
f 3552 3510 3445
f 3512 3484 3605
f 3555 3413 3486
f 3512 3485 3343
f 3556 3345 3414
f 3448 3489 3557
f 3447 3709 3415
f 3676 3417 3380
f 3518 3380 3349
f 3493 3524 3451
f 3452 3680 3493
f 3680 3452 3563
f 3385 3527 3496
f 3423 3615 3568
f 3424 3454 3498
f 3530 3499 3425
f 3425 3571 3530
f 3425 3426 3571
f 3646 3571 3426
f 3574 3575 3426
f 3646 3426 3575
f 3573 3500 3456
f 3500 3576 3457
f 3534 3579 3459
f 3574 3459 3579
f 3394 3534 3459
f 3537 3464 3462
f 3537 3501 3464
f 3532 3465 3585
f 3462 3461 3503
f 3463 3462 3464
f 3466 3535 3536
f 3536 3502 3466
f 3466 3502 3431
f 3431 3502 3461
f 3504 3540 3398
f 3586 3505 3539
f 3365 3470 3587
f 3401 3542 3469
f 3469 3542 3470
f 3433 3627 3471
f 3471 3627 3589
f 3366 3543 3401
f 3472 3591 3507
f 3472 3592 3591
f 3403 3592 3472
f 3590 3473 3402
f 3590 3402 3507
f 3592 3403 3665
f 3665 3403 3594
f 3630 3372 3596
f 3544 3475 3476
f 3631 3477 3406
f 3475 3781 3474
f 3439 3407 3598
f 3508 3545 3596
f 3599 3474 3781
f 3547 3703 3598
f 3601 3374 3440
f 3600 3478 3479
f 3600 3705 3478
f 3669 3339 3602
f 3550 3551 3548
f 3553 3552 3445
f 3445 3483 3553
f 3484 3377 3511
f 3555 3513 3413
f 3512 3673 3485
f 3485 3673 3743
f 3488 3606 3487
f 3488 3446 3606
f 3637 3345 3556
f 3557 3514 3446
f 3709 3490 3415
f 3607 3490 3709
f 3558 3516 3490
f 3516 3558 3517
f 3560 3518 3562
f 3562 3491 3520
f 3382 3520 3491
f 3520 3382 3383
f 3383 3612 3520
f 3521 3449 3519
f 3612 3451 3524
f 3522 3523 3521
f 3522 3492 3523
f 3493 3680 3524
f 3522 3494 3492
f 3525 3494 3522
f 3526 3563 3453
f 3526 3565 3563
f 3752 3495 3564
f 3718 3566 3495
f 3752 3718 3495
f 3421 3566 3567
f 3615 3421 3567
f 3497 3423 3529
f 3423 3569 3529
f 3570 3528 3529
f 3530 3454 3499
f 3455 3617 3531
f 3572 3455 3532
f 3428 3573 3456
f 3427 3573 3428
f 3533 3500 3573
f 3500 3533 3576
f 3393 3534 3394
f 3578 3689 3535
f 3582 3462 3503
f 3462 3584 3537
f 3582 3584 3462
f 3537 3622 3501
f 3460 3622 3393
f 3535 3580 3536
f 3461 3502 3503
f 3585 3429 3540
f 3465 3429 3585
f 3586 3624 3505
f 3504 3541 3657
f 3506 3365 3587
f 3468 3695 3588
f 3542 3587 3470
f 3589 3628 3366
f 3628 3543 3366
f 3543 3542 3401
f 3630 3594 3372
f 3595 3544 3477
f 3597 3781 3475
f 3597 3475 3544
f 3632 3631 3439
f 3600 3442 3599
f 3410 3808 3508
f 3480 3478 3705
f 3603 3481 3444
f 3604 3603 3411
f 3509 3549 3176
f 3605 3484 3511
f 3554 3672 3483
f 3743 3414 3485
f 3486 3487 3606
f 3674 3447 3515
f 3677 3561 3559
f 3562 3678 3560
f 3609 3519 3561
f 3678 3562 3520
f 3678 3520 3610
f 3612 3610 3520
f 3521 3519 3611
f 3451 3612 3383
f 3522 3521 3611
f 3681 3525 3522
f 3565 3753 3563
f 3752 3564 3682
f 3613 3496 3614
f 3527 3719 3496
f 3498 3719 3527
f 3423 3642 3569
f 3570 3529 3643
f 3455 3572 3617
f 3649 3575 3574
f 3577 3570 3765
f 3579 3691 3574
f 3652 3691 3579
f 3534 3652 3579
f 3766 3502 3726
f 3622 3583 3393
f 3534 3393 3583
f 3689 3580 3535
f 3580 3581 3536
f 3536 3581 3502
f 3502 3766 3503
f 3503 3766 3582
f 3532 3585 3572
f 3540 3623 3585
f 3538 3586 3539
f 3657 3540 3504
f 3624 3658 3505
f 3658 3468 3505
f 3506 3657 3541
f 3695 3468 3658
f 3542 3626 3587
f 3433 3588 3627
f 3543 3663 3542
f 3629 3590 3507
f 3629 3507 3591
f 3593 3665 3594
f 3473 3700 3440
f 3439 3598 3632
f 3700 3601 3440
f 3546 3634 3547
f 3668 3634 3546
f 3634 3633 3547
f 3602 3480 3854
f 3706 3509 3510
f 3785 3605 3511
f 3513 3742 3554
f 3555 3742 3513
f 3673 3512 3635
f 3486 3636 3555
f 3414 3743 3786
f 3514 3606 3446
f 3674 3515 3637
f 3557 3675 3514
f 3675 3557 3638
f 3557 3489 3710
f 3417 3710 3489
f 3417 3676 3710
f 3711 3490 3607
f 3380 3608 3676
f 3711 3558 3490
f 3518 3608 3380
f 3713 3559 3517
f 3677 3559 3713
f 3519 3609 3611
f 3641 3564 3525
f 3682 3564 3641
f 3420 3565 3526
f 3420 3613 3565
f 3496 3613 3420
f 3567 3566 3683
f 3568 3615 3755
f 3423 3568 3642
f 3616 3498 3454
f 3529 3569 3643
f 3644 3570 3643
f 3530 3616 3454
f 3765 3570 3644
f 3617 3721 3531
f 3531 3687 3427
f 3721 3687 3531
f 3687 3647 3427
f 3427 3618 3573
f 3647 3618 3427
f 3646 3575 3649
f 3618 3533 3573
f 3533 3619 3576
f 3618 3619 3533
f 3576 3619 3578
f 3649 3574 3691
f 3765 3727 3577
f 3619 3689 3578
f 3580 3650 3581
f 3581 3650 3653
f 3581 3653 3651
f 3502 3581 3726
f 3534 3583 3652
f 3654 3537 3584
f 3537 3654 3622
f 3654 3620 3622
f 3621 3586 3538
f 3585 3623 3572
f 3586 3731 3624
f 3623 3540 3656
f 3657 3506 3625
f 3506 3587 3625
f 3625 3587 3626
f 3659 3626 3663
f 3627 3660 3589
f 3589 3660 3628
f 3663 3626 3542
f 3628 3661 3543
f 3665 3778 3592
f 3630 3593 3594
f 3777 3590 3629
f 3597 3544 3595
f 3595 3477 3701
f 3701 3477 3631
f 3632 3701 3631
f 3545 3736 3596
f 3547 3633 3703
f 3808 3738 3545
f 3508 3808 3545
f 3600 3599 3704
f 3666 3599 3781
f 3854 3810 3602
f 3670 3603 3604
f 3670 3604 3549
f 3552 3706 3510
f 3707 3551 3550
f 3551 3707 3785
f 3785 3511 3551
f 3553 3483 3672
f 3635 3512 3605
f 3555 3636 3742
f 3486 3606 3636
f 3556 3414 3786
f 3606 3744 3636
f 3744 3606 3514
f 3746 3447 3674
f 3710 3638 3557
f 3608 3518 3560
f 3610 3612 3639
f 3715 3611 3609
f 3524 3639 3612
f 3640 3522 3715
f 3715 3522 3611
f 3640 3681 3522
f 3641 3525 3681
f 3683 3566 3718
f 3867 3565 3684
f 3613 3684 3565
f 3614 3684 3613
f 3755 3615 3567
f 3719 3614 3496
f 3642 3568 3755
f 3757 3498 3616
f 3616 3530 3829
f 3617 3688 3645
f 3721 3617 3645
f 3685 3571 3646
f 3572 3688 3617
f 3618 3647 3648
f 3618 3648 3619
f 3689 3619 3648
f 3623 3688 3572
f 3689 3650 3580
f 3650 3690 3692
f 3692 3651 3653
f 3651 3726 3581
f 3582 3768 3584
f 3620 3583 3622
f 3727 3621 3577
f 3623 3655 3688
f 3621 3727 3586
f 3586 3727 3731
f 3656 3655 3623
f 3656 3540 3657
f 3625 3733 3657
f 3626 3694 3625
f 3660 3627 3588
f 3663 3543 3661
f 3662 3663 3661
f 3661 3628 3660
f 3591 3699 3629
f 3591 3664 3699
f 3592 3664 3591
f 3590 3777 3473
f 3777 3629 3699
f 3806 3664 3735
f 3735 3664 3778
f 3778 3664 3592
f 3776 3593 3630
f 3776 3630 3736
f 3736 3630 3596
f 3738 3736 3545
f 3781 3597 3779
f 3599 3666 3704
f 3666 3781 3927
f 3600 3704 3705
f 3633 3634 3667
f 3782 3668 3601
f 3783 3410 3481
f 3928 3480 3705
f 3809 3603 3670
f 3669 3602 3810
f 3550 3548 3739
f 3706 3549 3509
f 3671 3706 3552
f 3552 3553 3671
f 3671 3553 3741
f 3741 3553 3672
f 3785 3856 3605
f 3742 3672 3554
f 3744 3514 3675
f 3745 3674 3637
f 3676 3608 3821
f 3749 3561 3677
f 3749 3609 3561
f 3749 3750 3609
f 3678 3610 3679
f 3715 3609 3750
f 3639 3679 3610
f 3524 3790 3639
f 3563 3717 3680
f 3753 3717 3563
f 3754 3755 3567
f 3755 3825 3642
f 3719 3498 3757
f 3825 3756 3642
f 3569 3642 3756
f 3758 3644 3643
f 3685 3829 3530
f 3571 3685 3530
f 3835 3644 3758
f 3645 3686 3759
f 3688 3686 3645
f 3722 3648 3687
f 3649 3724 3646
f 3685 3646 3724
f 3647 3687 3648
f 3723 3689 3648
f 3650 3689 3723
f 3688 3728 3686
f 3692 3725 3651
f 3798 3726 3651
f 3652 3764 3691
f 3650 3692 3653
f 3766 3768 3582
f 3688 3655 3728
f 3730 3729 3620
f 3620 3729 3583
f 3729 3767 3583
f 3583 3767 3652
f 3732 3731 3769
f 3732 3624 3731
f 3656 3771 3655
f 3656 3733 3771
f 3657 3733 3656
f 3732 3658 3624
f 3732 3695 3658
f 3625 3694 3693
f 3625 3693 3733
f 3588 3695 3697
f 3659 3696 3626
f 3626 3696 3694
f 3660 3588 3697
f 3663 3734 3659
f 3661 3660 3698
f 3662 3661 3775
f 3664 3806 3699
f 3593 3778 3665
f 3700 3473 3737
f 3737 3473 3777
f 3703 3702 3598
f 3783 3808 3410
f 3782 3634 3668
f 3809 3783 3481
f 3809 3481 3603
f 3480 3892 3854
f 3811 3667 3634
f 3784 3670 3549
f 3739 3548 3669
f 3549 3706 3784
f 3741 3740 3671
f 3816 3672 3742
f 3636 3708 3742
f 3937 3743 3673
f 3899 3675 3787
f 3675 3638 3787
f 3710 3818 3638
f 3711 3819 3558
f 3558 3712 3517
f 3712 3713 3517
f 3560 3714 3822
f 3748 3677 3713
f 3748 3749 3677
f 3678 3714 3560
f 3789 3714 3678
f 3748 3750 3749
f 3789 3678 3679
f 3790 3679 3639
f 3716 3679 3790
f 3680 3790 3524
f 3751 3681 3640
f 3717 3790 3680
f 3751 3641 3681
f 3682 3751 3752
f 3682 3641 3751
f 3867 3753 3565
f 3683 3754 3567
f 3614 3719 3684
f 3756 3791 3569
f 3720 3826 3616
f 3616 3826 3757
f 3720 3616 3829
f 3686 3792 3759
f 3760 3645 3759
f 3760 3721 3645
f 3721 3722 3687
f 3650 3723 3690
f 3690 3795 3762
f 3690 3762 3692
f 3835 3765 3644
f 3692 3762 3833
f 3692 3833 3725
f 3651 3725 3798
f 3764 3652 3767
f 3655 3770 3728
f 3768 3654 3584
f 3654 3730 3620
f 3769 3731 3727
f 3771 3770 3655
f 3732 3773 3695
f 3772 3696 3774
f 3696 3772 3693
f 3696 3693 3694
f 3659 3774 3696
f 3734 3774 3659
f 3697 3698 3660
f 3775 3661 3698
f 3662 3734 3663
f 3595 3965 3597
f 3850 3778 3593
f 3805 3595 3701
f 3632 3598 3805
f 3702 3703 3633
f 3782 3601 3737
f 3737 3601 3700
f 3967 3705 3704
f 3739 3813 3550
f 3814 3784 3706
f 3814 3706 3671
f 3741 3672 3816
f 3635 3605 3815
f 3635 3815 3673
f 3708 3636 3817
f 3786 3637 3556
f 3637 3786 3745
f 3709 3447 3746
f 3710 3747 3818
f 3676 3747 3710
f 3900 3607 3709
f 3821 3747 3676
f 3900 3819 3607
f 3819 3711 3607
f 3558 3819 3820
f 3712 3558 3820
f 3822 3608 3560
f 3822 3821 3608
f 3862 3715 3750
f 3864 3752 3751
f 3829 3870 3720
f 3827 3792 3686
f 3793 3759 3792
f 3829 3685 3832
f 3686 3831 3827
f 3793 3760 3759
f 3721 3760 3722
f 3722 3761 3648
f 3648 3761 3723
f 3723 3761 3795
f 3797 3831 3686
f 3723 3795 3690
f 3724 3649 3763
f 3724 3832 3685
f 3686 3728 3797
f 3691 3764 3763
f 3691 3763 3649
f 3726 3917 3766
f 3767 3838 3764
f 3768 3766 3917
f 3841 3768 3917
f 3799 3729 3730
f 3799 3837 3729
f 3729 3837 3767
f 3770 3797 3728
f 3733 3801 3771
f 3733 3693 3801
f 3918 3773 3732
f 3773 3697 3695
f 3773 3845 3697
f 3702 3884 3805
f 3598 3702 3805
f 3850 3593 3776
f 3779 3597 3965
f 3965 3595 3805
f 3737 3777 3851
f 3849 3699 3806
f 3780 3736 3738
f 3888 3780 3738
f 3885 3702 3633
f 3808 3888 3738
f 3885 3633 3667
f 3892 3480 3928
f 3634 3853 3811
f 3812 3809 3670
f 3669 3810 3893
f 3739 3669 3893
f 3813 3739 3893
f 3707 3550 3813
f 3671 3740 3814
f 3816 3742 3708
f 3786 3743 3857
f 3675 3899 3744
f 3638 3818 3787
f 3788 3709 3746
f 3788 3900 3709
f 3712 3748 3713
f 3902 3748 3712
f 3789 4086 3714
f 3789 3679 3861
f 3823 3715 3862
f 3823 3640 3715
f 3863 3640 3823
f 3863 3751 3640
f 3717 3903 3790
f 3753 3903 3717
f 3753 3865 3903
f 3683 3904 3754
f 3683 3718 3904
f 3754 3866 3755
f 3825 3755 3866
f 3719 3757 3826
f 3906 3791 3756
f 3643 3569 3791
f 3907 3643 3791
f 3796 3761 3794
f 3760 3793 3794
f 3760 3794 3722
f 3722 3794 3761
f 3761 3796 3795
f 3795 3796 3878
f 3795 3878 3762
f 3762 3878 3833
f 3797 3912 3831
f 3798 3917 3726
f 3767 3837 3838
f 3765 3843 3727
f 3800 3797 3770
f 3768 3841 3654
f 3654 3841 3839
f 3654 3839 3730
f 3727 3843 3769
f 3801 3800 3770
f 3771 3801 3770
f 3693 3802 3801
f 3772 3803 3802
f 3772 3802 3693
f 3845 3773 4020
f 3774 3844 3772
f 3883 3844 3774
f 3697 3845 3804
f 3734 3883 3774
f 3697 3804 3698
f 3734 3662 3848
f 3734 3848 3883
f 3698 3804 3775
f 3775 3804 3846
f 3775 3846 3662
f 3778 3926 3735
f 3926 3778 3850
f 3780 3776 3736
f 3780 3850 3776
f 3805 3701 3632
f 3699 3851 3777
f 3807 3806 3735
f 3779 3927 3781
f 3889 3737 3851
f 3782 3737 3889
f 3889 3890 3782
f 3705 3967 3928
f 3891 3885 3667
f 3852 3634 3782
f 3852 3782 3890
f 3891 3667 3811
f 3853 3634 3852
f 3784 3812 3670
f 3813 3893 3894
f 3855 3707 3813
f 3785 3707 3897
f 3741 3973 3740
f 3816 3936 3741
f 3743 3937 3857
f 3817 3939 3708
f 3745 3786 3857
f 3744 3817 3636
f 3899 3817 3744
f 3862 3750 3902
f 3902 3750 3748
f 3902 3978 3862
f 3716 3790 3903
f 3864 3751 3863
f 3943 3752 3864
f 3824 3752 3943
f 4045 3903 3865
f 3824 3718 3752
f 3753 3867 3865
f 3719 3905 3684
f 3719 3868 3905
f 3826 3868 3719
f 3869 3826 3720
f 3720 3870 3869
f 3907 3758 3643
f 3827 3831 3871
f 3828 3792 3827
f 3792 3828 3793
f 3793 3828 3872
f 3793 3872 3794
f 3794 3872 3830
f 3794 3830 3796
f 3796 3830 3874
f 3796 3874 3877
f 3877 3878 3796
f 3833 3834 3725
f 3798 3725 3836
f 3764 3838 3763
f 3843 3765 3835
f 3917 3840 3841
f 3841 3842 3839
f 3730 3839 3799
f 3769 3918 3732
f 3881 3803 3882
f 3918 4020 3773
f 3844 3882 3803
f 3803 3881 3802
f 3772 3844 3803
f 4021 3848 3847
f 3804 3845 3846
f 3846 3847 3662
f 3662 3847 3848
f 3805 3884 3923
f 3885 3884 3702
f 3699 3849 3851
f 3806 3807 3849
f 3926 3807 3735
f 3925 3851 3849
f 3929 3783 3809
f 3929 3809 3812
f 3971 3811 3970
f 3811 3853 3970
f 3970 3853 4080
f 4080 3853 3852
f 3810 3854 3930
f 3893 3810 3930
f 3931 3812 3895
f 3895 3812 3784
f 3896 3895 3784
f 3896 3784 3814
f 3855 3813 3894
f 3933 3896 3814
f 3897 3707 3855
f 3933 3814 3740
f 3856 3785 3897
f 3856 3815 3605
f 3973 3741 3936
f 3937 3673 3815
f 3941 3746 3674
f 3787 3818 3858
f 3859 3819 3900
f 3821 4130 3747
f 3901 3712 3820
f 3860 3902 3712
f 3901 3860 3712
f 4086 3822 3714
f 3679 3716 3861
f 3865 3984 4045
f 3904 3718 3824
f 4137 3866 3754
f 3905 3867 3684
f 3825 3944 3946
f 3825 3946 3756
f 3828 3871 3908
f 3907 3952 3758
f 3871 3831 3876
f 3827 3871 3828
f 3872 3908 3910
f 3828 3908 3872
f 3872 3910 3830
f 3874 3830 3873
f 3875 3874 3873
f 3874 3875 3877
f 3960 3878 3877
f 3831 3912 3876
f 3958 3835 3758
f 3832 3724 3879
f 3797 4017 3912
f 3834 3836 3725
f 3763 3879 3724
f 3799 3916 3837
f 3916 3838 3837
f 3838 3914 3763
f 3915 3798 3836
f 3915 3917 3798
f 3799 3839 3880
f 4017 3800 4016
f 3800 4017 3797
f 3840 3842 3841
f 3800 3801 4016
f 4018 3918 3769
f 3843 4018 3769
f 3802 4016 3801
f 3845 4020 3919
f 3844 3883 4023
f 3844 4023 3882
f 3846 3845 3922
f 3846 3922 3847
f 3847 3922 4021
f 3848 4021 3883
f 3807 3926 4074
f 3923 3965 3805
f 3886 3849 3807
f 3886 3807 3887
f 3887 3807 4074
f 3888 3808 3966
f 3666 3927 4026
f 3783 3966 3808
f 3704 3666 4026
f 3929 3966 3783
f 3811 4029 3891
f 3892 3968 3930
f 3930 3854 3892
f 3971 4029 3811
f 3931 3929 3812
f 3893 3930 3969
f 3894 3932 3855
f 3935 3856 3897
f 3815 3856 3935
f 3935 3898 3815
f 3975 3936 3816
f 3975 3816 3708
f 3938 3975 3708
f 3857 3937 4035
f 3939 3938 3708
f 3899 3939 3817
f 4038 3900 3788
f 3859 3900 4038
f 3747 4128 3818
f 4130 4128 3747
f 3942 3820 3819
f 3859 3942 3819
f 3901 3820 3942
f 3822 4130 3821
f 3860 3978 3902
f 3864 3863 3943
f 3904 4137 3754
f 3866 3944 3825
f 3906 3948 3791
f 3826 3869 3996
f 3909 3949 3994
f 3952 3907 4057
f 3908 3954 3949
f 3908 3949 3909
f 3908 3871 3954
f 3908 3909 3910
f 3910 3909 3950
f 3830 3910 3873
f 3876 3954 3871
f 3875 3873 3956
f 3956 3911 3875
f 3913 3870 3829
f 3952 3958 3758
f 3875 3960 3877
f 3878 3960 3833
f 3829 4010 3913
f 3829 3832 4010
f 3833 3960 3834
f 3834 3960 4008
f 4010 3832 3879
f 3879 3914 4010
f 3835 3958 3962
f 3763 3914 3879
f 3836 4011 3915
f 4101 3917 3915
f 3840 3917 4101
f 3880 3961 3799
f 3961 3916 3799
f 3838 3916 3914
f 3962 3843 3835
f 3839 3842 3880
f 3963 3882 4023
f 3922 3920 3921
f 3845 3919 3920
f 3845 3920 3922
f 3922 3921 4021
f 4070 3923 3884
f 3850 3924 3926
f 3780 3964 3850
f 3850 3964 3924
f 3849 3886 3925
f 3888 3964 3780
f 4112 3925 3886
f 4112 3886 3887
f 4072 3964 3888
f 3888 3966 4072
f 3885 4024 3884
f 4076 3851 3925
f 3885 3891 4024
f 4024 3891 4029
f 4030 3966 3929
f 3931 4030 3929
f 3969 3930 3968
f 3894 3893 3969
f 3935 3897 3855
f 4033 3933 3934
f 3740 3934 3933
f 3740 3973 3934
f 3974 3815 3898
f 3974 3937 3815
f 3976 3975 3938
f 3938 3940 3976
f 3938 3939 3940
f 3857 3941 3745
f 3941 3674 3745
f 3939 4036 3940
f 3899 4036 3939
f 3899 4039 4036
f 3899 3787 4039
f 3787 3858 4039
f 3977 3858 3818
f 4128 3977 3818
f 4041 3860 3901
f 3789 4167 4086
f 4043 3862 3978
f 4043 3823 3862
f 4044 3943 3863
f 4045 3984 3979
f 3866 4137 3944
f 4050 3867 3945
f 3945 3867 3905
f 3826 3996 3868
f 3907 3791 3948
f 4057 3907 3948
f 3950 3994 3947
f 3996 3869 3953
f 3870 3953 3869
f 3909 3994 3950
f 3951 4001 3955
f 3910 3950 3873
f 3873 3950 3951
f 3951 3956 3873
f 3956 3951 3955
f 3955 4003 3956
f 3913 3953 3870
f 4006 3876 3959
f 3876 4006 3954
f 3911 3957 3875
f 3875 3957 3960
f 3952 4007 3958
f 3876 3912 3959
f 4017 4064 3912
f 4011 3836 3834
f 4014 3880 3842
f 3914 3916 4012
f 3916 4015 4012
f 3915 4011 4101
f 3916 3961 4015
f 3918 4018 4020
f 4016 3802 4105
f 4018 4104 4020
f 4021 4022 4069
f 4021 4069 3883
f 3883 4069 4023
f 4070 4025 3923
f 3923 4025 3965
f 3925 4112 4109
f 4071 3924 3964
f 3927 4073 4026
f 4073 3927 3779
f 4027 3779 3965
f 3851 4076 3889
f 4076 3925 4109
f 3966 4078 4072
f 3967 3704 4077
f 4077 3704 4026
f 4075 3890 3889
f 3966 4030 4078
f 3968 3892 4079
f 4079 3892 3928
f 4080 3852 3890
f 4080 3890 4075
f 4031 4029 3971
f 4119 3931 4082
f 3895 4082 3931
f 4081 3932 3894
f 3969 4081 3894
f 3972 4082 3895
f 3972 3895 3896
f 3855 3932 4121
f 4033 3896 3933
f 3935 3855 4121
f 4124 3898 3935
f 4164 3974 3898
f 4125 3973 3936
f 4034 4125 3936
f 3936 3975 4034
f 4035 3937 3974
f 4038 3788 4037
f 4037 3788 3746
f 4129 3859 4038
f 4038 4263 4129
f 3822 4086 4166
f 3901 4168 4041
f 3861 4167 3789
f 4044 3863 3823
f 4048 3824 3943
f 4046 3980 4090
f 4047 3982 3980
f 4090 3980 3985
f 3985 3981 4090
f 3983 3982 4047
f 4047 4092 3983
f 4090 3981 4049
f 3986 3985 3980
f 4048 4137 3904
f 3986 3980 3982
f 3987 3986 3982
f 3983 4092 4053
f 3984 3865 4050
f 3865 3867 4050
f 3981 3985 3989
f 3989 3985 3986
f 3989 3988 3981
f 3987 3982 3983
f 3990 3989 3986
f 3990 3986 3987
f 3868 4093 3905
f 3987 3983 3993
f 3906 3756 3946
f 3989 3991 3988
f 3992 3987 3993
f 3996 4093 3868
f 3988 3991 3997
f 3990 3991 3989
f 3992 3990 3987
f 3994 3991 3990
f 3994 3990 3995
f 3995 3990 3992
f 3999 3993 4053
f 3992 3993 3999
f 3997 3991 3994
f 3994 3995 3947
f 3998 3995 3992
f 3947 3995 3998
f 3998 3992 3999
f 4000 3997 3949
f 3949 3997 3994
f 3947 3998 3950
f 4001 3998 3999
f 4001 3999 4056
f 3954 4000 3949
f 3950 3998 3951
f 3951 3998 4001
f 4001 4056 4058
f 3953 4059 3996
f 4002 4000 3954
f 3955 4001 4058
f 4006 4002 3954
f 3955 4058 4003
f 4063 4004 4002
f 3956 4003 3911
f 4005 4003 4061
f 4063 4002 4006
f 4003 4005 3911
f 3911 4005 3957
f 3957 4005 4062
f 3957 4062 4008
f 4145 3958 4007
f 4006 3959 4063
f 3960 3957 4008
f 3913 4010 4009
f 4064 3959 3912
f 4100 4011 3834
f 3914 4012 4010
f 3958 4145 3962
f 3842 3840 4013
f 3842 4013 4014
f 4014 3961 3880
f 3843 3962 4194
f 4194 4018 3843
f 4105 3802 4019
f 3802 3881 4019
f 4244 3921 3920
f 3963 4067 3882
f 3882 4067 3881
f 4022 4021 3921
f 4024 4070 3884
f 4071 3964 4072
f 3965 4025 4027
f 4074 3926 3924
f 3889 4076 4028
f 4107 4077 4026
f 4028 4075 3889
f 4117 3968 4079
f 3969 3968 4117
f 4159 3970 4080
f 4030 3931 4118
f 4118 3931 4119
f 4032 3971 3970
f 3932 4081 4160
f 4123 3972 3896
f 4123 3896 4033
f 4164 3898 4124
f 4125 3934 3973
f 3976 4211 4034
f 4034 3975 3976
f 4037 3746 3941
f 3858 4040 4039
f 3977 4040 3858
f 4129 4263 4084
f 4129 3942 3859
f 3901 3942 4218
f 4168 4085 4041
f 4087 3860 4041
f 4087 3978 3860
f 3861 4088 4042
f 4087 4043 3978
f 3716 4088 3861
f 3716 4133 4088
f 4044 3823 4043
f 4043 4169 4044
f 4133 3716 3903
f 3903 4045 4133
f 4229 4047 4171
f 3980 4046 4047
f 4092 4047 4229
f 4089 3979 3984
f 3904 3824 4048
f 4137 4288 3944
f 3981 4051 4049
f 3988 4051 3981
f 3944 4234 3946
f 3905 4093 3945
f 4139 4051 4052
f 3988 4052 4051
f 4053 3993 3983
f 3906 4141 3948
f 3997 4052 3988
f 4054 4052 3997
f 4053 4055 3999
f 4000 4054 3997
f 3948 4183 4057
f 3999 4055 4056
f 4058 4056 4096
f 4060 4054 4002
f 4002 4054 4000
f 4058 4096 4061
f 4004 4060 4002
f 4058 4061 4003
f 3913 4059 3953
f 4057 4007 3952
f 4005 4061 4062
f 4009 4097 3913
f 4008 4062 4098
f 4008 4098 4099
f 4189 4012 4147
f 4010 4012 4189
f 4008 4099 3834
f 4099 4100 3834
f 4100 4065 4011
f 4012 4015 4147
f 4011 4065 4101
f 3840 4101 4013
f 4015 4066 4147
f 4017 4103 4064
f 4148 3961 4014
f 4015 3961 4066
f 4017 4016 4103
f 4104 3919 4020
f 3881 4067 4019
f 4244 4068 3921
f 3921 4068 4022
f 4023 4069 4196
f 4106 4070 4024
f 4110 4025 4070
f 4106 4110 4070
f 3887 4074 4151
f 3924 4071 4074
f 3779 4027 4073
f 4025 4108 4027
f 4112 4198 4109
f 3887 4151 4113
f 4157 4072 4078
f 4107 4026 4073
f 4108 4025 4110
f 4112 3887 4113
f 4111 4028 4076
f 4079 3928 4114
f 3928 3967 4152
f 4031 4156 4029
f 4081 3969 4250
f 4160 4121 3932
f 4082 3972 4083
f 3972 4123 4083
f 4121 4124 3935
f 3934 4163 4033
f 4163 3934 4125
f 4126 3974 4164
f 4211 4208 4034
f 4126 4035 3974
f 4211 3976 3940
f 4035 3941 3857
f 4084 4263 4214
f 4040 3977 4127
f 4128 4127 3977
f 3942 4129 4218
f 4166 4130 3822
f 4168 3901 4218
f 4086 4167 4166
f 4085 4087 4041
f 4087 4085 4131
f 4045 3979 4133
f 4046 4134 4170
f 4171 4046 4170
f 4048 3943 4136
f 4171 4047 4046
f 4285 4090 4091
f 4049 4091 4090
f 4050 4138 3984
f 3984 4138 4089
f 4051 4091 4049
f 3945 4138 4050
f 3945 4140 4138
f 3946 4234 4094
f 4093 4140 3945
f 4177 4053 4092
f 4094 3906 3946
f 4177 4055 4053
f 4052 4054 4095
f 4059 4093 3996
f 4141 4183 3948
f 4060 4095 4054
f 4056 4055 4181
f 4056 4181 4096
f 4060 4004 4306
f 4097 4059 3913
f 4096 4143 4061
f 4061 4143 4062
f 4062 4143 4098
f 4186 4097 4009
f 4009 4189 4186
f 4004 4063 3959
f 4010 4189 4009
f 4146 4101 4065
f 4146 4102 4101
f 4064 4193 3959
f 4013 4101 4102
f 4013 4102 4014
f 4066 4192 4147
f 4103 4193 4064
f 4190 4148 4014
f 3961 4148 4066
f 4105 4103 4016
f 3919 4104 4195
f 3919 4195 3920
f 3920 4195 4244
f 4149 4069 4022
f 4247 4106 4024
f 4074 4071 4151
f 4157 4071 4072
f 4150 4073 4027
f 4110 4154 4108
f 4106 4155 4110
f 3967 4077 4152
f 4315 4152 4077
f 4315 4077 4107
f 4155 4154 4110
f 4156 4247 4024
f 4156 4024 4029
f 4028 4201 4075
f 4028 4111 4201
f 4109 4111 4076
f 3928 4152 4114
f 4115 4080 4075
f 4075 4201 4115
f 4116 4157 4078
f 4030 4158 4078
f 4117 4079 4114
f 4115 4159 4080
f 4116 4078 4158
f 4118 4158 4030
f 4117 4250 3969
f 4250 4160 4081
f 3970 4120 4032
f 4082 4207 4119
f 4161 3971 4032
f 4083 4207 4082
f 4083 4123 4122
f 4162 4124 4121
f 4162 4121 4420
f 4257 4123 4163
f 4123 4033 4163
f 4212 3941 4035
f 4339 4038 4037
f 4039 4165 4036
f 4339 4263 4038
f 4039 4040 4165
f 4129 4084 4218
f 4269 4166 4167
f 4087 4131 4043
f 4132 4088 4133
f 4223 4133 3979
f 4136 3943 4044
f 4223 3979 4135
f 4089 4135 3979
f 4136 4172 4048
f 4090 4134 4046
f 4227 4229 4171
f 4285 4134 4090
f 4048 4172 4230
f 4230 4137 4048
f 4229 4174 4092
f 4288 4234 3944
f 4139 4091 4051
f 4052 4095 4139
f 4094 4141 3906
f 4055 4177 4181
f 4059 4178 4093
f 4142 4178 4144
f 4144 4178 4059
f 4060 4303 4095
f 4306 4303 4060
f 4097 4144 4059
f 4097 4186 4144
f 4098 4143 4184
f 4184 4240 4098
f 4098 4240 4099
f 4099 4240 4185
f 4185 4100 4099
f 4185 4188 4100
f 4004 3959 4193
f 4100 4188 4065
f 4065 4188 4146
f 4190 4014 4102
f 4312 3962 4145
f 4312 4194 3962
f 4066 4148 4192
f 4313 4018 4194
f 4104 4018 4313
f 4105 4019 4103
f 4314 4196 4149
f 4196 3963 4023
f 4067 3963 4019
f 4022 4068 4149
f 4069 4149 4196
f 4150 4107 4073
f 4108 4153 4027
f 4027 4153 4150
f 4108 4154 4153
f 4071 4157 4151
f 4315 4107 4150
f 4315 4150 4246
f 4246 4150 4153
f 4406 4155 4106
f 4406 4106 4247
f 4113 4198 4112
f 4319 4111 4109
f 4319 4109 4198
f 4494 4117 4114
f 4202 4117 4494
f 4203 4116 4158
f 4251 4158 4118
f 4159 4204 3970
f 4118 4119 4251
f 4253 4160 4250
f 4031 3971 4161
f 4120 3970 4204
f 4119 4207 4251
f 4253 4420 4160
f 4254 4161 4032
f 4420 4121 4160
f 4122 4207 4083
f 4162 4420 4331
f 4122 4123 4257
f 4162 4164 4124
f 4162 4337 4164
f 4208 4125 4034
f 4209 4164 4337
f 4126 4164 4209
f 4210 4035 4126
f 4212 4035 4210
f 3941 4212 4037
f 4260 3940 4165
f 4036 4165 3940
f 4165 4040 4215
f 4127 4215 4040
f 4128 4216 4127
f 4130 4216 4128
f 4218 4084 4217
f 3861 4042 4167
f 4085 4168 4220
f 4220 4131 4085
f 4131 4169 4043
f 4169 4136 4044
f 4134 4280 4170
f 4226 4223 4135
f 4226 4135 4284
f 4285 4225 4134
f 4089 4175 4135
f 4174 4229 4173
f 4288 4137 4230
f 4091 4232 4285
f 4091 4377 4232
f 4138 4175 4089
f 4092 4174 4177
f 4138 4176 4175
f 4177 4174 4368
f 4140 4176 4138
f 4177 4368 4179
f 4093 4178 4140
f 4181 4177 4179
f 4181 4179 4180
f 4095 4303 4237
f 4181 4180 4298
f 4144 4182 4142
f 4096 4181 4298
f 4096 4298 4143
f 4298 4238 4143
f 4007 4057 4183
f 4143 4238 4184
f 4144 4186 4182
f 4312 4145 4007
f 4189 4241 4239
f 4189 4239 4186
f 4147 4241 4189
f 4193 4187 4004
f 4146 4311 4102
f 4147 4191 4241
f 4192 4191 4147
f 4148 4190 4242
f 4148 4242 4192
f 4401 4244 4195
f 4196 4245 3963
f 4197 4153 4154
f 4155 4197 4154
f 4155 4406 4248
f 4197 4155 4248
f 4199 4157 4116
f 4111 4200 4201
f 4409 4199 4116
f 4115 4249 4159
f 4409 4116 4203
f 4250 4117 4202
f 4325 4158 4251
f 4254 4252 4161
f 4251 4207 4205
f 4206 4254 4032
f 4332 4162 4331
f 4163 4258 4257
f 4211 4436 4208
f 4211 3940 4260
f 4604 4334 4213
f 4339 4037 4212
f 4217 4084 4214
f 4166 4216 4130
f 4166 4219 4216
f 4219 4166 4269
f 4217 4168 4218
f 4268 4168 4217
f 4220 4168 4268
f 4268 4625 4220
f 4042 4269 4167
f 4088 4272 4042
f 4271 4221 4222
f 4222 4221 4270
f 4274 4222 4270
f 4270 4273 4274
f 4088 4132 4272
f 4223 4132 4133
f 4169 4131 4279
f 4276 4278 4224
f 4276 4224 4280
f 4279 4136 4169
f 4134 4225 4280
f 4170 4280 4224
f 4170 4224 4278
f 4278 4171 4170
f 4171 4278 4281
f 4361 4171 4281
f 4135 4228 4284
f 4172 4136 4364
f 4175 4228 4135
f 4287 4228 4231
f 4175 4231 4228
f 4175 4176 4231
f 4091 4139 4377
f 4140 4235 4176
f 4095 4293 4139
f 4294 4235 4142
f 4140 4142 4235
f 4178 4142 4140
f 4237 4293 4095
f 4296 4141 4094
f 4180 4179 4236
f 4296 4183 4141
f 4300 4183 4296
f 4298 4180 4236
f 4299 4294 4182
f 4182 4294 4142
f 4312 4007 4183
f 4184 4238 4240
f 4238 4301 4240
f 4239 4182 4186
f 4239 4299 4182
f 4305 4185 4240
f 4004 4187 4306
f 4305 4188 4185
f 4307 4309 4188
f 4309 4146 4188
f 4146 4309 4311
f 4102 4311 4190
f 4190 4311 4242
f 4192 4242 4191
f 4243 4194 4312
f 4243 4313 4194
f 4103 4019 4399
f 4401 4104 4313
f 4104 4401 4195
f 4244 4401 4402
f 3963 4245 4019
f 4068 4403 4149
f 4403 4314 4149
f 4315 4405 4152
f 4197 4246 4153
f 4248 4493 4197
f 4247 4407 4406
f 4157 4317 4151
f 4157 4199 4317
f 4407 4247 4316
f 4316 4247 4156
f 4198 4320 4319
f 4249 4115 4201
f 4201 4200 4249
f 4111 4319 4200
f 4408 4198 4113
f 4318 4249 4200
f 4578 4250 4202
f 4249 4204 4159
f 4158 4325 4203
f 4161 4252 4031
f 4322 4204 4249
f 4205 4325 4251
f 4326 4205 4207
f 4032 4120 4206
f 4120 4256 4206
f 4256 4120 4255
f 4255 4120 4204
f 4329 4326 4207
f 4329 4207 4122
f 4122 4257 4329
f 4332 4337 4162
f 4125 4258 4163
f 4208 4258 4125
f 4208 4333 4258
f 4208 4436 4333
f 4210 4126 4209
f 4604 4335 4334
f 4213 4334 4259
f 4340 4213 4259
f 4262 4213 4340
f 4341 4262 4340
f 4165 4261 4260
f 4604 4213 4262
f 4339 4439 4263
f 4265 4262 4341
f 4214 4263 4440
f 4265 4264 4262
f 4343 4265 4341
f 4267 4446 4265
f 4344 4265 4343
f 4266 4217 4214
f 4265 4344 4267
f 4348 4267 4345
f 4217 4266 4350
f 4219 4346 4216
f 4350 4268 4217
f 4269 4533 4219
f 4270 4354 4351
f 4271 4354 4221
f 4221 4354 4270
f 4356 4270 4351
f 4042 4272 4269
f 4356 4273 4270
f 4359 4132 4223
f 4275 4274 4273
f 4358 4131 4220
f 4360 4222 4276
f 4360 4271 4222
f 4274 4276 4222
f 4277 4274 4275
f 4276 4274 4277
f 4278 4276 4277
f 4278 4277 4281
f 4360 4276 4280
f 4363 4282 4284
f 4282 4226 4284
f 4364 4136 4283
f 4227 4171 4361
f 4228 4363 4284
f 4367 4172 4364
f 4287 4286 4363
f 4228 4287 4363
f 4227 4173 4229
f 4367 4230 4172
f 4463 4230 4367
f 4289 4286 4287
f 4466 4288 4230
f 4463 4466 4230
f 4231 4289 4287
f 4368 4233 4290
f 4290 4233 4291
f 4288 4466 4234
f 4176 4292 4231
f 4290 4179 4368
f 4290 4291 4375
f 4235 4292 4176
f 4379 4179 4290
f 4381 4292 4295
f 4294 4292 4235
f 4236 4179 4379
f 4294 4295 4292
f 4299 4295 4294
f 4299 4297 4295
f 4298 4236 4387
f 4479 4384 4392
f 4387 4238 4298
f 4238 4387 4301
f 4299 4304 4297
f 4183 4300 4312
f 4240 4301 4305
f 4304 4302 4297
f 4485 4302 4304
f 4239 4304 4299
f 4305 4307 4188
f 4394 4309 4307
f 4239 4395 4304
f 4187 4397 4306
f 4396 4242 4310
f 4241 4191 4308
f 4241 4308 4395
f 4241 4395 4239
f 4311 4309 4310
f 4311 4310 4242
f 4242 4396 4191
f 4187 4398 4397
f 4193 4398 4187
f 4193 4103 4398
f 4103 4399 4398
f 4489 4313 4243
f 4399 4404 4488
f 4019 4404 4399
f 4245 4404 4019
f 4403 4244 4402
f 4244 4403 4068
f 4403 4491 4314
f 4245 4566 4404
f 4246 4197 4493
f 4114 4152 4405
f 4114 4405 4494
f 4568 4493 4248
f 4406 4568 4248
f 4317 4113 4151
f 4156 4410 4316
f 4198 4408 4320
f 4317 4408 4113
f 4410 4156 4031
f 4249 4318 4322
f 4319 4318 4200
f 4411 4319 4320
f 4408 4317 4497
f 4412 4410 4252
f 4410 4031 4252
f 4414 4322 4318
f 4411 4318 4319
f 4496 4578 4202
f 4325 4324 4203
f 4322 4323 4204
f 4414 4323 4322
f 4253 4250 4578
f 4412 4252 4254
f 4204 4323 4419
f 4415 4205 4326
f 4415 4325 4205
f 4255 4204 4419
f 4416 4420 4253
f 4206 4417 4254
f 4256 4328 4206
f 4255 4327 4256
f 4424 4206 4328
f 4327 4328 4256
f 4327 4255 4419
f 4328 4330 4424
f 4330 4328 4327
f 4427 4329 4257
f 4332 4331 4432
f 4427 4257 4258
f 4432 4337 4332
f 4334 4335 4434
f 4338 4334 4434
f 4334 4338 4259
f 4211 4260 4436
f 4209 4437 4210
f 4338 4336 4259
f 4336 4340 4259
f 4438 4335 4604
f 4210 4526 4212
f 4341 4340 4336
f 4339 4212 4526
f 4440 4263 4439
f 4264 4604 4262
f 4343 4341 4444
f 4165 4342 4261
f 4610 4214 4440
f 4165 4215 4342
f 4266 4214 4610
f 4343 4349 4344
f 4445 4127 4216
f 4343 4532 4349
f 4267 4447 4446
f 4345 4267 4344
f 4344 4349 4345
f 4447 4267 4348
f 4347 4345 4349
f 4447 4348 4448
f 4348 4345 4353
f 4347 4349 4352
f 4351 4345 4347
f 4353 4345 4351
f 4269 4272 4533
f 4356 4351 4347
f 4354 4353 4351
f 4356 4347 4352
f 4350 4625 4268
f 4355 4353 4354
f 4355 4354 4271
f 4356 4352 4537
f 4355 4271 4450
f 4357 4272 4132
f 4625 4358 4220
f 4357 4132 4359
f 4450 4271 4360
f 4541 4275 4273
f 4358 4454 4131
f 4277 4275 4455
f 4277 4455 4281
f 4454 4279 4131
f 4280 4453 4360
f 4455 4361 4281
f 4456 4136 4279
f 4542 4453 4362
f 4225 4362 4280
f 4280 4362 4453
f 4456 4283 4136
f 4285 4459 4225
f 4225 4459 4362
f 4546 4458 4286
f 4458 4363 4286
f 4364 4636 4461
f 4365 4546 4286
f 4364 4461 4367
f 4372 4366 4365
f 4372 4365 4371
f 4286 4371 4365
f 4285 4232 4459
f 4174 4173 4550
f 4174 4550 4368
f 4366 4370 4462
f 4372 4370 4366
f 4370 4369 4462
f 4371 4286 4374
f 4289 4374 4286
f 4468 4370 4372
f 4373 4372 4371
f 4373 4371 4374
f 4375 4291 4465
f 4369 4378 4462
f 4376 4369 4370
f 4376 4370 4468
f 4468 4372 4373
f 4381 4289 4231
f 4292 4381 4231
f 4708 4234 4466
f 4293 4377 4139
f 4376 4468 4382
f 4375 4379 4290
f 4388 4369 4376
f 4379 4375 4472
f 4388 4378 4369
f 4388 4376 4382
f 4383 4380 4381
f 4384 4378 4392
f 4385 4388 4382
f 4385 4382 4469
f 4386 4469 4380
f 4386 4380 4383
f 4295 4383 4381
f 4236 4379 4472
f 4385 4469 4386
f 4297 4383 4295
f 4389 4388 4385
f 4297 4386 4383
f 4387 4236 4472
f 4387 4472 4475
f 4392 4378 4388
f 4302 4385 4386
f 4302 4386 4297
f 4476 4387 4475
f 4301 4387 4476
f 4303 4391 4237
f 4237 4391 4390
f 4393 4392 4388
f 4393 4388 4389
f 4389 4385 4302
f 4300 4486 4312
f 4303 4306 4391
f 4476 4305 4301
f 4306 4561 4391
f 4305 4476 4394
f 4485 4389 4302
f 4395 4396 4485
f 4485 4304 4395
f 4397 4561 4306
f 4307 4305 4394
f 4309 4394 4483
f 4396 4310 4485
f 4308 4396 4395
f 4309 4483 4310
f 4191 4396 4308
f 4399 4400 4398
f 4312 4487 4243
f 4399 4488 4400
f 4404 4490 4488
f 4313 4489 4650
f 4650 4401 4313
f 4401 4651 4402
f 4404 4566 4490
f 4196 4314 4245
f 4492 4315 4246
f 4405 4569 4494
f 4320 4321 4411
f 4317 4199 4497
f 4494 4496 4202
f 4318 4411 4414
f 4413 4323 4414
f 4324 4325 4500
f 4413 4418 4323
f 4415 4500 4325
f 4253 4578 4416
f 4254 4417 4412
f 4323 4418 4419
f 4506 4415 4326
f 4416 4578 4510
f 4582 4418 4413
f 4582 4413 4507
f 4417 4424 4511
f 4206 4424 4417
f 4511 4424 4422
f 4419 4513 4327
f 4513 4419 4418
f 4513 4423 4327
f 4423 4513 4517
f 4329 4506 4326
f 4428 4331 4420
f 4431 4422 4424
f 4327 4423 4330
f 4423 4426 4330
f 4423 4517 4426
f 4421 4506 4329
f 4422 4431 4429
f 4425 4424 4330
f 4425 4431 4424
f 4330 4426 4425
f 4591 4426 4517
f 4430 4329 4427
f 4421 4329 4430
f 4331 4428 4432
f 4434 4429 4431
f 4338 4434 4431
f 4435 4431 4425
f 4338 4431 4435
f 4433 4425 4426
f 4426 4591 4433
f 4435 4425 4433
f 4523 4427 4258
f 4434 4335 4520
f 4433 4527 4435
f 4338 4435 4336
f 4336 4435 4527
f 4337 4437 4209
f 4525 4437 4337
f 4526 4210 4437
f 4673 4526 4437
f 4336 4527 4341
f 4526 4439 4339
f 4261 4441 4260
f 4439 4526 4677
f 4342 4441 4261
f 4443 4441 4342
f 4264 4265 4611
f 4443 4342 4528
f 4215 4528 4342
f 4446 4611 4265
f 4530 4343 4444
f 4215 4445 4528
f 4215 4127 4445
f 4530 4532 4343
f 4346 4445 4216
f 4617 4350 4266
f 4532 4530 4531
f 4449 4447 4448
f 4349 4532 4352
f 4618 4346 4219
f 4533 4618 4219
f 4449 4448 4355
f 4353 4448 4348
f 4353 4355 4448
f 4272 4357 4533
f 4534 4625 4350
f 4532 4537 4352
f 4357 4536 4688
f 4359 4536 4357
f 4537 4273 4356
f 4536 4359 4452
f 4223 4452 4359
f 4360 4453 4450
f 4226 4452 4223
f 4282 4451 4452
f 4282 4452 4226
f 4541 4455 4275
f 4455 4541 4544
f 4456 4279 4454
f 4455 4544 4361
f 4458 4282 4363
f 4362 4457 4542
f 4362 4459 4457
f 4227 4361 4460
f 4636 4364 4283
f 4460 4173 4227
f 4173 4460 4550
f 4366 4547 4365
f 4232 4703 4459
f 4368 4550 4233
f 4233 4550 4764
f 4233 4764 4291
f 4377 4467 4232
f 4232 4467 4703
f 4462 4378 4464
f 4377 4293 4467
f 4375 4471 4472
f 4469 4468 4373
f 4380 4373 4374
f 4381 4374 4289
f 4094 4234 4708
f 4381 4380 4374
f 4469 4373 4380
f 4296 4094 4470
f 4478 4472 4471
f 4474 4300 4296
f 4390 4293 4237
f 4478 4471 4473
f 4478 4473 4479
f 4479 4473 4384
f 4474 4646 4300
f 4475 4472 4478
f 4475 4478 4477
f 4475 4477 4476
f 4392 4480 4479
f 4392 4393 4480
f 4646 4486 4300
f 4477 4478 4479
f 4477 4479 4481
f 4481 4479 4480
f 4389 4485 4393
f 4394 4476 4477
f 4394 4477 4481
f 4483 4481 4480
f 4484 4480 4393
f 4483 4480 4484
f 4484 4393 4485
f 4394 4481 4483
f 4310 4483 4484
f 4310 4484 4485
f 4487 4312 4486
f 4397 4398 4561
f 4487 4486 4482
f 4489 4243 4487
f 4401 4650 4651
f 4566 4563 4490
f 4402 4491 4403
f 4245 4314 4566
f 4492 4246 4567
f 4315 4569 4405
f 4315 4492 4569
f 4246 4493 4567
f 4567 4493 4655
f 4493 4568 4655
f 4407 4568 4406
f 4410 4570 4316
f 4495 4407 4316
f 4412 4570 4410
f 4321 4320 4408
f 4408 4497 4321
f 4409 4498 4199
f 4570 4412 4571
f 4498 4497 4199
f 4409 4203 4324
f 4496 4501 4578
f 4502 4571 4412
f 4579 4411 4321
f 4579 4321 4499
f 4417 4502 4412
f 4414 4503 4413
f 4413 4503 4507
f 4411 4503 4414
f 4503 4411 4579
f 4511 4502 4417
f 4506 4500 4415
f 4575 4506 4509
f 4512 4502 4511
f 4519 4504 4505
f 4519 4505 4516
f 4509 4508 4575
f 4421 4509 4506
f 4582 4513 4418
f 4514 4504 4519
f 4521 4508 4509
f 4421 4521 4509
f 4584 4513 4582
f 4420 4416 4428
f 4512 4511 4515
f 4512 4515 4659
f 4428 4416 4663
f 4422 4515 4511
f 4584 4517 4513
f 4518 4514 4519
f 4659 4515 4520
f 4429 4515 4422
f 4517 4584 4586
f 4429 4520 4515
f 4593 4519 4516
f 4434 4520 4429
f 4430 4524 4421
f 4524 4521 4421
f 4522 4430 4427
f 4597 4508 4521
f 4597 4521 4524
f 4524 4430 4522
f 4523 4522 4427
f 4594 4433 4591
f 4527 4433 4594
f 4333 4523 4258
f 4525 4337 4432
f 4335 4438 4520
f 4333 4436 4599
f 4525 4673 4437
f 4599 4436 4606
f 4260 4606 4436
f 4526 4673 4676
f 4677 4526 4676
f 4602 4341 4527
f 4602 4444 4341
f 4606 4260 4441
f 4606 4441 4609
f 4677 4607 4439
f 4444 4602 4442
f 4441 4443 4609
f 4442 4612 4530
f 4530 4444 4442
f 4611 4446 4529
f 4617 4266 4610
f 4447 4529 4446
f 4447 4449 4529
f 4616 4531 4530
f 4617 4534 4350
f 4617 4743 4534
f 4533 4357 4688
f 4532 4531 4535
f 4538 4688 4536
f 4535 4537 4532
f 4355 4689 4621
f 4355 4450 4689
f 4624 4537 4535
f 4452 4538 4536
f 4537 4541 4273
f 4537 4624 4541
f 4627 4538 4452
f 4451 4627 4452
f 4453 4540 4450
f 4624 4632 4541
f 4542 4540 4453
f 4544 4541 4632
f 4456 4454 4543
f 4361 4544 4633
f 4544 4693 4633
f 4458 4545 4539
f 4458 4539 4451
f 4458 4451 4282
f 4634 4283 4543
f 4543 4283 4456
f 4459 4635 4457
f 4361 4633 4460
f 4546 4692 4545
f 4634 4636 4283
f 4546 4545 4458
f 4460 4633 4549
f 4547 4548 4696
f 4692 4547 4696
f 4547 4692 4546
f 4459 4703 4635
f 4549 4550 4460
f 4637 4552 4551
f 4548 4552 4637
f 4365 4547 4546
f 4463 4367 4461
f 4552 4548 4555
f 4555 4548 4547
f 4366 4555 4547
f 4552 4553 4551
f 4462 4555 4366
f 4553 4554 4640
f 4557 4554 4553
f 4557 4553 4464
f 4464 4553 4552
f 4291 4638 4465
f 4642 4465 4639
f 4640 4554 4642
f 4464 4555 4462
f 4464 4552 4555
f 4706 4466 4463
f 4465 4642 4556
f 4556 4642 4559
f 4559 4642 4554
f 4559 4554 4557
f 4465 4556 4375
f 4558 4559 4557
f 4558 4557 4464
f 4707 4708 4466
f 4558 4464 4378
f 4293 4560 4467
f 4556 4471 4375
f 4471 4556 4559
f 4384 4559 4558
f 4094 4708 4470
f 4709 4560 4293
f 4384 4558 4378
f 4471 4559 4473
f 4382 4468 4469
f 4559 4384 4473
f 4645 4709 4293
f 4470 4836 4296
f 4293 4390 4645
f 4836 4474 4296
f 4647 4390 4391
f 4561 4647 4391
f 4646 4482 4486
f 4646 4713 4482
f 4398 4648 4561
f 4562 4648 4400
f 4400 4648 4398
f 4564 4487 4649
f 4490 4562 4488
f 4488 4562 4400
f 4563 4562 4490
f 4650 4489 4564
f 4489 4487 4564
f 4565 4566 4314
f 4566 4565 4563
f 4402 4651 4491
f 4491 4565 4314
f 4568 4725 4655
f 4569 4496 4494
f 4407 4725 4568
f 4316 4570 4495
f 4725 4407 4495
f 4409 4573 4498
f 4409 4574 4573
f 4324 4574 4409
f 4502 4656 4571
f 4321 4572 4499
f 4497 4572 4321
f 4498 4572 4497
f 4498 4573 4572
f 4504 4573 4574
f 4575 4324 4500
f 4575 4574 4324
f 4657 4501 4496
f 4502 4512 4656
f 4572 4581 4499
f 4581 4572 4576
f 4576 4572 4573
f 4576 4573 4577
f 4577 4573 4504
f 4579 4499 4580
f 4580 4499 4581
f 4581 4576 4577
f 4504 4574 4505
f 4505 4574 4575
f 4506 4575 4500
f 4583 4579 4580
f 4658 4580 4581
f 4661 4581 4577
f 4661 4577 4514
f 4514 4577 4504
f 4575 4516 4505
f 4516 4575 4508
f 4503 4579 4507
f 4579 4583 4507
f 4658 4581 4661
f 4582 4507 4583
f 4587 4583 4585
f 4585 4583 4580
f 4585 4580 4658
f 4512 4659 4844
f 4582 4587 4584
f 4587 4582 4583
f 4518 4661 4514
f 4510 4663 4416
f 4588 4584 4587
f 4662 4587 4585
f 4588 4586 4584
f 4590 4588 4587
f 4590 4587 4662
f 4589 4586 4588
f 4586 4589 4517
f 4592 4518 4519
f 4785 4432 4428
f 4589 4591 4517
f 4666 4589 4588
f 4666 4588 4590
f 4592 4519 4593
f 4595 4591 4589
f 4595 4589 4598
f 4508 4603 4516
f 4603 4593 4516
f 4438 4596 4520
f 4594 4591 4595
f 4598 4589 4666
f 4597 4603 4508
f 4601 4524 4522
f 4600 4525 4432
f 4608 4594 4595
f 4671 4592 4593
f 4668 4592 4671
f 4671 4593 4603
f 4524 4601 4597
f 4603 4597 4601
f 4333 4669 4523
f 4599 4669 4333
f 4438 4787 4596
f 4602 4594 4608
f 4735 4601 4522
f 4672 4669 4599
f 4602 4527 4594
f 4600 4673 4525
f 4605 4595 4598
f 4606 4672 4599
f 4608 4595 4605
f 4604 4264 4740
f 4608 4442 4602
f 4612 4608 4605
f 4440 4439 4607
f 4614 4264 4611
f 4608 4612 4442
f 4613 4609 4443
f 4680 4612 4605
f 4528 4613 4443
f 4804 4617 4610
f 4529 4614 4611
f 4616 4530 4612
f 4616 4612 4615
f 4346 4686 4445
f 4685 4529 4449
f 4346 4618 4686
f 4531 4616 4619
f 4533 4687 4618
f 4533 4688 4687
f 4743 4620 4534
f 4355 4621 4449
f 4620 4625 4534
f 4535 4531 4619
f 4623 4535 4619
f 4627 4748 4622
f 4538 4627 4622
f 4624 4535 4623
f 4624 4623 4626
f 4626 4623 4619
f 4627 4690 4748
f 4629 4625 4620
f 4627 4628 4690
f 4629 4358 4625
f 4539 4628 4627
f 4539 4627 4451
f 4632 4624 4626
f 4629 4454 4358
f 4632 4693 4544
f 4629 4543 4454
f 4542 4631 4540
f 4632 4626 4693
f 4628 4539 4545
f 4542 4694 4631
f 4693 4626 4630
f 4545 4692 4628
f 4457 4694 4542
f 4457 4635 4697
f 4637 4696 4548
f 4636 4634 4461
f 4637 4699 4698
f 4549 4763 4550
f 4700 4699 4551
f 4551 4699 4637
f 4550 4763 4764
f 4704 4639 4638
f 4701 4639 4704
f 4643 4639 4701
f 4551 4702 4700
f 4461 4889 4463
f 4764 4638 4291
f 4642 4639 4643
f 4553 4702 4551
f 4706 4463 4889
f 4465 4638 4639
f 4640 4702 4553
f 4467 4641 4703
f 4642 4643 4640
f 4467 4644 4641
f 4706 4707 4466
f 4560 4644 4467
f 4560 4709 4644
f 4710 4645 4390
f 4390 4647 4710
f 4647 4771 4712
f 4648 4771 4647
f 4715 4771 4648
f 4648 4647 4561
f 4562 4715 4648
f 4649 4487 4482
f 4719 4564 4649
f 4564 4719 4650
f 4722 4491 4652
f 4651 4652 4491
f 4491 4722 4565
f 4565 4720 4563
f 4653 4569 4492
f 4723 4653 4492
f 4723 4492 4654
f 4654 4492 4567
f 4569 4657 4496
f 4657 4569 4782
f 4782 4569 4653
f 4578 4501 4510
f 4510 4501 4727
f 4585 4658 4728
f 4585 4728 4660
f 4585 4660 4662
f 4728 4658 4661
f 4664 4660 4728
f 4663 4785 4428
f 4520 4596 4659
f 4590 4662 4660
f 4590 4660 4665
f 4665 4660 4664
f 4518 4786 4661
f 4791 4786 4518
f 4592 4791 4518
f 4729 4432 4785
f 4667 4590 4665
f 4729 4600 4432
f 4666 4590 4667
f 4732 4600 4729
f 4669 4735 4522
f 4523 4669 4522
f 4791 4592 4668
f 4736 4668 4671
f 4438 4799 4787
f 4679 4598 4666
f 4601 4736 4603
f 4600 4732 4670
f 4598 4679 4605
f 4674 4666 4667
f 4671 4603 4736
f 4600 4670 4673
f 4674 4679 4666
f 4675 4674 4667
f 4670 4676 4673
f 4604 4740 4438
f 4679 4674 4675
f 4672 4606 4678
f 4609 4678 4606
f 4614 4740 4264
f 4681 4678 4609
f 4681 4682 4678
f 4680 4605 4679
f 4613 4681 4609
f 4440 4607 4683
f 4804 4610 4683
f 4683 4610 4440
f 4675 4680 4679
f 4680 4675 4747
f 4529 4685 4614
f 4804 4808 4617
f 4528 4684 4613
f 4686 4684 4445
f 4445 4684 4528
f 4744 4680 4747
f 4680 4744 4612
f 4449 4805 4685
f 4744 4615 4612
f 4687 4686 4618
f 4746 4687 4688
f 4449 4621 4805
f 4615 4619 4616
f 4752 4615 4744
f 4688 4538 4622
f 4619 4615 4752
f 4621 4689 4751
f 4626 4619 4752
f 4690 4814 4748
f 4540 4689 4450
f 4628 4754 4690
f 4540 4631 4689
f 4692 4757 4754
f 4692 4754 4628
f 4626 4691 4630
f 4823 4757 4696
f 4758 4543 4629
f 4629 4820 4758
f 4634 4543 4758
f 4695 4693 4630
f 4759 4823 4696
f 4696 4757 4692
f 4884 4694 4697
f 4457 4697 4694
f 4637 4759 4696
f 4635 4760 4697
f 4695 4633 4693
f 4637 4698 4759
f 4703 4760 4635
f 4633 4695 4549
f 4695 4763 4549
f 4767 4643 4701
f 4634 4889 4461
f 4638 4764 4768
f 4638 4768 4704
f 4640 4643 4767
f 4640 4767 4702
f 4644 4705 4641
f 4706 4889 4891
f 4891 4707 4706
f 4644 4709 4705
f 4769 4470 4708
f 4832 4710 4770
f 4710 4832 4709
f 4710 4709 4645
f 4769 4772 4470
f 4836 4470 4772
f 4711 4836 4772
f 4711 4713 4474
f 4836 4711 4474
f 4712 4710 4647
f 4713 4646 4474
f 4770 4710 4712
f 4716 4482 4713
f 4715 4714 4771
f 4482 4716 4649
f 4717 4714 4715
f 4717 4715 4562
f 4777 4717 4562
f 4719 4649 4718
f 4719 4718 4721
f 4720 4777 4563
f 4563 4777 4562
f 4719 4651 4650
f 4651 4719 4652
f 4652 4719 4721
f 4652 4721 4722
f 4565 4722 4720
f 4655 4724 4567
f 4655 4781 4724
f 4655 4725 4781
f 4495 4570 4841
f 4723 4654 4842
f 4842 4654 4724
f 4724 4654 4567
f 4782 4726 4657
f 4782 4653 4894
f 4894 4653 4723
f 4657 4727 4501
f 4727 4657 4726
f 4727 4663 4510
f 4727 4845 4663
f 4659 4784 4844
f 4596 4784 4659
f 4786 4728 4661
f 4784 4596 4787
f 4731 4665 4664
f 4731 4664 4728
f 4731 4728 4730
f 4667 4665 4733
f 4733 4665 4731
f 4734 4667 4733
f 4733 4731 4737
f 4735 4736 4601
f 4732 4788 4670
f 4734 4675 4667
f 4734 4733 4737
f 4792 4791 4668
f 4672 4735 4669
f 4675 4734 4738
f 4738 4734 4737
f 4672 4794 4735
f 4798 4676 4670
f 4798 4670 4788
f 4739 4738 4737
f 4801 4738 4739
f 4741 4677 4676
f 4798 4741 4676
f 4738 4801 4742
f 4741 4607 4677
f 4678 4794 4672
f 4742 4675 4738
f 4607 4741 4864
f 4682 4800 4794
f 4678 4682 4794
f 4683 4607 4864
f 4683 4864 4804
f 4675 4742 4745
f 4681 4807 4682
f 4613 4807 4681
f 4684 4807 4613
f 4747 4675 4745
f 4687 4746 4686
f 4686 4746 4684
f 4622 4746 4688
f 4812 4620 4743
f 4752 4744 4747
f 4745 4809 4747
f 4812 4750 4620
f 4872 4805 4621
f 4751 4872 4621
f 4749 4752 4747
f 4749 4747 4809
f 4689 4756 4751
f 4691 4626 4752
f 4752 4749 4753
f 4754 4814 4690
f 4750 4629 4620
f 4755 4629 4750
f 4691 4752 4753
f 4631 4756 4689
f 4691 4753 4821
f 4755 4820 4629
f 4755 4818 4820
f 4969 4756 4694
f 4631 4694 4756
f 4630 4691 4821
f 4969 4694 4884
f 4630 4821 4824
f 4630 4824 4695
f 4760 4884 4697
f 4699 4885 4698
f 4828 4702 4767
f 4700 4828 4885
f 4700 4885 4699
f 4703 4762 4760
f 4761 4763 4695
f 4763 4761 4764
f 4764 4761 4824
f 4768 4824 4765
f 4764 4824 4768
f 4704 4765 4829
f 4702 4828 4700
f 4768 4765 4704
f 4701 4704 4829
f 4701 4829 4766
f 4701 4766 4767
f 4758 4889 4634
f 4703 4641 4762
f 4709 4832 4705
f 4707 4769 4708
f 4769 4835 4772
f 4770 4771 4773
f 4712 4771 4770
f 4933 4713 4711
f 4714 4892 4773
f 4714 4837 4892
f 4771 4714 4773
f 4775 4837 4717
f 4717 4837 4714
f 4716 4774 4649
f 4774 4718 4649
f 4774 4839 4718
f 4718 4839 4778
f 4776 4779 4775
f 4776 4775 4777
f 4777 4775 4717
f 4780 4778 4840
f 4721 4718 4778
f 4779 4780 4840
f 4721 4778 4780
f 4722 4780 4779
f 4720 4776 4777
f 4776 4722 4779
f 4721 4780 4722
f 4720 4722 4776
f 4570 4571 4841
f 4723 4842 4895
f 4841 4725 4495
f 4894 4723 4895
f 4656 4841 4571
f 4512 4783 4656
f 4512 4844 4783
f 4846 4845 4727
f 4846 4727 4726
f 4790 4730 4786
f 4786 4730 4728
f 4729 4848 4732
f 4730 4789 4731
f 4789 4730 4857
f 4790 4786 4791
f 4731 4789 4737
f 4789 4793 4737
f 4792 4790 4791
f 4735 4795 4736
f 4792 4668 4736
f 4788 4849 4798
f 4793 4739 4737
f 4790 4857 4730
f 4795 4735 4794
f 4853 4798 4849
f 4793 4789 4796
f 4796 4789 4857
f 4796 4857 4797
f 4857 4790 4850
f 4740 4799 4438
f 4801 4739 4793
f 4865 4795 4794
f 4865 4794 4800
f 4863 4793 4796
f 4741 4798 4853
f 4863 4801 4793
f 4802 4745 4742
f 4801 4802 4742
f 4803 4801 4863
f 4802 4801 4803
f 4614 4906 4740
f 4809 4745 4802
f 4685 4906 4614
f 4806 4809 4802
f 4806 4802 4803
f 4685 4805 4906
f 4682 4868 4800
f 4807 4868 4682
f 4808 4804 4916
f 4868 4807 4920
f 4871 4617 4808
f 4807 4811 4920
f 4871 4743 4617
f 4873 4743 4871
f 4746 4811 4684
f 4684 4811 4807
f 4743 4873 4812
f 4816 4809 4806
f 4746 4813 4811
f 4875 4811 4813
f 4622 4813 4746
f 4806 4810 4816
f 4875 4813 4622
f 4814 4875 4748
f 4748 4875 4622
f 4751 4815 4872
f 4809 4816 4749
f 4754 4878 4814
f 4756 4815 4751
f 4817 4749 4816
f 4754 4757 4878
f 4753 4749 4817
f 4816 4810 4879
f 4816 4879 4817
f 4753 4817 4819
f 4757 4823 4878
f 4755 4883 4818
f 4821 4753 4819
f 4821 4819 4826
f 4826 4819 4822
f 4824 4821 4826
f 4827 4826 4822
f 4827 4822 4825
f 4698 4885 4823
f 4698 4823 4759
f 4758 4820 4888
f 4887 4827 4825
f 4695 4824 4761
f 4826 4827 4765
f 4765 4827 4829
f 4887 4766 4829
f 4931 4760 4762
f 4824 4826 4765
f 4827 4887 4829
f 4641 4830 4762
f 4641 4705 4830
f 4891 4889 4831
f 4770 4975 4833
f 4770 4833 4832
f 4770 4977 4834
f 4773 4977 4770
f 4770 4834 4975
f 4713 4933 4716
f 4933 4936 4716
f 4774 4716 4936
f 4981 4839 4936
f 5020 4839 4981
f 4840 4839 5020
f 5020 4935 4840
f 4840 4935 4779
f 4779 4935 4838
f 4775 4838 4837
f 4774 4936 4839
f 4775 4779 4838
f 4778 4839 4840
f 4841 4781 4725
f 4781 4893 4724
f 4841 4896 4938
f 4656 4896 4841
f 4897 4842 4724
f 4843 4726 4782
f 4843 4782 4894
f 4846 4726 4843
f 4846 4941 4845
f 4784 4898 4844
f 4941 4663 4845
f 4787 4900 4784
f 4663 4899 4785
f 4899 4847 4785
f 4785 4847 4729
f 4729 4847 4848
f 4732 4848 4788
f 4848 4901 4788
f 4788 4901 4902
f 4902 4849 4788
f 4851 4790 4792
f 4736 4852 4792
f 4736 4795 4852
f 4790 4851 4850
f 4859 4852 4795
f 4851 4792 4852
f 4855 4851 4852
f 4854 4851 4855
f 4850 4851 4854
f 4855 4852 4859
f 4861 4859 4795
f 4856 4797 4857
f 4856 4857 4860
f 4850 4854 4858
f 4862 4859 4861
f 4853 4907 4741
f 4797 4856 4796
f 4860 4857 4850
f 4860 4850 4858
f 4905 4854 4855
f 4905 4855 4908
f 4908 4855 4859
f 4865 4861 4795
f 4864 4741 4907
f 4908 4859 4862
f 4914 4863 4796
f 4914 4796 4856
f 4865 4862 4861
f 4866 4804 4864
f 4914 4803 4863
f 4913 4914 4856
f 4800 4915 4865
f 4870 4803 4914
f 4800 4868 4915
f 4916 4804 4866
f 4867 4906 4805
f 4806 4803 4870
f 4876 4806 4870
f 4920 4869 4868
f 4874 4867 4805
f 4916 4871 4808
f 4876 4810 4806
f 4811 4921 4920
f 4805 4872 4874
f 4877 4812 4873
f 4814 4923 4875
f 4875 4923 4922
f 4812 4877 4750
f 4814 4878 4923
f 4879 4810 4876
f 4877 4755 4750
f 4756 4969 4815
f 4823 4880 4878
f 4883 4755 4877
f 4881 4879 4876
f 4817 4879 4819
f 4879 4881 4819
f 4819 4881 4882
f 4822 4819 4882
f 4822 4882 4927
f 4886 4818 4883
f 4822 4927 4825
f 4885 4926 4823
f 4888 4820 4818
f 4888 4818 4886
f 4884 4760 4931
f 4766 4887 4930
f 4767 4930 4929
f 4767 4929 4828
f 4828 4929 4885
f 4766 4930 4767
f 4932 4931 4762
f 4830 4932 4762
f 4889 4758 4888
f 4832 4890 4830
f 4705 4832 4830
f 4833 4890 4832
f 4974 4891 4831
f 4891 4769 4707
f 4769 4891 4835
f 4980 4933 4711
f 4772 4980 4711
f 4837 4838 4892
f 4841 4938 4781
f 4893 4781 4983
f 4781 4938 4983
f 4842 4897 4895
f 4897 4724 4893
f 4985 4894 4895
f 4783 4896 4656
f 4941 4899 4663
f 4900 4898 4784
f 4899 4942 4847
f 4847 4901 4848
f 4902 4901 4989
f 4799 4900 4787
f 4902 4903 4849
f 4902 4991 4903
f 4907 4853 4903
f 4903 4853 4849
f 4992 4907 4903
f 4740 4904 4799
f 4854 4905 4858
f 4740 4906 4904
f 4862 4911 4908
f 4909 4864 4907
f 4909 4907 4992
f 4860 4910 4856
f 4910 4913 4856
f 4860 4858 4905
f 4945 4908 4911
f 4865 4911 4862
f 4909 4992 4993
f 4910 4860 4946
f 4946 4860 4905
f 4911 4912 4945
f 4915 4911 4865
f 4909 4866 4864
f 4906 4867 4943
f 4912 4911 4915
f 4866 4917 4916
f 4866 4909 4917
f 4948 4913 4910
f 4869 4915 4868
f 4915 4951 4949
f 4951 4915 4869
f 4918 4876 4870
f 4914 4918 4870
f 4918 4914 4913
f 4913 4948 4919
f 4873 4871 4916
f 4917 4873 4916
f 4917 4952 4873
f 4913 4919 4918
f 4921 4869 4920
f 4921 4954 4869
f 4873 4952 4956
f 4875 4921 4811
f 4960 4876 4918
f 4875 4922 4921
f 4877 4873 4956
f 4959 4874 4872
f 4881 4876 4960
f 4878 4963 4923
f 4964 4881 4960
f 4882 4881 4964
f 4966 4877 4956
f 4815 4959 4872
f 4927 4882 4964
f 4878 4880 4963
f 4959 4815 5014
f 4927 4964 4925
f 4924 4877 4966
f 4815 4969 5014
f 4877 4924 4883
f 4928 4925 4967
f 4825 4927 4925
f 4823 4926 4880
f 4928 4825 4925
f 4929 4926 4885
f 4971 4969 4884
f 4971 4884 4972
f 4887 4825 4928
f 4887 4928 4930
f 4884 4931 4972
f 4888 4886 4973
f 4888 4973 4889
f 4889 4973 4974
f 4889 4974 4831
f 5056 4890 4833
f 4833 4975 5056
f 5016 4891 4976
f 5016 4835 4891
f 4773 4979 4977
f 4892 4838 4979
f 4892 4979 4773
f 5019 4936 4933
f 4838 4935 4934
f 4895 4937 4985
f 4897 4937 4895
f 4937 4897 4893
f 4896 4984 4938
f 4894 4985 4843
f 4843 4985 4846
f 4939 4985 4937
f 4896 4783 4984
f 4783 4844 4984
f 4846 4940 4941
f 4899 4941 4942
f 4989 4901 4847
f 4847 4942 4989
f 4991 4902 4989
f 4903 4991 4992
f 4799 4904 4990
f 4943 4990 4904
f 4943 4904 4906
f 4993 4992 5077
f 4908 4944 4905
f 4905 4944 4947
f 4905 4947 4946
f 4945 4944 4908
f 4995 4909 4993
f 4917 4909 4995
f 4948 4910 4946
f 4950 4946 4947
f 4949 4912 4915
f 4950 4948 4946
f 4952 4917 4995
f 4874 4996 4867
f 4953 4949 4951
f 4953 4951 4954
f 4869 4954 4951
f 4955 4918 4919
f 4997 4956 4952
f 4874 5004 4996
f 5003 4953 4954
f 5006 4955 4919
f 4922 4954 4921
f 4956 4997 4957
f 4958 4955 5006
f 5007 5003 4954
f 4922 5007 4954
f 4918 4955 4960
f 4960 4955 4958
f 4923 5007 4922
f 5004 4874 4959
f 4964 4960 4958
f 4962 4958 5006
f 4957 4966 4956
f 4962 5006 5012
f 4964 4958 4962
f 4925 4964 4962
f 4880 5013 4963
f 4957 4961 4966
f 4968 5012 4965
f 4968 4965 4880
f 4880 4965 5013
f 4925 4962 4967
f 4967 4962 5012
f 4967 5012 4968
f 4929 4968 4926
f 4926 4968 4880
f 4970 4924 4966
f 4928 4967 4930
f 4930 4967 4929
f 4929 4967 4968
f 4886 4924 4970
f 4924 4886 4883
f 4931 4932 4972
f 4830 4890 4932
f 4973 5055 4974
f 4976 4891 4974
f 4834 4977 4978
f 4980 4772 4835
f 4977 4979 4978
f 4838 5018 4979
f 4934 5018 4838
f 4936 5019 4981
f 4893 4982 4937
f 4893 4983 4982
f 4983 4984 4982
f 4984 4983 4938
f 4939 4937 5021
f 5022 4939 5021
f 5023 4985 4939
f 5024 4846 4985
f 5025 5022 5021
f 5023 5024 4985
f 4898 5026 4844
f 4844 5026 4984
f 4941 4940 4987
f 4940 4846 5024
f 4900 4986 4898
f 4898 4986 5026
f 5027 4987 4940
f 5030 4987 5027
f 4986 5031 5072
f 4900 5031 4986
f 4941 4987 4942
f 4987 4988 4942
f 4987 5030 4988
f 4988 4989 4942
f 4900 4990 5031
f 4989 5032 4991
f 4900 4799 4990
f 4992 4991 5076
f 4867 5034 4943
f 4995 4993 5078
f 4944 4994 4947
f 4945 4994 4944
f 4950 4947 4994
f 4912 4994 4945
f 4949 4994 4912
f 4996 4998 4867
f 4948 4950 4999
f 5038 4994 4953
f 4953 4994 4949
f 4999 4950 5000
f 5037 4952 4995
f 4997 4952 5037
f 5001 4998 4996
f 4948 4999 4919
f 4919 4999 5002
f 5003 5038 4953
f 5004 5001 4996
f 5002 4999 5000
f 5011 5038 5003
f 4997 5037 5008
f 5005 5002 5000
f 5007 5011 5003
f 5044 5001 5004
f 5006 4919 5002
f 5006 5002 5005
f 5005 5000 5010
f 4961 4997 5008
f 4997 4961 4957
f 5044 5004 5009
f 5011 5007 4923
f 4959 5009 5004
f 5012 5006 4965
f 4965 5006 5005
f 4965 5005 5010
f 4963 5011 4923
f 5013 4965 5010
f 5013 5010 5011
f 5013 5011 4963
f 4969 5048 5014
f 4966 5049 4970
f 4969 4971 5048
f 5052 4886 4970
f 4972 5015 4971
f 4932 5015 4972
f 4932 4890 5015
f 4973 4886 5053
f 4973 5053 5055
f 4974 5055 5057
f 5060 4974 5057
f 4975 5058 5056
f 5060 4976 4974
f 5060 5016 4976
f 4835 5016 4980
f 5017 4980 5016
f 5017 4933 4980
f 5019 4933 5017
f 4934 5105 5018
f 5019 5017 5063
f 4935 5179 4934
f 5021 4937 4982
f 5021 4982 5064
f 4984 5064 4982
f 5064 4984 5065
f 4939 5022 5023
f 5026 5065 4984
f 5024 5027 4940
f 5028 5025 5071
f 4986 5072 5026
f 5024 5070 5027
f 5069 5030 5027
f 5069 5027 5070
f 5030 5029 4988
f 5074 5072 5031
f 4988 5029 4989
f 5032 4989 5033
f 5033 4989 5029
f 4990 5074 5031
f 5074 4990 5075
f 4991 5032 5073
f 5032 5033 5073
f 5076 4991 5073
f 4943 5075 4990
f 5034 5075 4943
f 5077 4992 5076
f 4867 5035 5034
f 5077 5078 4993
f 4998 5035 4867
f 4995 5078 5081
f 4998 5036 5080
f 5038 4950 4994
f 5000 4950 5038
f 5001 5036 4998
f 5083 5040 5008
f 5001 5039 5036
f 5044 5039 5001
f 5000 5038 5010
f 5010 5038 5011
f 5041 5039 5044
f 5041 5044 5142
f 5045 5040 5086
f 5043 5044 5009
f 5042 5045 5086
f 5093 5045 5042
f 5014 5009 4959
f 5042 5092 5093
f 5046 5008 5040
f 5046 5040 5045
f 5046 5045 5093
f 5047 5046 5093
f 5095 5043 5009
f 5014 5095 5009
f 5008 5046 4961
f 5096 4961 5046
f 5096 5046 5047
f 5051 5095 5048
f 5048 5095 5014
f 4961 5049 4966
f 5049 4961 5096
f 5050 4970 5049
f 4971 5051 5048
f 5052 4970 5050
f 5015 5099 4971
f 4971 5099 5051
f 5100 5052 5050
f 5052 5053 4886
f 5054 5015 4890
f 5054 5099 5015
f 5056 5054 4890
f 5059 5060 5057
f 5060 5059 5061
f 4834 5062 5058
f 4834 5058 4975
f 5060 5061 5016
f 4978 5062 4834
f 5061 5017 5016
f 5017 5061 5102
f 5017 5152 5063
f 5018 5105 5177
f 5018 5177 4979
f 4934 5179 5105
f 5106 5019 5108
f 5019 5063 5108
f 5020 5106 5107
f 5020 5107 4935
f 4935 5107 5179
f 5106 4981 5019
f 4981 5106 5020
f 5064 5025 5021
f 5065 5067 5064
f 5064 5067 5025
f 5022 5066 5023
f 5065 5109 5067
f 5109 5065 5026
f 5023 5066 5024
f 5025 5066 5022
f 5071 5025 5067
f 5111 5109 5026
f 5070 5024 5066
f 5028 5066 5025
f 5072 5111 5026
f 5112 5070 5066
f 5068 5066 5028
f 5110 5112 5066
f 5110 5066 5068
f 5030 5069 5029
f 5113 5028 5071
f 5117 5072 5074
f 5033 5115 5073
f 5075 5117 5074
f 5077 5076 5119
f 5079 5118 5075
f 5079 5075 5034
f 5119 5078 5077
f 5079 5034 5035
f 5081 5078 5120
f 4998 5080 5035
f 5035 5080 5079
f 5122 5080 5082
f 5037 4995 5081
f 5083 5037 5081
f 5084 5080 5036
f 5084 5082 5080
f 5083 5008 5037
f 5084 5085 5082
f 5039 5084 5036
f 5086 5083 5121
f 5086 5121 5124
f 5084 5087 5085
f 5086 5040 5083
f 5087 5125 5085
f 5041 5087 5084
f 5041 5084 5039
f 5136 5125 5087
f 5090 5087 5041
f 5136 5087 5090
f 5088 5086 5124
f 5136 5089 5125
f 5041 5142 5090
f 5086 5088 5042
f 5088 5133 5042
f 5088 5128 5133
f 5136 5135 5132
f 5089 5136 5132
f 5091 5136 5090
f 5133 5092 5042
f 5091 5090 5142
f 5092 5094 5093
f 5043 5142 5044
f 5047 5093 5143
f 5093 5094 5143
f 5051 5098 5095
f 5096 5047 5167
f 5097 5049 5096
f 5097 5050 5049
f 5051 5169 5098
f 5051 5099 5169
f 5146 5169 5099
f 5100 5053 5052
f 5054 5146 5099
f 5054 5148 5146
f 5147 5055 5053
f 5147 5053 5100
f 5054 5171 5148
f 5055 5147 5149
f 5056 5171 5054
f 5057 5055 5149
f 5058 5171 5056
f 5059 5057 5149
f 5101 5059 5149
f 5059 5102 5061
f 5059 5101 5102
f 5102 5101 5152
f 4978 5151 5062
f 5153 5103 5152
f 4978 5177 5151
f 4979 5177 4978
f 5017 5102 5152
f 5104 5152 5103
f 5152 5104 5063
f 5104 5108 5063
f 5067 5109 5071
f 5070 5112 5069
f 5109 5154 5071
f 5154 5109 5111
f 5068 5156 5110
f 5029 5069 5114
f 5069 5112 5114
f 5114 5112 5110
f 5029 5115 5033
f 5154 5111 5117
f 5117 5111 5072
f 5157 5115 5029
f 5029 5114 5157
f 5116 5073 5115
f 5076 5073 5116
f 5075 5118 5117
f 5079 5122 5118
f 5080 5122 5079
f 5119 5120 5078
f 5124 5121 5120
f 5121 5081 5120
f 5082 5159 5122
f 5123 5159 5082
f 5121 5083 5081
f 5085 5123 5082
f 5085 5160 5123
f 5088 5124 5126
f 5125 5160 5085
f 5089 5188 5125
f 5128 5126 5127
f 5088 5126 5128
f 5187 5131 5129
f 5132 5131 5187
f 5089 5187 5188
f 5132 5187 5089
f 5130 5128 5129
f 5130 5129 5131
f 5133 5128 5130
f 5130 5131 5132
f 5134 5133 5130
f 5134 5130 5138
f 5138 5130 5132
f 5138 5132 5135
f 5137 5136 5091
f 5133 5094 5092
f 5094 5133 5134
f 5135 5136 5137
f 5163 5094 5162
f 5162 5094 5134
f 5162 5134 5139
f 5139 5134 5138
f 5139 5138 5140
f 5140 5138 5135
f 5140 5135 5137
f 5091 5141 5137
f 5141 5091 5142
f 5166 5141 5142
f 5166 5142 5043
f 5144 5166 5043
f 5095 5144 5043
f 5047 5143 5226
f 5098 5144 5095
f 5167 5047 5226
f 5145 5144 5098
f 5167 5097 5096
f 5167 5168 5097
f 5169 5145 5098
f 5050 5097 5168
f 5194 5050 5168
f 5194 5100 5050
f 5149 5147 5173
f 5171 5150 5175
f 5058 5150 5171
f 5101 5149 5174
f 5062 5151 5150
f 5058 5062 5150
f 5152 5101 5174
f 5153 5152 5174
f 5151 5177 5198
f 5104 5103 5178
f 5108 5104 5178
f 5105 5200 5177
f 5106 5108 5107
f 5154 5113 5071
f 5068 5028 5156
f 5156 5113 5181
f 5028 5113 5156
f 5157 5182 5115
f 5182 5116 5115
f 5184 5076 5116
f 5118 5158 5117
f 5119 5076 5184
f 5122 5159 5118
f 5118 5159 5158
f 5120 5119 5185
f 5124 5120 5185
f 5185 5186 5124
f 5126 5124 5186
f 5125 5188 5160
f 5189 5129 5161
f 5129 5128 5161
f 5161 5128 5127
f 5129 5189 5187
f 5139 5190 5162
f 5140 5137 5164
f 5165 5164 5137
f 5165 5137 5141
f 5143 5094 5163
f 5190 5139 5140
f 5165 5141 5166
f 5192 5165 5166
f 5192 5166 5144
f 5145 5192 5144
f 5195 5145 5169
f 5146 5195 5169
f 5147 5100 5194
f 5147 5194 5170
f 5148 5196 5195
f 5148 5195 5146
f 5171 5196 5148
f 5172 5147 5170
f 5173 5147 5172
f 5175 5196 5171
f 5174 5173 5172
f 5149 5173 5174
f 5151 5175 5150
f 5198 5175 5151
f 5176 5153 5197
f 5153 5176 5103
f 5177 5200 5198
f 5176 5178 5103
f 5107 5108 5178
f 5107 5178 5201
f 5179 5107 5201
f 5105 5179 5200
f 5154 5181 5113
f 5183 5181 5154
f 5110 5180 5114
f 5114 5180 5155
f 5156 5180 5110
f 5114 5155 5157
f 5180 5156 5220
f 5117 5183 5154
f 5155 5182 5157
f 5158 5183 5117
f 5158 5204 5183
f 5159 5204 5158
f 5185 5184 5205
f 5184 5185 5119
f 5186 5185 5205
f 5126 5186 5206
f 5127 5126 5206
f 5161 5127 5206
f 5161 5206 5209
f 5161 5209 5189
f 5162 5210 5163
f 5211 5162 5190
f 5140 5164 5190
f 5143 5163 5213
f 5162 5211 5210
f 5165 5191 5164
f 5164 5212 5190
f 5192 5191 5165
f 5191 5227 5164
f 5213 5226 5143
f 5226 5215 5167
f 5215 5168 5167
f 5193 5191 5192
f 5215 5194 5168
f 5191 5193 5214
f 5195 5192 5145
f 5170 5194 5215
f 5214 5193 5217
f 5195 5193 5192
f 5217 5193 5195
f 5196 5217 5195
f 5175 5217 5196
f 5174 5172 5197
f 5175 5218 5217
f 5174 5197 5153
f 5198 5218 5175
f 5200 5199 5198
f 5176 5201 5178
f 5201 5176 5199
f 5200 5201 5199
f 5179 5201 5200
f 5156 5181 5220
f 5155 5180 5203
f 5155 5203 5182
f 5182 5203 5202
f 5181 5222 5221
f 5204 5222 5183
f 5183 5222 5181
f 5182 5202 5116
f 5203 5180 5223
f 5205 5202 5203
f 5205 5184 5202
f 5202 5184 5116
f 5208 5205 5203
f 5208 5203 5223
f 5186 5205 5208
f 5123 5231 5159
f 5206 5208 5207
f 5160 5231 5123
f 5206 5186 5208
f 5206 5207 5209
f 5209 5224 5187
f 5187 5224 5188
f 5188 5224 5160
f 5189 5209 5187
f 5163 5210 5213
f 5190 5212 5211
f 5211 5212 5225
f 5212 5227 5225
f 5164 5227 5212
f 5228 5215 5226
f 5233 5227 5214
f 5214 5227 5191
f 5216 5233 5214
f 5217 5216 5214
f 5172 5170 5228
f 5219 5217 5218
f 5219 5216 5217
f 5230 5197 5234
f 5198 5219 5218
f 5197 5230 5176
f 5198 5199 5219
f 5221 5220 5181
f 5220 5223 5180
f 5231 5221 5222
f 5159 5231 5222
f 5204 5159 5222
f 5207 5208 5223
f 5160 5207 5231
f 5160 5224 5207
f 5224 5209 5207
f 5210 5211 5225
f 5210 5226 5213
f 5232 5210 5225
f 5233 5225 5227
f 5225 5233 5232
f 5228 5170 5215
f 5216 5229 5233
f 5219 5229 5216
f 5229 5219 5230
f 5172 5234 5197
f 5199 5230 5219
f 5199 5176 5230
f 5221 5223 5220
f 5231 5223 5221
f 5207 5223 5231
f 5232 5226 5210
f 5232 5228 5226
f 5229 5232 5233
f 5172 5228 5232
f 5172 5232 5234
f 5234 5232 5229
f 5234 5229 5230
# 10464 faces, 0 coords texture

# End of File
