Neuron 1,Neuron 2,Type,Nbr
ADAR,ADAL,EJ,1.0
ADFL,ADAL,EJ,1.0
ASHL,ADAL,EJ,1.0
AVDR,ADAL,EJ,2.0
PVQL,ADAL,EJ,1.0
ADEL,ADAL,Sp,1.0
ADFL,ADAL,Sp,1.0
AIAL,ADAL,Sp,1.0
AIBL,ADAL,R,1.0
AIBR,ADAL,Rp,2.0
ASHL,ADAL,Sp,1.0
AVAR,ADAL,Rp,2.0
AVBL,ADAL,Rp,4.0
AVBR,ADAL,R,2.0
AVBR,ADAL,Rp,5.0
AVDL,ADAL,Rp,1.0
AVEL,ADAL,Rp,1.0
AVJR,ADAL,Rp,5.0
AWAL,ADAL,S,1.0
FLPR,ADAL,Rp,1.0
PVPL,ADAL,Sp,1.0
PVR,ADAL,Sp,1.0
RICL,ADAL,R,1.0
RICL,ADAL,Rp,1.0
RICR,ADAL,Rp,1.0
RIML,ADAL,Rp,3.0
RIPL,ADAL,Rp,1.0
RMGL,ADAL,Sp,1.0
SMDVR,ADAL,R,2.0
ADAL,ADAR,EJ,1.0
ADFR,ADAR,EJ,1.0
ASHR,ADAR,EJ,1.0
AVDL,ADAR,EJ,2.0
PVQR,ADAR,EJ,1.0
ADER,ADAR,Sp,1.0
ADFR,ADAR,Sp,1.0
AIAR,ADAR,Sp,1.0
AIBL,ADAR,Rp,1.0
AIBR,ADAR,Rp,1.0
ASHR,ADAR,Sp,2.0
AVAL,ADAR,Rp,1.0
AVBL,ADAR,R,1.0
AVBL,ADAR,Rp,1.0
AVBR,ADAR,Rp,5.0
AVEL,ADAR,Rp,1.0
AVJL,ADAR,R,1.0
AVJL,ADAR,Rp,2.0
RICL,ADAR,Rp,1.0
RICL,ADAR,Sp,1.0
RICR,ADAR,Sp,1.0
RIMR,ADAR,Rp,5.0
RIMR,ADAR,Sp,1.0
RIPR,ADAR,Rp,1.0
RIVR,ADAR,Rp,1.0
RMGR,ADAR,Sp,1.0
SMDVL,ADAR,R,2.0
URBR,ADAR,Sp,1.0
ADAL,ADEL,Rp,1.0
AINL,ADEL,EJ,1.0
AVKR,ADEL,EJ,1.0
ADER,ADEL,Rp,1.0
ADER,ADEL,Sp,2.0
ALA,ADEL,Sp,1.0
AVAL,ADEL,Rp,2.0
AVAR,ADEL,Rp,3.0
AVEL,ADEL,Rp,1.0
AVL,ADEL,R,1.0
BDUL,ADEL,Rp,1.0
BDUL,ADEL,S,3.0
CEPDL,ADEL,R,1.0
FLPL,ADEL,R,1.0
FLPL,ADEL,Rp,1.0
FLPL,ADEL,Sp,2.0
IL1L,ADEL,Rp,1.0
IL2L,ADEL,R,1.0
IL2L,ADEL,Rp,1.0
IL2L,ADEL,Sp,2.0
OLLL,ADEL,R,1.0
OLLL,ADEL,Rp,1.0
RIAL,ADEL,Rp,1.0
RIFL,ADEL,Rp,1.0
RIGL,ADEL,R,2.0
RIGL,ADEL,Rp,3.0
RIGR,ADEL,R,3.0
RIGR,ADEL,Rp,3.0
RIH,ADEL,Rp,2.0
RIVL,ADEL,Rp,1.0
RIVR,ADEL,Rp,1.0
RMDL,ADEL,R,2.0
RMDL,ADEL,Rp,2.0
RMGL,ADEL,R,1.0
RMHL,ADEL,Rp,1.0
SIADR,ADEL,Rp,1.0
SIBDR,ADEL,Rp,1.0
SMBDR,ADEL,Rp,1.0
URBL,ADEL,Rp,1.0
ADAR,ADER,Rp,1.0
ADEL,ADER,Rp,2.0
ADEL,ADER,Sp,1.0
AVKL,ADER,EJ,1.0
ALA,ADER,Rp,1.0
ALNR,ADER,S,1.0
AVAL,ADER,R,1.0
AVAL,ADER,Rp,4.0
AVAR,ADER,Rp,1.0
AVAR,ADER,Sp,1.0
AVDR,ADER,Rp,2.0
AVER,ADER,R,1.0
AVJR,ADER,Rp,1.0
AVKL,ADER,R,1.0
AVKL,ADER,Rp,1.0
AVKR,ADER,Rp,1.0
AVM,ADER,S,1.0
AVM,ADER,Sp,1.0
BDUR,ADER,S,1.0
CEPDR,ADER,R,1.0
FLPL,ADER,Rp,1.0
FLPL,ADER,Sp,2.0
FLPR,ADER,Rp,1.0
FLPR,ADER,S,1.0
FLPR,ADER,Sp,1.0
IL2R,ADER,S,1.0
IL2R,ADER,Sp,1.0
OLLR,ADER,Rp,2.0
PVR,ADER,Rp,1.0
RIGL,ADER,R,4.0
RIGL,ADER,Rp,3.0
RIGR,ADER,Rp,4.0
RIH,ADER,Rp,1.0
RMDR,ADER,Rp,2.0
SAAVR,ADER,R,1.0
ADAL,ADFL,Rp,1.0
ADAL,ADFL,EJ,1.0
AIZL,ADFL,R,5.0
AIZL,ADFL,Rp,7.0
ASHL,ADFL,Sp,3.0
AUAL,ADFL,R,1.0
AUAL,ADFL,Rp,4.0
AWBL,ADFL,S,1.0
AWBL,ADFL,Sp,8.0
OLQVL,ADFL,Rp,1.0
RIAL,ADFL,R,3.0
RIAL,ADFL,Rp,12.0
RIGL,ADFL,Rp,1.0
RIR,ADFL,Rp,2.0
SMBVL,ADFL,Rp,2.0
ADAR,ADFR,Rp,1.0
ADAR,ADFR,EJ,1.0
AIAR,ADFR,EJ,1.0
AIYR,ADFR,Rp,1.0
AIYR,ADFR,Sp,1.0
AIZR,ADFR,R,3.0
AIZR,ADFR,Rp,5.0
ASEL,ADFR,S,1.0
ASHR,ADFR,Rp,1.0
ASHR,ADFR,Sp,2.0
AUAR,ADFR,Rp,4.0
AVHL,ADFR,Sp,3.0
AWAR,ADFR,Sp,3.0
AWBR,ADFR,R,1.0
AWBR,ADFR,S,1.0
AWBR,ADFR,Sp,3.0
PVPR,ADFR,Rp,1.0
PVPR,ADFR,Sp,1.0
RIAR,ADFR,R,1.0
RIAR,ADFR,Rp,15.0
RIGR,ADFR,R,1.0
RIGR,ADFR,Rp,2.0
RIH,ADFR,Sp,1.0
RIR,ADFR,Rp,3.0
SMBDR,ADFR,Rp,1.0
SMBVR,ADFR,Rp,2.0
URXR,ADFR,R,1.0
ADLR,ADLL,EJ,1.0
AVDR,ADLL,EJ,1.0
OLQVL,ADLL,EJ,1.0
RMGL,ADLL,EJ,1.0
AIAL,ADLL,R,2.0
AIAL,ADLL,Rp,4.0
AIBL,ADLL,R,2.0
AIBL,ADLL,Rp,5.0
AIBR,ADLL,Rp,1.0
ALA,ADLL,R,2.0
ASER,ADLL,R,1.0
ASER,ADLL,Rp,2.0
ASHL,ADLL,Rp,2.0
AVAL,ADLL,Rp,2.0
AVAR,ADLL,Rp,3.0
AVBL,ADLL,R,2.0
AVBL,ADLL,Rp,2.0
AVDL,ADLL,Rp,1.0
AVDR,ADLL,Rp,4.0
AVHR,ADLL,Sp,1.0
AVJL,ADLL,Rp,1.0
AVJR,ADLL,Rp,3.0
AWBL,ADLL,R,2.0
CEPVL,ADLL,Sp,1.0
OLQVL,ADLL,Rp,1.0
RIPL,ADLL,Rp,1.0
SDQR,ADLL,Sp,1.0
ADLL,ADLR,EJ,1.0
AIAR,ADLR,R,2.0
AIAR,ADLR,Rp,8.0
AIAR,ADLR,Sp,2.0
AIBR,ADLR,Rp,10.0
ASER,ADLR,R,1.0
ASHR,ADLR,R,1.0
ASHR,ADLR,Rp,2.0
AVAR,ADLR,Rp,2.0
AVBL,ADLR,R,1.0
AVBR,ADLR,R,2.0
AVDL,ADLR,R,1.0
AVDL,ADLR,Rp,4.0
AVDR,ADLR,Rp,2.0
AVHR,ADLR,Sp,2.0
AVJR,ADLR,R,1.0
AVJR,ADLR,Rp,1.0
AWCR,ADLR,Rp,3.0
OLLR,ADLR,Rp,1.0
PVCL,ADLR,R,1.0
PVCL,ADLR,Rp,1.0
RICL,ADLR,Rp,1.0
RICR,ADLR,Rp,1.0
AFDR,AFDL,EJ,1.0
AIBL,AFDL,EJ,1.0
AINR,AFDL,R,1.0
AINR,AFDL,S,3.0
AINR,AFDL,Sp,1.0
AIYL,AFDL,R,7.0
ASER,AFDL,S,1.0
ASER,AFDL,Sp,1.0
AWAL,AFDL,S,1.0
AWAL,AFDL,Sp,4.0
AFDL,AFDR,EJ,1.0
AIBR,AFDR,EJ,1.0
AINL,AFDR,S,2.0
AINL,AFDR,Sp,3.0
AINR,AFDR,Sp,1.0
AIYR,AFDR,R,12.0
AIYR,AFDR,Rp,1.0
ASER,AFDR,Rp,1.0
ASER,AFDR,Sp,2.0
AWAR,AFDR,S,1.0
AWAR,AFDR,Sp,6.0
RIR,AFDR,Sp,1.0
ADAL,AIAL,Rp,1.0
ADLL,AIAL,S,2.0
ADLL,AIAL,Sp,4.0
AIAR,AIAL,EJ,1.0
ASIL,AIAL,EJ,2.0
AWAL,AIAL,EJ,1.0
AIBL,AIAL,R,3.0
AIBL,AIAL,Rp,7.0
AIML,AIAL,Rp,2.0
AIML,AIAL,S,1.0
AIML,AIAL,Sp,4.0
AINR,AIAL,Sp,2.0
AIZL,AIAL,Rp,1.0
AIZL,AIAL,Sp,3.0
ASEL,AIAL,Sp,3.0
ASER,AIAL,R,1.0
ASER,AIAL,Rp,2.0
ASER,AIAL,S,1.0
ASER,AIAL,Sp,1.0
ASGL,AIAL,Rp,1.0
ASGL,AIAL,S,6.0
ASGL,AIAL,Sp,3.0
ASHL,AIAL,Rp,1.0
ASHL,AIAL,S,5.0
ASHL,AIAL,Sp,2.0
ASIR,AIAL,Sp,1.0
ASKL,AIAL,R,2.0
ASKL,AIAL,Rp,1.0
ASKL,AIAL,S,7.0
ASKL,AIAL,Sp,4.0
AWCL,AIAL,S,2.0
AWCR,AIAL,Rp,1.0
HSNL,AIAL,R,1.0
HSNL,AIAL,Sp,1.0
PVQL,AIAL,S,3.0
PVQL,AIAL,Sp,3.0
RIFL,AIAL,Rp,1.0
RMGL,AIAL,R,1.0
ADAR,AIAR,Rp,1.0
ADLR,AIAR,Rp,2.0
ADLR,AIAR,S,2.0
ADLR,AIAR,Sp,8.0
ADFR,AIAR,EJ,1.0
AIAL,AIAR,EJ,1.0
ASIR,AIAR,EJ,2.0
AWAR,AIAR,EJ,1.0
AIBR,AIAR,R,6.0
AIBR,AIAR,Rp,8.0
AIMR,AIAR,Sp,5.0
AIZR,AIAR,Rp,1.0
AIZR,AIAR,Sp,1.0
ASER,AIAR,Rp,1.0
ASER,AIAR,S,1.0
ASER,AIAR,Sp,2.0
ASGR,AIAR,R,1.0
ASGR,AIAR,Rp,1.0
ASGR,AIAR,S,8.0
ASGR,AIAR,Sp,2.0
ASHR,AIAR,S,6.0
ASHR,AIAR,Sp,4.0
ASIR,AIAR,S,1.0
ASIR,AIAR,Sp,2.0
ASKR,AIAR,S,8.0
ASKR,AIAR,Sp,3.0
AWAR,AIAR,Rp,1.0
AWCL,AIAR,Rp,1.0
AWCL,AIAR,S,3.0
AWCL,AIAR,Sp,1.0
AWCR,AIAR,R,1.0
AWCR,AIAR,Rp,2.0
AWCR,AIAR,S,1.0
AWCR,AIAR,Sp,1.0
PVQR,AIAR,S,3.0
PVQR,AIAR,Sp,4.0
RIFR,AIAR,Rp,2.0
ADAL,AIBL,S,1.0
ADAR,AIBL,Sp,1.0
ADLL,AIBL,S,2.0
ADLL,AIBL,Sp,5.0
AIAL,AIBL,S,3.0
AIAL,AIBL,Sp,7.0
AFDL,AIBL,EJ,1.0
DVC,AIBL,EJ,1.0
PVT,AIBL,EJ,1.0
RIGR,AIBL,EJ,3.0
RIMR,AIBL,EJ,1.0
RIVL,AIBL,EJ,1.0
AINR,AIBL,Sp,2.0
AIYL,AIBL,Rp,1.0
AIZL,AIBL,S,2.0
AIZL,AIBL,Sp,2.0
AIZR,AIBL,S,1.0
AIZR,AIBL,Sp,7.0
ASEL,AIBL,S,1.0
ASEL,AIBL,Sp,6.0
ASER,AIBL,Rp,1.0
ASER,AIBL,Sp,2.0
ASGL,AIBL,Sp,3.0
ASHL,AIBL,S,2.0
ASHL,AIBL,Sp,3.0
ASIL,AIBL,S,1.0
ASKL,AIBL,Sp,2.0
AVAL,AIBL,Rp,2.0
AVBL,AIBL,R,1.0
AVBL,AIBL,Rp,4.0
AWCL,AIBL,S,1.0
AWCL,AIBL,Sp,1.0
BAGL,AIBL,Sp,1.0
DVC,AIBL,Sp,1.0
FLPL,AIBL,Rp,1.0
FLPL,AIBL,S,1.0
FLPL,AIBL,Sp,1.0
HSNR,AIBL,Sp,1.0
PVT,AIBL,Sp,2.0
RIBR,AIBL,R,1.0
RIBR,AIBL,Rp,3.0
RIBR,AIBL,S,1.0
RIBR,AIBL,Sp,1.0
RIFL,AIBL,Rp,1.0
RIGR,AIBL,Rp,1.0
RIML,AIBL,Rp,2.0
RIMR,AIBL,R,1.0
RIMR,AIBL,Rp,12.0
RIMR,AIBL,Sp,4.0
SAADL,AIBL,Rp,2.0
SAADL,AIBL,Sp,1.0
SAADR,AIBL,Rp,2.0
SAAVL,AIBL,Sp,1.0
SDQR,AIBL,Sp,2.0
SMDDR,AIBL,Rp,4.0
ADAL,AIBR,Sp,2.0
ADAR,AIBR,Sp,1.0
ADLL,AIBR,Sp,1.0
ADLR,AIBR,Sp,10.0
AIAR,AIBR,S,6.0
AIAR,AIBR,Sp,8.0
AFDR,AIBR,EJ,1.0
DB01,AIBR,EJ,1.0
DVC,AIBR,EJ,2.0
PVT,AIBR,EJ,1.0
RIGL,AIBR,EJ,3.0
RIML,AIBR,EJ,1.0
RIS,AIBR,EJ,1.0
RIVR,AIBR,EJ,1.0
AIZL,AIBR,S,2.0
AIZL,AIBR,Sp,6.0
AIZR,AIBR,Sp,1.0
ASEL,AIBR,S,2.0
ASEL,AIBR,Sp,2.0
ASER,AIBR,S,1.0
ASER,AIBR,Sp,9.0
ASGR,AIBR,Sp,2.0
ASHR,AIBR,S,1.0
ASHR,AIBR,Sp,2.0
ASIR,AIBR,Sp,1.0
AVAR,AIBR,Rp,1.0
AVBR,AIBR,Rp,3.0
AVEL,AIBR,Rp,1.0
AWBL,AIBR,Sp,1.0
AWCL,AIBR,Sp,1.0
AWCR,AIBR,Sp,4.0
DVC,AIBR,Sp,3.0
FLPL,AIBR,Sp,2.0
FLPR,AIBR,Sp,1.0
HSNR,AIBR,Sp,1.0
PVT,AIBR,Sp,4.0
RIAL,AIBR,Rp,1.0
RIBL,AIBR,Rp,4.0
RIBL,AIBR,Sp,2.0
RIML,AIBR,R,4.0
RIML,AIBR,Rp,12.0
RIMR,AIBR,Rp,1.0
RMGL,AIBR,S,1.0
SAADL,AIBR,Rp,1.0
SAADR,AIBR,S,1.0
SDQL,AIBR,Sp,1.0
SMDDL,AIBR,R,1.0
SMDDL,AIBR,Rp,2.0
SMDVL,AIBR,Rp,1.0
VB01,AIBR,Rp,3.0
VB01,AIBR,Sp,1.0
AIAL,AIML,R,1.0
AIAL,AIML,Rp,4.0
AIAL,AIML,Sp,2.0
SIBDR,AIML,EJ,1.0
ALML,AIML,Rp,1.0
ASGL,AIML,Rp,2.0
ASKL,AIML,Rp,2.0
ASKL,AIML,Sp,2.0
AVBR,AIML,Rp,2.0
AVDL,AIML,Rp,1.0
AVDR,AIML,Rp,1.0
AVER,AIML,Rp,1.0
AVFL,AIML,R,1.0
AVFL,AIML,Rp,3.0
AVFR,AIML,Rp,1.0
AVHL,AIML,Rp,2.0
AVHR,AIML,Rp,1.0
AVJL,AIML,Rp,1.0
PVQL,AIML,R,1.0
RIFL,AIML,Rp,1.0
SMBVL,AIML,R,1.0
AIAR,AIMR,Rp,5.0
ASGR,AIMR,Rp,2.0
ASJR,AIMR,Rp,2.0
ASKR,AIMR,Rp,3.0
ASKR,AIMR,Sp,1.0
AVDR,AIMR,Rp,1.0
AVFL,AIMR,R,1.0
AVFL,AIMR,Rp,1.0
AVFR,AIMR,R,1.0
AVFR,AIMR,Rp,1.0
HSNL,AIMR,Rp,1.0
HSNR,AIMR,Rp,2.0
OLQDR,AIMR,Rp,1.0
PVNR,AIMR,Rp,1.0
RIFR,AIMR,Rp,1.0
RMGR,AIMR,R,1.0
RMGR,AIMR,Rp,1.0
RMGR,AIMR,Sp,1.0
AFDR,AINL,R,2.0
AFDR,AINL,Rp,3.0
ADEL,AINL,EJ,1.0
AINR,AINL,EJ,2.0
ASGR,AINL,EJ,1.0
AUAR,AINL,EJ,1.0
ASEL,AINL,R,1.0
ASEL,AINL,Rp,2.0
ASGR,AINL,R,1.0
AUAR,AINL,Rp,1.0
BAGL,AINL,Rp,3.0
RIBL,AINL,R,1.0
RIBR,AINL,Rp,2.0
AFDL,AINR,R,3.0
AFDL,AINR,Rp,1.0
AFDL,AINR,S,1.0
AFDR,AINR,Rp,1.0
AIAL,AINR,Rp,2.0
AIBL,AINR,Rp,2.0
AINL,AINR,EJ,2.0
ASGL,AINR,EJ,1.0
AUAL,AINR,EJ,1.0
ASEL,AINR,Rp,1.0
ASER,AINR,R,1.0
ASER,AINR,Rp,1.0
ASGL,AINR,Sp,1.0
AUAR,AINR,Rp,1.0
BAGR,AINR,Rp,3.0
RIBL,AINR,Rp,2.0
RID,AINR,Rp,1.0
AFDL,AIYL,S,7.0
AIBL,AIYL,Sp,1.0
AIYR,AIYL,EJ,1.0
RIML,AIYL,EJ,1.0
AIZL,AIYL,R,3.0
AIZL,AIYL,Rp,10.0
ASEL,AIYL,S,8.0
ASEL,AIYL,Sp,5.0
ASER,AIYL,S,2.0
ASER,AIYL,Sp,2.0
ASIL,AIYL,Sp,2.0
AWAL,AIYL,Rp,3.0
AWAL,AIYL,Sp,1.0
AWCL,AIYL,Rp,1.0
AWCL,AIYL,S,7.0
AWCL,AIYL,Sp,3.0
AWCR,AIYL,Rp,1.0
AWCR,AIYL,S,1.0
AWCR,AIYL,Sp,3.0
BAGR,AIYL,Sp,1.0
HSNR,AIYL,Rp,1.0
RIAL,AIYL,R,1.0
RIAL,AIYL,Rp,6.0
RIBL,AIYL,Rp,4.0
ADFR,AIYR,Rp,1.0
ADFR,AIYR,Sp,1.0
AFDR,AIYR,S,12.0
AFDR,AIYR,Sp,1.0
AIYL,AIYR,EJ,1.0
RIMR,AIYR,EJ,1.0
AIZR,AIYR,Rp,8.0
ASEL,AIYR,S,5.0
ASEL,AIYR,Sp,1.0
ASER,AIYR,S,4.0
ASER,AIYR,Sp,10.0
ASGR,AIYR,S,1.0
AUAR,AIYR,Sp,1.0
AWAR,AIYR,Rp,1.0
AWAR,AIYR,Sp,2.0
AWCR,AIYR,S,3.0
AWCR,AIYR,Sp,6.0
HSNL,AIYR,Rp,1.0
RIAR,AIYR,Rp,6.0
RIBR,AIYR,Rp,2.0
ADFL,AIZL,S,5.0
ADFL,AIZL,Sp,7.0
AIAL,AIZL,Rp,3.0
AIAL,AIZL,Sp,1.0
AIBL,AIZL,R,2.0
AIBL,AIZL,Rp,2.0
AIBR,AIZL,R,2.0
AIBR,AIZL,Rp,6.0
AIYL,AIZL,S,3.0
AIYL,AIZL,Sp,10.0
AIZR,AIZL,EJ,2.0
ASGL,AIZL,EJ,1.0
ASHL,AIZL,EJ,1.0
ASEL,AIZL,Rp,1.0
ASIL,AIZL,Sp,1.0
AVER,AIZL,Rp,5.0
AWAL,AIZL,S,3.0
AWAL,AIZL,Sp,7.0
AWBL,AIZL,S,3.0
AWBL,AIZL,Sp,6.0
DVA,AIZL,R,1.0
DVA,AIZL,Sp,3.0
HSNL,AIZL,Sp,2.0
HSNR,AIZL,Sp,1.0
RIAL,AIZL,R,3.0
RIAL,AIZL,Rp,5.0
RIGL,AIZL,R,1.0
RIH,AIZL,Sp,4.0
RIML,AIZL,Rp,4.0
RIR,AIZL,S,3.0
RIR,AIZL,Sp,3.0
SMBDL,AIZL,R,1.0
SMBDL,AIZL,Rp,8.0
SMBVL,AIZL,Rp,7.0
VB02,AIZL,Rp,1.0
ADFR,AIZR,S,3.0
ADFR,AIZR,Sp,5.0
AIAR,AIZR,Rp,1.0
AIAR,AIZR,Sp,1.0
AIBL,AIZR,R,1.0
AIBL,AIZR,Rp,7.0
AIBR,AIZR,Rp,1.0
AIYR,AIZR,Sp,8.0
AIZL,AIZR,EJ,2.0
ASGR,AIZR,EJ,1.0
ASHR,AIZR,EJ,1.0
AWAR,AIZR,EJ,1.0
AVEL,AIZR,Rp,4.0
AVER,AIZR,R,1.0
AVER,AIZR,Rp,1.0
AWAR,AIZR,S,2.0
AWAR,AIZR,Sp,5.0
AWBR,AIZR,S,1.0
AWBR,AIZR,Sp,3.0
DVA,AIZR,R,1.0
DVA,AIZR,Rp,1.0
HSNL,AIZR,Sp,1.0
HSNR,AIZR,Sp,1.0
RIAR,AIZR,R,4.0
RIAR,AIZR,Rp,3.0
RIBR,AIZR,S,1.0
RIGL,AIZR,Sp,1.0
RIH,AIZR,Sp,4.0
RIMR,AIZR,R,1.0
RIMR,AIZR,Rp,3.0
RIR,AIZR,S,4.0
RIR,AIZR,Sp,1.0
SMBDR,AIZR,Rp,5.0
SMBVR,AIZR,Rp,3.0
SMDDR,AIZR,Rp,1.0
ADEL,ALA,Rp,1.0
ADER,ALA,Sp,1.0
ADLL,ALA,S,2.0
RID,ALA,EJ,1.0
AVAL,ALA,Rp,1.0
AVEL,ALA,Rp,2.0
AVER,ALA,R,1.0
AVER,ALA,Rp,1.0
RMDR,ALA,Rp,1.0
AIML,ALML,Sp,1.0
AVM,ALML,EJ,1.0
PVR,ALML,EJ,1.0
AVDR,ALML,Rp,1.0
AVEL,ALML,Rp,1.0
BDUL,ALML,R,5.0
BDUL,ALML,Rp,1.0
CEPDL,ALML,R,3.0
CEPVL,ALML,Rp,2.0
PVCL,ALML,R,2.0
PVCL,ALML,Rp,2.0
PVCR,ALML,R,1.0
PVCR,ALML,Rp,1.0
RIFL,ALML,Sp,2.0
RMDDR,ALML,R,1.0
RMGL,ALML,Rp,1.0
RMGL,ALML,Sp,1.0
SDQL,ALML,Rp,1.0
SDQL,ALML,Sp,1.0
AVM,ALMR,EJ,1.0
BDUR,ALMR,R,5.0
BDUR,ALMR,Sp,1.0
CEPDR,ALMR,R,1.0
CEPVR,ALMR,R,1.0
PVCR,ALMR,R,3.0
RMDDL,ALMR,Rp,1.0
SIADL,ALMR,Rp,1.0
SMBDR,ALNL,EJ,1.0
RIGL,ALNL,Sp,1.0
RMGL,ALNL,Sp,1.0
SAAVL,ALNL,Rp,3.0
SAAVL,ALNL,Sp,1.0
SMBDR,ALNL,Rp,2.0
SMDVL,ALNL,Rp,1.0
ADER,ALNR,R,1.0
RIGR,ALNR,Sp,1.0
RMGR,ALNR,Sp,1.0
RMHR,ALNR,Rp,1.0
SAAVR,ALNR,Rp,2.0
SMBDL,ALNR,Rp,2.0
SMDDR,ALNR,Rp,1.0
SMDVL,ALNR,R,1.0
AVBL,AQR,EJ,1.0
AVKL,AQR,EJ,2.0
AVKR,AQR,EJ,1.0
PVPL,AQR,EJ,7.0
PVPR,AQR,EJ,9.0
RIGL,AQR,EJ,2.0
RIGR,AQR,EJ,1.0
AVAL,AQR,R,1.0
AVAL,AQR,Rp,1.0
AVAR,AQR,R,1.0
AVAR,AQR,Rp,2.0
AVBL,AQR,R,1.0
AVBL,AQR,Rp,2.0
AVBR,AQR,Rp,4.0
AVDL,AQR,Rp,1.0
AVDR,AQR,Rp,1.0
AVHR,AQR,Sp,2.0
AVJL,AQR,Rp,1.0
BAGL,AQR,Rp,2.0
BAGR,AQR,Rp,2.0
DVA,AQR,S,1.0
DVA,AQR,Sp,3.0
PVCR,AQR,Rp,2.0
PVCR,AQR,Sp,1.0
PVPL,AQR,Rp,1.0
PVPL,AQR,Sp,1.0
PVPR,AQR,Sp,2.0
RIAL,AQR,R,1.0
RIAL,AQR,Rp,2.0
RIAR,AQR,R,1.0
RIAR,AQR,Rp,1.0
URXL,AQR,Rp,1.0
AVAL,AS01,EJ,3.0
AVAR,AS01,EJ,2.0
VA03,AS01,EJ,1.0
VD02,AS01,EJ,1.0
AVAR,AS01,S,1.0
AVBR,AS01,S,1.0
AVDL,AS01,S,1.0
AVEL,AS01,Sp,1.0
AVER,AS01,S,1.0
AVER,AS01,Sp,2.0
DA01,AS01,Rp,2.0
DB01,AS01,S,1.0
PVCL,AS01,S,1.0
VD01,AS01,R,1.0
VD01,AS01,Rp,4.0
DA02,AS02,EJ,1.0
VA04,AS02,EJ,2.0
AVAL,AS02,S,1.0
AVAR,AS02,S,2.0
AVER,AS02,Sp,2.0
DB01,AS02,Rp,1.0
DB01,AS02,S,1.0
DD01,AS02,Rp,1.0
PVCR,AS02,S,1.0
RID,AS02,Sp,1.0
VD02,AS02,R,4.0
VD02,AS02,Rp,6.0
AVAL,AS03,EJ,2.0
AVAR,AS03,EJ,1.0
DA02,AS03,EJ,1.0
VA05,AS03,EJ,2.0
AVAL,AS03,S,1.0
AVAR,AS03,S,1.0
AVBL,AS03,S,1.0
AVBR,AS03,S,1.0
AVER,AS03,S,1.0
DA03,AS03,Rp,1.0
DB01,AS03,S,1.0
DD01,AS03,Rp,1.0
VD02,AS03,Rp,1.0
VD03,AS03,R,1.0
VD03,AS03,Rp,14.0
DA03,AS04,EJ,1.0
AS05,AS04,R,1.0
AVAL,AS04,S,1.0
AVAR,AS04,S,1.0
AVBL,AS04,S,1.0
AVBR,AS04,S,1.0
AVDL,AS04,Sp,1.0
DA03,AS04,S,1.0
DB03,AS04,S,1.0
VD04,AS04,R,3.0
VD04,AS04,Rp,8.0
AS04,AS05,S,1.0
AVAL,AS05,EJ,1.0
AVAR,AS05,EJ,1.0
VA07,AS05,EJ,1.0
AVAL,AS05,S,3.0
AVAR,AS05,S,1.0
AVBL,AS05,S,1.0
AVBR,AS05,S,1.0
AVDL,AS05,S,1.0
AVDR,AS05,S,1.0
DB03,AS05,S,1.0
DD02,AS05,Rp,1.0
HSNR,AS05,S,1.0
VD05,AS05,R,3.0
VD05,AS05,Rp,6.0
AVAL,AS06,EJ,1.0
AVAR,AS06,EJ,1.0
AVBR,AS06,EJ,1.0
DA05,AS06,EJ,2.0
VA08,AS06,EJ,1.0
AVAR,AS06,S,2.0
AVBL,AS06,S,1.0
AVBR,AS06,S,1.0
PLMR,AS06,Sp,1.0
PVR,AS06,S,1.0
VD06,AS06,R,3.0
VD06,AS06,Rp,10.0
AVAL,AS07,EJ,6.0
AVAR,AS07,EJ,5.0
AVBL,AS07,EJ,2.0
AVBR,AS07,EJ,2.0
AVAL,AS07,S,8.0
AVAR,AS07,S,3.0
AVBR,AS07,S,1.0
AVAL,AS08,EJ,4.0
AVAR,AS08,EJ,3.0
AVAL,AS08,S,5.0
AVAR,AS08,S,6.0
AVAL,AS09,EJ,4.0
AVAR,AS09,EJ,1.0
DVB,AS09,EJ,7.0
AVAL,AS09,S,8.0
AVAR,AS09,Rp,1.0
AVAR,AS09,S,5.0
AVBL,AS09,S,1.0
AVAL,AS10,EJ,1.0
AVAR,AS10,EJ,1.0
AVAL,AS10,Sp,2.0
AVAR,AS10,Sp,1.0
AVBL,AS10,S,1.0
AVBR,AS10,S,1.0
AVDL,AS10,Sp,1.0
AVDR,AS10,S,1.0
PDB,AS11,EJ,2.0
AVAL,AS11,Sp,4.0
AVAR,AS11,Sp,6.0
AVDL,AS11,Sp,2.0
PDA,AS11,R,1.0
PDA,AS11,Sp,1.0
PDB,AS11,R,1.0
VA12,AS11,S,2.0
VD13,AS11,Rp,2.0
ADFR,ASEL,R,1.0
AIAL,ASEL,Rp,3.0
AIBL,ASEL,R,1.0
AIBL,ASEL,Rp,6.0
AIBR,ASEL,R,2.0
AIBR,ASEL,Rp,2.0
AINL,ASEL,S,1.0
AINL,ASEL,Sp,2.0
AINR,ASEL,Sp,1.0
AIYL,ASEL,R,8.0
AIYL,ASEL,Rp,5.0
AIYR,ASEL,R,5.0
AIYR,ASEL,Rp,1.0
AIZL,ASEL,Sp,1.0
ASIR,ASEL,S,2.0
AWAL,ASEL,Sp,4.0
AWAR,ASEL,Sp,1.0
AWCL,ASEL,Rp,4.0
AWCL,ASEL,Sp,1.0
AWCR,ASEL,Rp,1.0
AWCR,ASEL,Sp,1.0
RIAR,ASEL,R,1.0
ADLL,ASER,S,1.0
ADLL,ASER,Sp,2.0
ADLR,ASER,S,1.0
AFDL,ASER,R,1.0
AFDL,ASER,Rp,1.0
AFDR,ASER,Rp,2.0
AFDR,ASER,Sp,1.0
AIAL,ASER,R,1.0
AIAL,ASER,Rp,1.0
AIAL,ASER,S,1.0
AIAL,ASER,Sp,2.0
AIAR,ASER,R,1.0
AIAR,ASER,Rp,2.0
AIAR,ASER,Sp,1.0
AIBL,ASER,Rp,2.0
AIBL,ASER,Sp,1.0
AIBR,ASER,R,1.0
AIBR,ASER,Rp,9.0
AINR,ASER,S,1.0
AINR,ASER,Sp,1.0
AIYL,ASER,R,2.0
AIYL,ASER,Rp,2.0
AIYR,ASER,R,4.0
AIYR,ASER,Rp,10.0
ASIL,ASER,S,1.0
AWAR,ASER,Rp,1.0
AWAR,ASER,Sp,2.0
AWCL,ASER,Rp,1.0
AWCR,ASER,Rp,1.0
PVQR,ASER,Sp,1.0
AIAL,ASGL,R,6.0
AIAL,ASGL,Rp,3.0
AIAL,ASGL,Sp,1.0
AIBL,ASGL,Rp,3.0
AIML,ASGL,Sp,2.0
AINR,ASGL,Rp,1.0
AINR,ASGL,EJ,1.0
AIZL,ASGL,EJ,1.0
ASKL,ASGL,Rp,1.0
AWAL,ASGL,Sp,1.0
AIAR,ASGR,R,8.0
AIAR,ASGR,Rp,2.0
AIAR,ASGR,S,1.0
AIAR,ASGR,Sp,1.0
AIBR,ASGR,Rp,2.0
AIMR,ASGR,Sp,2.0
AINL,ASGR,S,1.0
AIYR,ASGR,R,1.0
AINL,ASGR,EJ,1.0
AIZR,ASGR,EJ,1.0
AWBR,ASGR,S,1.0
AWCR,ASGR,Sp,1.0
CEPVR,ASGR,Sp,1.0
ADAL,ASHL,Rp,1.0
ADFL,ASHL,Rp,3.0
ADLL,ASHL,Sp,2.0
AIAL,ASHL,R,5.0
AIAL,ASHL,Rp,2.0
AIAL,ASHL,Sp,1.0
AIBL,ASHL,R,2.0
AIBL,ASHL,Rp,3.0
ADAL,ASHL,EJ,1.0
AIZL,ASHL,EJ,1.0
ASHR,ASHL,EJ,1.0
RICL,ASHL,EJ,2.0
RMGL,ASHL,EJ,1.0
ASKL,ASHL,Rp,1.0
AVAL,ASHL,Rp,2.0
AVBL,ASHL,Rp,6.0
AVDL,ASHL,Rp,2.0
AVDR,ASHL,R,2.0
AVDR,ASHL,Rp,2.0
HSNL,ASHL,Sp,1.0
HSNR,ASHL,Sp,2.0
RIAL,ASHL,Rp,4.0
RIML,ASHL,Rp,1.0
RIPL,ASHL,Rp,1.0
RMGL,ASHL,Sp,1.0
URXL,ASHL,Sp,1.0
ADAR,ASHR,Rp,2.0
ADFR,ASHR,Rp,2.0
ADFR,ASHR,Sp,1.0
ADLR,ASHR,S,1.0
ADLR,ASHR,Sp,2.0
AIAR,ASHR,R,6.0
AIAR,ASHR,Rp,4.0
AIBR,ASHR,R,1.0
AIBR,ASHR,Rp,2.0
ADAR,ASHR,EJ,1.0
AIZR,ASHR,EJ,1.0
ASHL,ASHR,EJ,1.0
ASKR,ASHR,EJ,1.0
RICR,ASHR,EJ,2.0
RMGR,ASHR,EJ,1.0
ASIR,ASHR,S,1.0
AVAR,ASHR,R,1.0
AVAR,ASHR,Rp,4.0
AVBR,ASHR,Rp,3.0
AVDL,ASHR,R,1.0
AVDL,ASHR,Rp,4.0
AVDR,ASHR,Rp,1.0
AVER,ASHR,Rp,3.0
AWBR,ASHR,Sp,2.0
HSNL,ASHR,Sp,2.0
HSNR,ASHR,Rp,1.0
PVPR,ASHR,Rp,1.0
PVPR,ASHR,Sp,1.0
RIAR,ASHR,Rp,2.0
RIFR,ASHR,Sp,2.0
RMGR,ASHR,Rp,2.0
RMGR,ASHR,Sp,1.0
AIBL,ASIL,R,1.0
AIYL,ASIL,Rp,2.0
AIZL,ASIL,Rp,1.0
ASER,ASIL,R,1.0
AIAL,ASIL,EJ,2.0
ASIR,ASIL,EJ,1.0
ASKL,ASIL,R,2.0
AWCL,ASIL,R,1.0
AWCL,ASIL,Rp,1.0
AWCR,ASIL,R,1.0
AWCR,ASIL,Rp,1.0
RIBL,ASIL,Rp,1.0
AIAL,ASIR,Rp,1.0
AIAR,ASIR,R,1.0
AIAR,ASIR,Rp,2.0
AIBR,ASIR,Rp,1.0
ASEL,ASIR,R,2.0
ASHR,ASIR,R,1.0
AIAR,ASIR,EJ,2.0
ASIL,ASIR,EJ,1.0
AWCL,ASIR,Rp,1.0
AWCR,ASIR,R,1.0
AWCR,ASIR,Rp,1.0
ASJR,ASJL,EJ,1.0
ASKL,ASJL,Rp,4.0
AVFR,ASJL,Sp,1.0
HSNL,ASJL,Rp,1.0
HSNR,ASJL,Rp,1.0
PVQL,ASJL,R,8.0
PVQL,ASJL,Rp,6.0
PVQL,ASJL,Sp,1.0
AIMR,ASJR,Sp,2.0
ASJL,ASJR,EJ,1.0
ASKR,ASJR,R,1.0
ASKR,ASJR,Rp,3.0
HSNL,ASJR,S,1.0
HSNR,ASJR,Rp,1.0
PVQR,ASJR,R,9.0
PVQR,ASJR,Rp,4.0
AIAL,ASKL,R,7.0
AIAL,ASKL,Rp,4.0
AIAL,ASKL,S,2.0
AIAL,ASKL,Sp,1.0
AIBL,ASKL,Rp,2.0
AIML,ASKL,Rp,2.0
AIML,ASKL,Sp,2.0
ASGL,ASKL,Sp,1.0
ASHL,ASKL,Sp,1.0
ASIL,ASKL,S,2.0
ASJL,ASKL,Sp,4.0
ASKR,ASKL,EJ,1.0
PVQL,ASKL,EJ,5.0
RMGL,ASKL,EJ,1.0
AVFR,ASKL,Sp,1.0
HSNL,ASKL,Sp,1.0
PVQL,ASKL,Sp,4.0
AIAR,ASKR,R,8.0
AIAR,ASKR,Rp,3.0
AIMR,ASKR,Rp,1.0
AIMR,ASKR,Sp,3.0
ASJR,ASKR,S,1.0
ASJR,ASKR,Sp,3.0
ASHR,ASKR,EJ,1.0
ASKL,ASKR,EJ,1.0
PVQR,ASKR,EJ,4.0
RMGR,ASKR,EJ,1.0
AWAR,ASKR,Rp,1.0
CEPVR,ASKR,Rp,1.0
PVQR,ASKR,Sp,4.0
RIFR,ASKR,Rp,1.0
ADFL,AUAL,S,1.0
ADFL,AUAL,Sp,4.0
AINR,AUAL,EJ,1.0
AUAR,AUAL,EJ,1.0
AWBL,AUAL,EJ,1.0
AVAL,AUAL,R,1.0
AVAL,AUAL,Rp,2.0
AVDR,AUAL,Rp,1.0
AVEL,AUAL,Rp,3.0
DVA,AUAL,Sp,1.0
IL2DL,AUAL,S,1.0
RIAL,AUAL,Rp,5.0
RIBL,AUAL,R,2.0
RIBL,AUAL,Rp,7.0
RIBL,AUAL,Sp,1.0
RIR,AUAL,Sp,1.0
URXL,AUAL,S,1.0
URXL,AUAL,Sp,4.0
ADFR,AUAR,Sp,4.0
AINL,AUAR,Sp,1.0
AINR,AUAR,Sp,1.0
AIYR,AUAR,Rp,1.0
AINL,AUAR,EJ,1.0
AUAL,AUAR,EJ,1.0
AWBR,AUAR,EJ,1.0
AVAR,AUAR,R,1.0
AVER,AUAR,R,1.0
AVER,AUAR,Rp,3.0
AWAR,AUAR,S,1.0
DVA,AUAR,Sp,1.0
RIAR,AUAR,R,1.0
RIAR,AUAR,Rp,5.0
RIBR,AUAR,R,4.0
RIBR,AUAR,Rp,9.0
RIH,AUAR,Sp,1.0
URXR,AUAR,R,1.0
URXR,AUAR,S,1.0
URXR,AUAR,Sp,3.0
ADAR,AVAL,Sp,1.0
ADEL,AVAL,Sp,2.0
ADER,AVAL,S,1.0
ADER,AVAL,Sp,4.0
ADLL,AVAL,Sp,2.0
AIBL,AVAL,Sp,2.0
ALA,AVAL,Sp,1.0
AQR,AVAL,S,1.0
AQR,AVAL,Sp,1.0
AS02,AVAL,Rp,1.0
AS03,AVAL,Rp,1.0
AS04,AVAL,R,1.0
AS05,AVAL,Rp,3.0
AS07,AVAL,R,7.0
AS07,AVAL,Rp,1.0
AS08,AVAL,R,5.0
AS09,AVAL,R,8.0
AS10,AVAL,Rp,2.0
AS11,AVAL,Rp,4.0
ASHL,AVAL,Sp,2.0
AUAL,AVAL,S,1.0
AUAL,AVAL,Sp,2.0
AS01,AVAL,EJ,3.0
AS03,AVAL,EJ,2.0
AS05,AVAL,EJ,1.0
AS06,AVAL,EJ,1.0
AS07,AVAL,EJ,6.0
AS08,AVAL,EJ,4.0
AS09,AVAL,EJ,4.0
AS10,AVAL,EJ,1.0
AVAR,AVAL,EJ,5.0
AVJL,AVAL,EJ,2.0
DA01,AVAL,EJ,2.0
DA02,AVAL,EJ,2.0
DA04,AVAL,EJ,3.0
DA05,AVAL,EJ,1.0
DA06,AVAL,EJ,10.0
DA07,AVAL,EJ,2.0
DB06,AVAL,EJ,3.0
FLPL,AVAL,EJ,1.0
LUAL,AVAL,EJ,1.0
PVCL,AVAL,EJ,2.0
PVCR,AVAL,EJ,5.0
PVPL,AVAL,EJ,1.0
RIMR,AVAL,EJ,3.0
SABD,AVAL,EJ,4.0
SABVR,AVAL,EJ,1.0
SDQR,AVAL,EJ,1.0
URYDL,AVAL,EJ,1.0
URYVR,AVAL,EJ,1.0
VA01,AVAL,EJ,3.0
VA02,AVAL,EJ,4.0
VA03,AVAL,EJ,1.0
VA04,AVAL,EJ,1.0
VA05,AVAL,EJ,5.0
VA06,AVAL,EJ,6.0
VA07,AVAL,EJ,2.0
VA08,AVAL,EJ,10.0
VA09,AVAL,EJ,1.0
VA10,AVAL,EJ,1.0
VA11,AVAL,EJ,1.0
VB09,AVAL,EJ,5.0
AVAR,AVAL,Rp,2.0
AVAR,AVAL,Sp,1.0
AVBL,AVAL,S,6.0
AVBL,AVAL,Sp,1.0
AVBR,AVAL,Rp,1.0
AVBR,AVAL,S,5.0
AVBR,AVAL,Sp,1.0
AVDL,AVAL,R,1.0
AVDL,AVAL,S,1.0
AVDL,AVAL,Sp,12.0
AVDR,AVAL,S,3.0
AVDR,AVAL,Sp,13.0
AVEL,AVAL,S,2.0
AVEL,AVAL,Sp,10.0
AVER,AVAL,S,2.0
AVER,AVAL,Sp,5.0
AVHL,AVAL,Rp,1.0
AVJR,AVAL,Sp,1.0
AWCL,AVAL,Sp,1.0
BAGR,AVAL,S,1.0
BAGR,AVAL,Sp,1.0
BDUR,AVAL,Sp,3.0
DA01,AVAL,R,1.0
DA01,AVAL,Rp,1.0
DA02,AVAL,R,1.0
DA02,AVAL,Rp,1.0
DA03,AVAL,R,1.0
DA03,AVAL,Rp,5.0
DA04,AVAL,R,1.0
DA04,AVAL,Rp,6.0
DA05,AVAL,R,2.0
DA05,AVAL,Rp,5.0
DA06,AVAL,Rp,11.0
DA07,AVAL,Rp,2.0
DA08,AVAL,Rp,4.0
DA09,AVAL,R,2.0
DA09,AVAL,Rp,1.0
DB05,AVAL,R,1.0
DB05,AVAL,Rp,1.0
DB06,AVAL,Rp,1.0
DVA,AVAL,Sp,3.0
DVC,AVAL,Sp,5.0
FLPL,AVAL,S,4.0
FLPL,AVAL,Sp,10.0
FLPR,AVAL,S,2.0
FLPR,AVAL,Sp,10.0
LUAL,AVAL,Rp,1.0
LUAL,AVAL,Sp,5.0
LUAR,AVAL,Sp,3.0
PHBL,AVAL,Sp,9.0
PHBR,AVAL,Sp,7.0
PHCL,AVAL,Sp,1.0
PLMR,AVAL,S,1.0
PLMR,AVAL,Sp,3.0
PQR,AVAL,S,3.0
PQR,AVAL,Sp,5.0
PVCL,AVAL,R,3.0
PVCL,AVAL,Rp,7.0
PVCL,AVAL,S,1.0
PVCL,AVAL,Sp,1.0
PVCR,AVAL,R,2.0
PVCR,AVAL,Rp,4.0
PVCR,AVAL,S,2.0
PVCR,AVAL,Sp,5.0
PVDL,AVAL,Sp,6.0
PVDR,AVAL,Sp,6.0
PVNL,AVAL,Sp,2.0
PVNR,AVAL,S,2.0
PVNR,AVAL,Sp,2.0
PVPL,AVAL,S,1.0
PVPL,AVAL,Sp,1.0
PVPR,AVAL,Sp,1.0
RIBL,AVAL,S,1.0
RIBL,AVAL,Sp,1.0
RICL,AVAL,Sp,5.0
RICR,AVAL,Sp,5.0
RIML,AVAL,Sp,1.0
RIMR,AVAL,Sp,2.0
RMGL,AVAL,Sp,1.0
SAADL,AVAL,Sp,6.0
SAAVL,AVAL,S,1.0
SAAVL,AVAL,Sp,16.0
SDQL,AVAL,S,1.0
SDQL,AVAL,Sp,1.0
SDQR,AVAL,Sp,2.0
SMBDR,AVAL,Sp,1.0
URYVR,AVAL,Sp,1.0
VA02,AVAL,Rp,1.0
VA02,AVAL,S,1.0
VA03,AVAL,Rp,2.0
VA04,AVAL,Rp,2.0
VA05,AVAL,Rp,3.0
VA06,AVAL,Rp,4.0
VA08,AVAL,R,6.0
VA08,AVAL,Rp,3.0
VA09,AVAL,R,7.0
VA10,AVAL,Rp,5.0
VA11,AVAL,Rp,6.0
VA12,AVAL,Rp,2.0
VD06,AVAL,S,1.0
ADAL,AVAR,Sp,2.0
ADEL,AVAR,Sp,3.0
ADER,AVAR,Rp,1.0
ADER,AVAR,Sp,1.0
ADLL,AVAR,Sp,3.0
ADLR,AVAR,Sp,2.0
AIBR,AVAR,Sp,1.0
AQR,AVAR,S,1.0
AQR,AVAR,Sp,2.0
AS01,AVAR,Rp,1.0
AS02,AVAR,R,1.0
AS02,AVAR,Rp,1.0
AS03,AVAR,Rp,1.0
AS04,AVAR,Rp,1.0
AS05,AVAR,Rp,1.0
AS06,AVAR,Rp,2.0
AS07,AVAR,R,3.0
AS08,AVAR,R,5.0
AS08,AVAR,Rp,1.0
AS09,AVAR,R,3.0
AS09,AVAR,Rp,2.0
AS09,AVAR,S,1.0
AS10,AVAR,Rp,1.0
AS11,AVAR,Rp,6.0
ASHR,AVAR,S,1.0
ASHR,AVAR,Sp,4.0
AUAR,AVAR,S,1.0
AVAL,AVAR,Rp,1.0
AVAL,AVAR,Sp,2.0
AS01,AVAR,EJ,2.0
AS03,AVAR,EJ,1.0
AS05,AVAR,EJ,1.0
AS06,AVAR,EJ,1.0
AS07,AVAR,EJ,5.0
AS08,AVAR,EJ,3.0
AS09,AVAR,EJ,1.0
AS10,AVAR,EJ,1.0
AVAL,AVAR,EJ,5.0
DA01,AVAR,EJ,6.0
DA02,AVAR,EJ,2.0
DA03,AVAR,EJ,2.0
DA04,AVAR,EJ,2.0
DA05,AVAR,EJ,5.0
DA06,AVAR,EJ,2.0
DA08,AVAR,EJ,1.0
DB05,AVAR,EJ,2.0
PVCR,AVAR,EJ,3.0
RIML,AVAR,EJ,2.0
RIMR,AVAR,EJ,1.0
SABVL,AVAR,EJ,3.0
SABVR,AVAR,EJ,1.0
URYDR,AVAR,EJ,1.0
URYVL,AVAR,EJ,1.0
VA03,AVAR,EJ,2.0
VA04,AVAR,EJ,3.0
VA05,AVAR,EJ,3.0
VA06,AVAR,EJ,2.0
VA07,AVAR,EJ,4.0
VA08,AVAR,EJ,4.0
VA10,AVAR,EJ,1.0
VA11,AVAR,EJ,7.0
VA12,AVAR,EJ,1.0
VB09,AVAR,EJ,4.0
AVBL,AVAR,R,1.0
AVBL,AVAR,S,5.0
AVBL,AVAR,Sp,2.0
AVBR,AVAR,S,5.0
AVBR,AVAR,Sp,2.0
AVDL,AVAR,R,1.0
AVDL,AVAR,S,2.0
AVDL,AVAR,Sp,17.0
AVDR,AVAR,Rp,2.0
AVDR,AVAR,S,1.0
AVDR,AVAR,Sp,14.0
AVEL,AVAR,Rp,2.0
AVEL,AVAR,S,4.0
AVEL,AVAR,Sp,3.0
AVER,AVAR,Rp,2.0
AVER,AVAR,Sp,16.0
AVG,AVAR,S,1.0
AVG,AVAR,Sp,2.0
AVJL,AVAR,Sp,1.0
AVJR,AVAR,Sp,1.0
BAGL,AVAR,S,1.0
BAGL,AVAR,Sp,1.0
DA01,AVAR,R,1.0
DA01,AVAR,Rp,1.0
DA02,AVAR,Rp,2.0
DA03,AVAR,R,1.0
DA03,AVAR,Rp,2.0
DA04,AVAR,R,2.0
DA04,AVAR,Rp,4.0
DA05,AVAR,Rp,2.0
DA06,AVAR,R,2.0
DA06,AVAR,Rp,9.0
DA07,AVAR,Rp,3.0
DA08,AVAR,R,1.0
DA08,AVAR,Rp,7.0
DA09,AVAR,Rp,2.0
DB03,AVAR,Rp,1.0
DB05,AVAR,Rp,1.0
DB06,AVAR,R,2.0
DB06,AVAR,Rp,3.0
DVA,AVAR,Sp,1.0
DVC,AVAR,Sp,7.0
FLPL,AVAR,Sp,17.0
FLPR,AVAR,Sp,5.0
LUAL,AVAR,Rp,1.0
LUAL,AVAR,S,1.0
LUAL,AVAR,Sp,5.0
LUAR,AVAR,Rp,3.0
LUAR,AVAR,Sp,7.0
PDEL,AVAR,Rp,1.0
PDER,AVAR,Rp,1.0
PHBL,AVAR,Sp,6.0
PHBR,AVAR,Sp,7.0
PLMR,AVAR,Sp,1.0
PQR,AVAR,S,2.0
PQR,AVAR,Sp,9.0
PVCL,AVAR,R,2.0
PVCL,AVAR,Rp,5.0
PVCL,AVAR,Sp,4.0
PVCR,AVAR,Rp,5.0
PVCR,AVAR,Sp,7.0
PVDL,AVAR,Sp,6.0
PVDR,AVAR,Sp,9.0
PVPL,AVAR,S,1.0
PVPL,AVAR,Sp,1.0
PVPR,AVAR,Sp,2.0
PVWR,AVAR,Sp,1.0
RIBR,AVAR,S,2.0
RICL,AVAR,Sp,6.0
RICR,AVAR,Sp,5.0
RIGL,AVAR,Rp,1.0
RMGR,AVAR,Sp,1.0
SAADR,AVAR,Sp,3.0
SAAVR,AVAR,S,4.0
SAAVR,AVAR,Sp,9.0
SABD,AVAR,Rp,1.0
SABVL,AVAR,R,1.0
SABVL,AVAR,Rp,2.0
SDQL,AVAR,Sp,3.0
SMBDL,AVAR,Sp,1.0
VA02,AVAR,R,1.0
VA02,AVAR,Rp,1.0
VA03,AVAR,R,1.0
VA03,AVAR,Rp,4.0
VA04,AVAR,Rp,2.0
VA05,AVAR,Rp,1.0
VA06,AVAR,Rp,3.0
VA08,AVAR,R,9.0
VA08,AVAR,Rp,3.0
VA09,AVAR,R,4.0
VA09,AVAR,Rp,2.0
VA10,AVAR,Rp,4.0
VA11,AVAR,Rp,8.0
VD05,AVAR,S,1.0
VD11,AVAR,S,2.0
VD13,AVAR,Rp,2.0
VD13,AVAR,S,2.0
ADAL,AVBL,Sp,4.0
ADAR,AVBL,S,1.0
ADAR,AVBL,Sp,1.0
ADLL,AVBL,S,2.0
ADLL,AVBL,Sp,2.0
ADLR,AVBL,S,1.0
AIBL,AVBL,S,1.0
AIBL,AVBL,Sp,4.0
AQR,AVBL,S,1.0
AQR,AVBL,Sp,2.0
AS03,AVBL,R,1.0
AS04,AVBL,R,1.0
AS05,AVBL,R,1.0
AS06,AVBL,R,1.0
AS09,AVBL,R,1.0
AS10,AVBL,R,1.0
ASHL,AVBL,Sp,6.0
AVAL,AVBL,R,6.0
AVAL,AVBL,Rp,1.0
AVAR,AVBL,R,5.0
AVAR,AVBL,Rp,2.0
AVAR,AVBL,S,1.0
AQR,AVBL,EJ,1.0
AS07,AVBL,EJ,2.0
AVBR,AVBL,EJ,3.0
DB03,AVBL,EJ,1.0
DB04,AVBL,EJ,1.0
DB05,AVBL,EJ,1.0
DB06,AVBL,EJ,2.0
DB07,AVBL,EJ,2.0
DVA,AVBL,EJ,1.0
RIBL,AVBL,EJ,1.0
RIBR,AVBL,EJ,1.0
RID,AVBL,EJ,1.0
SDQR,AVBL,EJ,1.0
SIBVL,AVBL,EJ,1.0
VB01,AVBL,EJ,1.0
VB02,AVBL,EJ,3.0
VB04,AVBL,EJ,1.0
VB05,AVBL,EJ,1.0
VB06,AVBL,EJ,1.0
VB07,AVBL,EJ,2.0
VB08,AVBL,EJ,7.0
VB09,AVBL,EJ,1.0
VB10,AVBL,EJ,2.0
VB11,AVBL,EJ,2.0
AVBR,AVBL,Rp,1.0
AVBR,AVBL,Sp,1.0
AVDL,AVBL,Rp,1.0
AVDR,AVBL,Rp,2.0
AVDR,AVBL,S,1.0
AVEL,AVBL,R,1.0
AVER,AVBL,Rp,2.0
AVFL,AVBL,Sp,1.0
AVFR,AVBL,Sp,1.0
AVG,AVBL,S,1.0
AVG,AVBL,Sp,1.0
AVHL,AVBL,S,1.0
AVHR,AVBL,Sp,2.0
AVJL,AVBL,Sp,1.0
AVJR,AVBL,S,1.0
AVJR,AVBL,Sp,2.0
AVKL,AVBL,Sp,1.0
AVL,AVBL,R,1.0
AVM,AVBL,Sp,6.0
AWBL,AVBL,S,1.0
DVA,AVBL,Sp,1.0
DVC,AVBL,Sp,1.0
FLPL,AVBL,S,1.0
FLPL,AVBL,Sp,3.0
FLPR,AVBL,Sp,5.0
PVCL,AVBL,Sp,5.0
PVCR,AVBL,S,2.0
PVCR,AVBL,Sp,6.0
PVNR,AVBL,Rp,1.0
PVNR,AVBL,Sp,1.0
PVPL,AVBL,S,2.0
PVPL,AVBL,Sp,3.0
PVPR,AVBL,Sp,4.0
PVQR,AVBL,Sp,1.0
PVR,AVBL,Sp,4.0
RIFL,AVBL,Sp,10.0
RIFR,AVBL,Sp,1.0
RIML,AVBL,Sp,2.0
RIMR,AVBL,Sp,2.0
SDQR,AVBL,S,2.0
SDQR,AVBL,Sp,4.0
URBL,AVBL,S,1.0
URXL,AVBL,Sp,1.0
URXR,AVBL,Sp,1.0
VA02,AVBL,R,1.0
VA07,AVBL,R,1.0
VA10,AVBL,R,1.0
VB02,AVBL,R,1.0
VC03,AVBL,R,1.0
VC04,AVBL,S,1.0
ADAL,AVBR,S,2.0
ADAL,AVBR,Sp,5.0
ADAR,AVBR,Sp,5.0
ADLR,AVBR,S,2.0
AIBR,AVBR,Sp,3.0
AIML,AVBR,Sp,2.0
AQR,AVBR,Sp,4.0
AS01,AVBR,R,1.0
AS03,AVBR,R,1.0
AS04,AVBR,R,1.0
AS05,AVBR,Rp,1.0
AS06,AVBR,R,1.0
AS07,AVBR,Rp,1.0
AS10,AVBR,R,1.0
ASHR,AVBR,Sp,3.0
AVAL,AVBR,R,5.0
AVAL,AVBR,Rp,1.0
AVAL,AVBR,Sp,1.0
AVAR,AVBR,R,5.0
AVAR,AVBR,Rp,2.0
AVBL,AVBR,Rp,1.0
AVBL,AVBR,Sp,1.0
AS06,AVBR,EJ,1.0
AS07,AVBR,EJ,2.0
AVBL,AVBR,EJ,3.0
DB01,AVBR,EJ,3.0
DB02,AVBR,EJ,1.0
DB03,AVBR,EJ,1.0
DB04,AVBR,EJ,1.0
DB05,AVBR,EJ,1.0
DB06,AVBR,EJ,1.0
DB07,AVBR,EJ,1.0
DD01,AVBR,EJ,1.0
DVA,AVBR,EJ,1.0
PVNL,AVBR,EJ,2.0
RIBL,AVBR,EJ,1.0
RIBR,AVBR,EJ,1.0
RID,AVBR,EJ,2.0
SIBVL,AVBR,EJ,1.0
VA08,AVBR,EJ,1.0
VA09,AVBR,EJ,1.0
VB02,AVBR,EJ,1.0
VB03,AVBR,EJ,1.0
VB04,AVBR,EJ,1.0
VB06,AVBR,EJ,2.0
VB07,AVBR,EJ,2.0
VB08,AVBR,EJ,3.0
VB09,AVBR,EJ,6.0
VB10,AVBR,EJ,1.0
VB11,AVBR,EJ,1.0
VD10,AVBR,EJ,1.0
AVFL,AVBR,Sp,2.0
AVFR,AVBR,S,3.0
AVFR,AVBR,Sp,2.0
AVG,AVBR,S,2.0
AVHL,AVBR,Sp,1.0
AVHR,AVBR,Sp,1.0
AVJL,AVBR,Sp,4.0
AVJR,AVBR,Sp,1.0
AVM,AVBR,S,2.0
AVM,AVBR,Sp,4.0
AWBR,AVBR,Sp,2.0
DA05,AVBR,Rp,1.0
FLPL,AVBR,S,1.0
FLPL,AVBR,Sp,4.0
FLPR,AVBR,Sp,1.0
HSNR,AVBR,R,1.0
PVCL,AVBR,S,1.0
PVCL,AVBR,Sp,11.0
PVCR,AVBR,Sp,6.0
PVNL,AVBR,S,1.0
PVNR,AVBR,Sp,2.0
PVPL,AVBR,Sp,6.0
PVPR,AVBR,Sp,5.0
PVR,AVBR,Sp,4.0
RIBL,AVBR,Sp,1.0
RIFL,AVBR,Sp,1.0
RIFR,AVBR,S,3.0
RIFR,AVBR,Sp,14.0
RIML,AVBR,Sp,3.0
RIMR,AVBR,S,1.0
RIMR,AVBR,Sp,4.0
RMGL,AVBR,Sp,2.0
RMGR,AVBR,Sp,1.0
SDQR,AVBR,Sp,4.0
URBR,AVBR,Sp,1.0
URXR,AVBR,Sp,2.0
URYVL,AVBR,Sp,1.0
VA04,AVBR,Rp,1.0
VA09,AVBR,R,1.0
VD03,AVBR,R,1.0
ADAL,AVDL,Sp,1.0
ADLL,AVDL,Sp,1.0
ADLR,AVDL,S,1.0
ADLR,AVDL,Sp,4.0
AIML,AVDL,Sp,1.0
AQR,AVDL,Sp,1.0
AS01,AVDL,R,1.0
AS04,AVDL,Rp,1.0
AS05,AVDL,R,1.0
AS10,AVDL,Rp,1.0
AS11,AVDL,Rp,2.0
ASHL,AVDL,Sp,2.0
ASHR,AVDL,S,1.0
ASHR,AVDL,Sp,4.0
AVAL,AVDL,R,1.0
AVAL,AVDL,Rp,12.0
AVAL,AVDL,S,1.0
AVAR,AVDL,R,2.0
AVAR,AVDL,Rp,17.0
AVAR,AVDL,S,1.0
AVBL,AVDL,Sp,1.0
ADAR,AVDL,EJ,2.0
AVM,AVDL,EJ,2.0
FLPL,AVDL,EJ,1.0
FLPR,AVDL,EJ,1.0
AVDR,AVDL,Sp,2.0
AVHL,AVDL,Sp,1.0
AVJL,AVDL,Sp,1.0
AVJR,AVDL,Sp,1.0
DA01,AVDL,Rp,1.0
DA02,AVDL,R,1.0
DA03,AVDL,R,4.0
DA04,AVDL,R,1.0
DA04,AVDL,Rp,1.0
DA05,AVDL,Rp,1.0
DA08,AVDL,R,1.0
FLPL,AVDL,Sp,6.0
FLPR,AVDL,S,2.0
FLPR,AVDL,Sp,8.0
LUAL,AVDL,Rp,1.0
LUAL,AVDL,Sp,4.0
LUAR,AVDL,Sp,1.0
PHBL,AVDL,Sp,1.0
PHBR,AVDL,Sp,1.0
PLMR,AVDL,S,1.0
PQR,AVDL,Sp,7.0
PVCL,AVDL,Rp,1.0
PVCL,AVDL,Sp,5.0
PVCR,AVDL,Sp,5.0
PVNL,AVDL,Sp,3.0
RMGR,AVDL,Sp,1.0
SABD,AVDL,R,1.0
SABD,AVDL,Rp,1.0
SABVL,AVDL,Rp,1.0
SABVR,AVDL,Rp,1.0
VA04,AVDL,S,1.0
VA05,AVDL,R,1.0
VA05,AVDL,Rp,1.0
ADER,AVDR,Sp,2.0
ADLL,AVDR,Sp,4.0
ADLR,AVDR,Sp,2.0
AIML,AVDR,Sp,1.0
AIMR,AVDR,Sp,1.0
ALML,AVDR,Sp,1.0
AQR,AVDR,Sp,1.0
AS05,AVDR,R,1.0
AS10,AVDR,R,1.0
ASHL,AVDR,S,2.0
ASHL,AVDR,Sp,2.0
ASHR,AVDR,Sp,1.0
AUAL,AVDR,Sp,1.0
AVAL,AVDR,R,3.0
AVAL,AVDR,Rp,13.0
AVAR,AVDR,R,1.0
AVAR,AVDR,Rp,14.0
AVAR,AVDR,Sp,2.0
AVBL,AVDR,R,1.0
AVBL,AVDR,Sp,2.0
AVDL,AVDR,Rp,2.0
ADAL,AVDR,EJ,2.0
ADLL,AVDR,EJ,1.0
AVJL,AVDR,EJ,2.0
FLPR,AVDR,EJ,1.0
AVER,AVDR,Sp,1.0
AVG,AVDR,S,1.0
AVHR,AVDR,Sp,1.0
AVJR,AVDR,S,1.0
AVJR,AVDR,Sp,2.0
DA01,AVDR,Rp,2.0
DA02,AVDR,R,1.0
DA03,AVDR,R,1.0
DA03,AVDR,Rp,1.0
DA04,AVDR,R,1.0
DA04,AVDR,Rp,1.0
DA05,AVDR,R,2.0
DA08,AVDR,Rp,1.0
DA09,AVDR,R,1.0
DB04,AVDR,R,1.0
DVC,AVDR,R,1.0
FLPL,AVDR,Sp,13.0
FLPR,AVDR,Sp,1.0
HSNL,AVDR,Sp,2.0
HSNR,AVDR,Sp,1.0
LUAL,AVDR,Rp,2.0
LUAL,AVDR,Sp,2.0
LUAR,AVDR,Sp,3.0
PHAL,AVDR,Sp,1.0
PHBR,AVDR,Sp,1.0
PLMR,AVDR,Sp,4.0
PQR,AVDR,R,1.0
PQR,AVDR,Sp,6.0
PVCL,AVDR,Sp,2.0
PVCR,AVDR,Sp,1.0
PVNL,AVDR,Sp,3.0
PVNR,AVDR,Sp,1.0
PVPL,AVDR,Sp,2.0
PVWR,AVDR,Sp,1.0
RIBL,AVDR,Sp,1.0
SABD,AVDR,Rp,1.0
SABVL,AVDR,Rp,3.0
SABVR,AVDR,Rp,1.0
VA02,AVDR,R,1.0
VA03,AVDR,R,2.0
VA06,AVDR,Rp,1.0
VA11,AVDR,Rp,1.0
ADAL,AVEL,Sp,1.0
ADAR,AVEL,Sp,1.0
ADEL,AVEL,Sp,1.0
AIBR,AVEL,Sp,1.0
AIZR,AVEL,Sp,4.0
ALA,AVEL,Sp,2.0
ALML,AVEL,Sp,1.0
AS01,AVEL,Rp,1.0
AUAL,AVEL,Sp,3.0
AVAL,AVEL,R,2.0
AVAL,AVEL,Rp,10.0
AVAR,AVEL,R,4.0
AVAR,AVEL,Rp,3.0
AVAR,AVEL,Sp,2.0
AVBL,AVEL,S,1.0
AVER,AVEL,EJ,1.0
RIML,AVEL,EJ,2.0
RIMR,AVEL,EJ,3.0
RMDVR,AVEL,EJ,1.0
RMEV,AVEL,EJ,1.0
AVG,AVEL,Sp,1.0
AVJL,AVEL,S,1.0
AVKL,AVEL,Sp,2.0
AVL,AVEL,Sp,1.0
BAGL,AVEL,Sp,1.0
BAGR,AVEL,S,2.0
BAGR,AVEL,Sp,2.0
CEPDR,AVEL,Sp,6.0
CEPVR,AVEL,S,1.0
CEPVR,AVEL,Sp,4.0
DA01,AVEL,Rp,5.0
DA02,AVEL,Rp,1.0
DA03,AVEL,R,1.0
DA03,AVEL,Rp,2.0
DA04,AVEL,Rp,1.0
DVA,AVEL,S,3.0
DVA,AVEL,Sp,6.0
FLPR,AVEL,Sp,4.0
IL1R,AVEL,Sp,1.0
IL2L,AVEL,Sp,1.0
OLLR,AVEL,S,1.0
OLLR,AVEL,Sp,15.0
PVCL,AVEL,Sp,2.0
PVCR,AVEL,Rp,1.0
PVCR,AVEL,Sp,1.0
PVNL,AVEL,S,1.0
PVNR,AVEL,S,2.0
PVNR,AVEL,Sp,1.0
PVT,AVEL,Rp,1.0
RIBL,AVEL,S,1.0
RIBL,AVEL,Sp,1.0
RIBR,AVEL,S,2.0
RIBR,AVEL,Sp,1.0
RIGL,AVEL,S,1.0
RIGL,AVEL,Sp,1.0
RIS,AVEL,Sp,7.0
RMGL,AVEL,Sp,2.0
SABD,AVEL,Rp,6.0
SABVL,AVEL,Rp,7.0
SABVR,AVEL,Rp,3.0
SDQL,AVEL,Sp,1.0
URXL,AVEL,S,3.0
URXL,AVEL,Sp,1.0
URYDR,AVEL,Sp,2.0
URYVR,AVEL,Sp,6.0
VA01,AVEL,Rp,5.0
VA03,AVEL,R,1.0
VA03,AVEL,Rp,2.0
VD02,AVEL,Rp,1.0
VD03,AVEL,Rp,1.0
ADER,AVER,S,1.0
AIML,AVER,Sp,1.0
AIZL,AVER,Sp,5.0
AIZR,AVER,S,1.0
AIZR,AVER,Sp,1.0
ALA,AVER,S,1.0
ALA,AVER,Sp,1.0
AS01,AVER,R,1.0
AS01,AVER,Rp,2.0
AS02,AVER,Rp,2.0
AS03,AVER,R,1.0
ASHR,AVER,Sp,3.0
AUAR,AVER,S,1.0
AUAR,AVER,Sp,3.0
AVAL,AVER,R,2.0
AVAL,AVER,Rp,5.0
AVAR,AVER,Rp,16.0
AVAR,AVER,Sp,2.0
AVBL,AVER,Sp,2.0
AVDR,AVER,Rp,1.0
AVEL,AVER,EJ,1.0
RIML,AVER,EJ,3.0
RIMR,AVER,EJ,2.0
RMDVL,AVER,EJ,1.0
RMDVR,AVER,EJ,1.0
RMEV,AVER,EJ,1.0
AVG,AVER,Sp,1.0
AVJR,AVER,S,1.0
AVJR,AVER,Sp,2.0
AVKL,AVER,Sp,1.0
BAGL,AVER,S,1.0
BAGL,AVER,Sp,3.0
CEPDL,AVER,S,1.0
CEPDL,AVER,Sp,4.0
CEPVL,AVER,S,1.0
CEPVL,AVER,Sp,2.0
DA01,AVER,Rp,5.0
DA02,AVER,R,1.0
DA02,AVER,Rp,2.0
DA03,AVER,R,1.0
DB03,AVER,Rp,1.0
DVA,AVER,S,2.0
DVA,AVER,Sp,3.0
FLPR,AVER,Sp,2.0
IL1L,AVER,Sp,2.0
IL1R,AVER,Sp,1.0
OLLL,AVER,S,3.0
OLLL,AVER,Sp,18.0
PVCL,AVER,Sp,1.0
PVCR,AVER,Sp,1.0
PVPL,AVER,Sp,1.0
RIBL,AVER,S,3.0
RIBL,AVER,Sp,2.0
RIBR,AVER,S,1.0
RIBR,AVER,Sp,1.0
RIGL,AVER,Sp,1.0
RIGR,AVER,S,2.0
RIS,AVER,Sp,7.0
RMGR,AVER,Sp,3.0
SABD,AVER,Rp,2.0
SABVL,AVER,Rp,3.0
SABVR,AVER,Rp,3.0
URXR,AVER,S,2.0
URYDL,AVER,Sp,2.0
URYDR,AVER,Sp,2.0
URYVL,AVER,Sp,5.0
VA01,AVER,Rp,1.0
VA02,AVER,Rp,1.0
VA03,AVER,R,2.0
VA04,AVER,Rp,1.0
VA05,AVER,R,1.0
AIML,AVFL,S,1.0
AIML,AVFL,Sp,3.0
AIMR,AVFL,S,1.0
AIMR,AVFL,Sp,1.0
AVBL,AVFL,Rp,1.0
AVBR,AVFL,Rp,2.0
AVFR,AVFL,EJ,23.0
AVHL,AVFL,EJ,2.0
AVHR,AVFL,EJ,3.0
PVQR,AVFL,EJ,1.0
AVFR,AVFL,R,1.0
AVFR,AVFL,Rp,6.0
AVFR,AVFL,Sp,1.0
AVG,AVFL,R,1.0
AVG,AVFL,Rp,1.0
AVG,AVFL,S,1.0
AVHL,AVFL,Rp,2.0
AVHL,AVFL,Sp,1.0
AVHR,AVFL,R,3.0
AVHR,AVFL,Rp,1.0
AVHR,AVFL,Sp,2.0
AVJL,AVFL,Rp,1.0
AVJR,AVFL,R,1.0
AVL,AVFL,Rp,1.0
HSNL,AVFL,Rp,1.0
HSNL,AVFL,S,1.0
HSNL,AVFL,Sp,5.0
HSNR,AVFL,S,1.0
HSNR,AVFL,Sp,1.0
PDER,AVFL,Rp,1.0
PHAL,AVFL,Sp,3.0
PHBR,AVFL,Sp,1.0
PVNL,AVFL,Rp,2.0
PVQL,AVFL,Rp,1.0
PVQR,AVFL,Rp,1.0
RIFR,AVFL,Sp,1.0
VB01,AVFL,R,1.0
VB01,AVFL,Rp,0.0
VC05,AVFL,S,1.0
AIML,AVFR,Sp,1.0
AIMR,AVFR,S,1.0
AIMR,AVFR,Sp,1.0
ASJL,AVFR,Rp,1.0
ASKL,AVFR,Rp,1.0
AVBL,AVFR,Rp,1.0
AVBR,AVFR,R,3.0
AVBR,AVFR,Rp,2.0
avfl,avfr,Rp,1.0
AVFL,AVFR,S,1.0
AVFL,AVFR,Sp,6.0
AVFL,AVFR,EJ,23.0
AVHL,AVFR,EJ,2.0
AVHR,AVFR,EJ,1.0
VC04,AVFR,EJ,1.0
AVHL,AVFR,Rp,2.0
AVHL,AVFR,Sp,3.0
AVHR,AVFR,R,1.0
AVHR,AVFR,Sp,1.0
AVJL,AVFR,Rp,2.0
AVJL,AVFR,Sp,1.0
AVJR,AVFR,Rp,1.0
AVL,AVFR,Sp,1.0
HSNR,AVFR,R,1.0
PVNL,AVFR,Sp,1.0
PVQL,AVFR,Rp,1.0
PVQR,AVFR,Sp,1.0
VC05,AVFR,S,1.0
VD11,AVFR,R,1.0
AVAR,AVG,R,1.0
AVAR,AVG,Rp,2.0
AVBL,AVG,R,1.0
AVBL,AVG,Rp,1.0
AVBR,AVG,R,2.0
AVDR,AVG,R,1.0
AVEL,AVG,Rp,1.0
AVER,AVG,Rp,1.0
AVFL,AVG,R,1.0
AVFL,AVG,S,1.0
AVFL,AVG,Sp,1.0
RIFL,AVG,EJ,1.0
RIFR,AVG,EJ,1.0
AVJL,AVG,Rp,1.0
AVL,AVG,Rp,1.0
DA08,AVG,Rp,1.0
PHAL,AVG,Rp,2.0
PHAL,AVG,S,1.0
PHAL,AVG,Sp,4.0
PHAR,AVG,S,1.0
PHAR,AVG,Sp,2.0
PQR,AVG,S,1.0
PVCL,AVG,Rp,1.0
PVNL,AVG,Sp,1.0
PVNR,AVG,R,1.0
PVNR,AVG,Rp,1.0
PVPR,AVG,Rp,1.0
PVQR,AVG,Rp,1.0
PVT,AVG,R,1.0
VA11,AVG,R,1.0
ADFR,AVHL,Rp,3.0
AIML,AVHL,Sp,2.0
AVAL,AVHL,Sp,1.0
AVBL,AVHL,R,1.0
AVBR,AVHL,Rp,1.0
AVDL,AVHL,Rp,1.0
AVFL,AVHL,Rp,1.0
AVFL,AVHL,Sp,2.0
AVFR,AVHL,Rp,3.0
AVFR,AVHL,Sp,2.0
AVFL,AVHL,EJ,2.0
AVFR,AVHL,EJ,2.0
AVHR,AVHL,EJ,1.0
PHBR,AVHL,EJ,1.0
AVHR,AVHL,Rp,1.0
AVHR,AVHL,Sp,1.0
AVJL,AVHL,R,2.0
AVJL,AVHL,Rp,1.0
AVJL,AVHL,Sp,2.0
AWBR,AVHL,Rp,1.0
BDUL,AVHL,Sp,1.0
BDUR,AVHL,Sp,1.0
PHAL,AVHL,Sp,1.0
PVPR,AVHL,Rp,2.0
PVPR,AVHL,Sp,3.0
PVQL,AVHL,R,1.0
PVQR,AVHL,Rp,2.0
RIFR,AVHL,Sp,1.0
RIMR,AVHL,Rp,1.0
RIR,AVHL,Rp,3.0
SMBDR,AVHL,Rp,1.0
SMBVR,AVHL,Rp,2.0
VD01,AVHL,Rp,1.0
ADLL,AVHR,Rp,1.0
ADLR,AVHR,Rp,2.0
AIML,AVHR,Sp,1.0
AQR,AVHR,Rp,2.0
AVBL,AVHR,Rp,2.0
AVBR,AVHR,Rp,1.0
AVDR,AVHR,Rp,1.0
AVFL,AVHR,Rp,2.0
AVFL,AVHR,S,3.0
AVFL,AVHR,Sp,1.0
AVFR,AVHR,Rp,1.0
AVFR,AVHR,S,1.0
AVHL,AVHR,Rp,1.0
AVHL,AVHR,Sp,1.0
AVFL,AVHR,EJ,3.0
AVFR,AVHR,EJ,1.0
AVHL,AVHR,EJ,1.0
AVJR,AVHR,Rp,4.0
PHAL,AVHR,Sp,1.0
PHAR,AVHR,Sp,1.0
PHCR,AVHR,Sp,1.0
PVNL,AVHR,Rp,1.0
PVPL,AVHR,Rp,3.0
PVPL,AVHR,Sp,1.0
RIFL,AVHR,Sp,1.0
RIGL,AVHR,Rp,1.0
RIR,AVHR,R,1.0
RIR,AVHR,Rp,3.0
SMBDL,AVHR,Rp,1.0
SMBVL,AVHR,Rp,1.0
VC04,AVHR,S,1.0
ADAR,AVJL,S,1.0
ADAR,AVJL,Sp,2.0
ADLL,AVJL,Sp,1.0
AIML,AVJL,Sp,1.0
AQR,AVJL,Sp,1.0
AVAR,AVJL,Rp,1.0
AVBL,AVJL,Rp,1.0
AVBR,AVJL,Rp,4.0
AVDL,AVJL,Rp,1.0
AVEL,AVJL,R,1.0
AVFL,AVJL,Sp,1.0
AVFR,AVJL,Rp,1.0
AVFR,AVJL,S,1.0
AVFR,AVJL,Sp,1.0
AVG,AVJL,Sp,1.0
AVHL,AVJL,Rp,2.0
AVHL,AVJL,S,2.0
AVHL,AVJL,Sp,1.0
AVAL,AVJL,EJ,2.0
AVDR,AVJL,EJ,2.0
AVJR,AVJL,EJ,4.0
PVCL,AVJL,EJ,1.0
PVCR,AVJL,EJ,3.0
RIS,AVJL,EJ,1.0
AVJR,AVJL,Sp,1.0
BDUR,AVJL,Sp,2.0
HSNL,AVJL,S,1.0
HSNL,AVJL,Sp,1.0
HSNR,AVJL,R,1.0
HSNR,AVJL,Sp,1.0
LUAL,AVJL,Sp,1.0
PLMR,AVJL,Rp,2.0
PVCL,AVJL,Rp,1.0
PVCL,AVJL,S,1.0
PVCL,AVJL,Sp,2.0
PVCR,AVJL,Rp,2.0
PVNL,AVJL,Sp,5.0
PVNR,AVJL,Rp,1.0
PVNR,AVJL,Sp,4.0
PVR,AVJL,S,1.0
PVR,AVJL,Sp,2.0
PVWL,AVJL,Sp,1.0
RIFR,AVJL,Rp,1.0
RIFR,AVJL,Sp,1.0
RIMR,AVJL,Sp,1.0
RIS,AVJL,Rp,1.0
RMGR,AVJL,Sp,1.0
ADAL,AVJR,Sp,5.0
ADER,AVJR,Sp,1.0
ADLL,AVJR,Sp,3.0
ADLR,AVJR,S,1.0
ADLR,AVJR,Sp,1.0
AVAL,AVJR,Rp,1.0
AVAR,AVJR,Rp,1.0
AVBL,AVJR,R,1.0
AVBL,AVJR,Rp,2.0
AVBR,AVJR,Rp,1.0
AVDL,AVJR,Rp,1.0
AVDR,AVJR,R,1.0
AVDR,AVJR,Rp,2.0
AVER,AVJR,R,1.0
AVER,AVJR,Rp,2.0
AVFL,AVJR,S,1.0
AVFR,AVJR,Sp,1.0
AVHR,AVJR,Sp,4.0
AVJL,AVJR,Rp,1.0
AVJL,AVJR,EJ,4.0
PVCL,AVJR,EJ,1.0
AVM,AVJR,Sp,1.0
BDUL,AVJR,Sp,1.0
FLPR,AVJR,S,1.0
LUAR,AVJR,Sp,1.0
PVCL,AVJR,Rp,2.0
PVCL,AVJR,S,1.0
PVCR,AVJR,R,1.0
PVCR,AVJR,Rp,3.0
PVNL,AVJR,S,2.0
PVNL,AVJR,Sp,3.0
PVNR,AVJR,Sp,1.0
PVQR,AVJR,R,1.0
PVR,AVJR,Sp,2.0
RIFL,AVJR,Sp,2.0
RIFR,AVJR,Sp,2.0
SABVL,AVJR,Rp,1.0
URXL,AVJR,Sp,1.0
ADER,AVKL,S,1.0
ADER,AVKL,Sp,1.0
AVBL,AVKL,Rp,1.0
AVEL,AVKL,Rp,2.0
AVER,AVKL,Rp,1.0
ADER,AVKL,EJ,1.0
AQR,AVKL,EJ,2.0
AVKR,AVKL,EJ,2.0
PVPL,AVKL,EJ,1.0
PVPR,AVKL,EJ,1.0
PVT,AVKL,EJ,2.0
RICL,AVKL,EJ,1.0
RICR,AVKL,EJ,1.0
RIGL,AVKL,EJ,1.0
SMBDL,AVKL,EJ,1.0
SMBDR,AVKL,EJ,1.0
SMBVR,AVKL,EJ,1.0
VB01,AVKL,EJ,4.0
VB10,AVKL,EJ,1.0
AVM,AVKL,R,1.0
DVA,AVKL,R,1.0
DVC,AVKL,Sp,2.0
PDEL,AVKL,R,2.0
PDEL,AVKL,Rp,1.0
PDEL,AVKL,S,1.0
PDEL,AVKL,Sp,5.0
PDER,AVKL,Rp,1.0
PDER,AVKL,Sp,16.0
PVM,AVKL,R,1.0
PVM,AVKL,S,7.0
PVM,AVKL,Sp,4.0
PVR,AVKL,S,1.0
PVT,AVKL,S,2.0
PVT,AVKL,Sp,5.0
RIGR,AVKL,Sp,4.0
RIML,AVKL,Rp,2.0
RIMR,AVKL,Rp,1.0
RIMR,AVKL,Sp,1.0
RIS,AVKL,S,1.0
RMDR,AVKL,Sp,1.0
RMFL,AVKL,Sp,4.0
RMFR,AVKL,Rp,1.0
RMFR,AVKL,Sp,3.0
SAADR,AVKL,R,1.0
SIAVR,AVKL,Rp,1.0
SMDDR,AVKL,Rp,1.0
ADER,AVKR,Sp,1.0
ADEL,AVKR,EJ,1.0
AQR,AVKR,EJ,1.0
AVKL,AVKR,EJ,2.0
PVPL,AVKR,EJ,6.0
RICL,AVKR,EJ,1.0
RIGR,AVKR,EJ,1.0
SMBDL,AVKR,EJ,1.0
SMBDR,AVKR,EJ,2.0
SMBVR,AVKR,EJ,1.0
BDUL,AVKR,R,1.0
DVC,AVKR,Sp,1.0
PVQL,AVKR,R,1.0
PVT,AVKR,Sp,7.0
RICL,AVKR,Sp,1.0
RIGL,AVKR,Sp,2.0
RIGR,AVKR,Sp,1.0
RIML,AVKR,Rp,2.0
RIMR,AVKR,Rp,2.0
RIS,AVKR,Sp,4.0
RMDR,AVKR,R,1.0
RMFL,AVKR,Rp,1.0
RMFL,AVKR,Sp,4.0
RMFR,AVKR,Sp,3.0
SAADL,AVKR,Rp,1.0
SMBDL,AVKR,R,1.0
SMDDL,AVKR,Rp,1.0
SMDDR,AVKR,Rp,2.0
ADEL,AVL,S,1.0
AVBL,AVL,S,1.0
AVEL,AVL,Rp,1.0
AVFL,AVL,Sp,1.0
AVFR,AVL,Rp,1.0
AVG,AVL,Sp,1.0
DVB,AVL,EJ,1.0
DVC,AVL,EJ,9.0
PVM,AVL,EJ,1.0
DA02,AVL,R,1.0
DD01,AVL,R,1.0
DD06,AVL,Rp,2.0
DVB,AVL,S,2.0
DVB,AVL,Sp,3.0
HSNR,AVL,R,1.0
HSNR,AVL,S,1.0
PVCR,AVL,S,1.0
PVNL,AVL,Sp,2.0
PVNR,AVL,Sp,2.0
PVPR,AVL,R,1.0
PVPR,AVL,S,1.0
PVPR,AVL,Sp,3.0
PVQR,AVL,Sp,1.0
PVT,AVL,Sp,2.0
PVWL,AVL,Rp,1.0
RIS,AVL,Sp,2.0
SABD,AVL,Rp,5.0
SABVL,AVL,Rp,4.0
SABVR,AVL,Rp,3.0
VC01,AVL,Sp,2.0
VC03,AVL,Sp,1.0
VD12,AVL,Rp,4.0
ADER,AVM,R,1.0
ADER,AVM,Rp,1.0
AVBL,AVM,Rp,6.0
AVBR,AVM,R,2.0
AVBR,AVM,Rp,4.0
AVJR,AVM,Rp,1.0
AVKL,AVM,S,1.0
ALML,AVM,EJ,1.0
ALMR,AVM,EJ,1.0
AVDL,AVM,EJ,2.0
BDUL,AVM,R,2.0
BDUL,AVM,Rp,1.0
BDUR,AVM,R,2.0
BDUR,AVM,Rp,2.0
DA01,AVM,Rp,1.0
PVCL,AVM,Rp,4.0
PVCR,AVM,R,1.0
PVCR,AVM,Rp,4.0
PVM,AVM,Sp,1.0
PVNL,AVM,Rp,1.0
PVR,AVM,Rp,3.0
RID,AVM,Rp,1.0
SIBVL,AVM,Rp,1.0
VA01,AVM,Rp,2.0
ADAL,AWAL,R,1.0
AFDL,AWAL,R,1.0
AFDL,AWAL,Rp,4.0
AIYL,AWAL,Rp,1.0
AIYL,AWAL,Sp,3.0
AIZL,AWAL,R,3.0
AIZL,AWAL,Rp,7.0
ASEL,AWAL,Rp,4.0
ASGL,AWAL,Rp,1.0
AIAL,AWAL,EJ,1.0
AWAR,AWAL,EJ,1.0
AWBL,AWAL,Rp,1.0
ADFR,AWAR,Rp,3.0
AFDR,AWAR,R,1.0
AFDR,AWAR,Rp,6.0
AIAR,AWAR,Sp,1.0
AIYR,AWAR,Rp,2.0
AIYR,AWAR,Sp,1.0
AIZR,AWAR,R,2.0
AIZR,AWAR,Rp,5.0
ASEL,AWAR,Rp,1.0
ASER,AWAR,Rp,2.0
ASER,AWAR,Sp,1.0
ASKR,AWAR,Sp,1.0
AUAR,AWAR,R,1.0
AIAR,AWAR,EJ,1.0
AIZR,AWAR,EJ,1.0
AWAL,AWAR,EJ,1.0
AWBR,AWAR,Rp,1.0
PVQR,AWAR,Sp,2.0
RIFR,AWAR,Rp,2.0
RIGR,AWAR,R,1.0
RIR,AWAR,Rp,2.0
ADFL,AWBL,R,1.0
ADFL,AWBL,Rp,8.0
ADLL,AWBL,S,2.0
AIBR,AWBL,Rp,1.0
AIZL,AWBL,R,3.0
AIZL,AWBL,Rp,6.0
AVBL,AWBL,R,1.0
AWAL,AWBL,Sp,1.0
AUAL,AWBL,EJ,1.0
AWBR,AWBL,EJ,1.0
RMGL,AWBL,EJ,1.0
HSNL,AWBL,S,1.0
HSNL,AWBL,Sp,1.0
HSNR,AWBL,Sp,1.0
RIAL,AWBL,R,1.0
RIAL,AWBL,Rp,2.0
SMBDL,AWBL,Rp,1.0
ADFR,AWBR,R,1.0
ADFR,AWBR,Rp,3.0
ADFR,AWBR,S,1.0
AIZR,AWBR,R,1.0
AIZR,AWBR,Rp,3.0
ASGR,AWBR,R,1.0
ASHR,AWBR,Rp,2.0
AVBR,AWBR,Rp,2.0
AVHL,AWBR,Sp,1.0
AWAR,AWBR,Sp,1.0
AUAR,AWBR,EJ,1.0
AWBL,AWBR,EJ,1.0
RICL,AWBR,EJ,1.0
RMGR,AWBR,EJ,1.0
HSNL,AWBR,Sp,2.0
RIAR,AWBR,Rp,1.0
RIR,AWBR,Rp,2.0
RIR,AWBR,Sp,1.0
SMBVR,AWBR,Rp,1.0
AIAL,AWCL,R,2.0
AIAR,AWCL,R,3.0
AIAR,AWCL,Rp,1.0
AIAR,AWCL,Sp,1.0
AIBL,AWCL,R,1.0
AIBL,AWCL,Rp,1.0
AIBR,AWCL,Rp,1.0
AIYL,AWCL,R,7.0
AIYL,AWCL,Rp,3.0
AIYL,AWCL,Sp,1.0
ASEL,AWCL,Rp,1.0
ASEL,AWCL,Sp,4.0
ASER,AWCL,Sp,1.0
ASIL,AWCL,S,1.0
ASIL,AWCL,Sp,1.0
ASIR,AWCL,Sp,1.0
AVAL,AWCL,Rp,1.0
AWCR,AWCL,Rp,1.0
AWCR,AWCL,S,1.0
AWCR,AWCL,Sp,4.0
RIAL,AWCL,R,2.0
RIAL,AWCL,Rp,1.0
ADLR,AWCR,Sp,3.0
AIAL,AWCR,Sp,1.0
AIAR,AWCR,R,1.0
AIAR,AWCR,Rp,1.0
AIAR,AWCR,S,1.0
AIAR,AWCR,Sp,2.0
AIBR,AWCR,Rp,4.0
AIYL,AWCR,R,1.0
AIYL,AWCR,Rp,3.0
AIYL,AWCR,Sp,1.0
AIYR,AWCR,R,3.0
AIYR,AWCR,Rp,6.0
ASEL,AWCR,Rp,1.0
ASEL,AWCR,Sp,1.0
ASER,AWCR,Sp,1.0
ASGR,AWCR,Rp,1.0
ASIL,AWCR,S,1.0
ASIL,AWCR,Sp,1.0
ASIR,AWCR,S,1.0
ASIR,AWCR,Sp,1.0
AWCL,AWCR,R,1.0
AWCL,AWCR,Rp,4.0
AWCL,AWCR,Sp,1.0
AIBL,BAGL,Rp,1.0
AINL,BAGL,Sp,3.0
AQR,BAGL,Sp,2.0
AVAR,BAGL,R,1.0
AVAR,BAGL,Rp,1.0
AVEL,BAGL,Rp,1.0
AVER,BAGL,R,1.0
AVER,BAGL,Rp,3.0
BAGR,BAGL,EJ,1.0
RIGR,BAGL,EJ,1.0
RIR,BAGL,EJ,1.0
BAGR,BAGL,Rp,1.0
RIAR,BAGL,R,2.0
RIAR,BAGL,Rp,3.0
RIBL,BAGL,R,1.0
RIBR,BAGL,R,1.0
RIBR,BAGL,Rp,6.0
RIBR,BAGL,S,1.0
RIBR,BAGL,Sp,1.0
RIGL,BAGL,R,1.0
RIGR,BAGL,R,3.0
RIGR,BAGL,Rp,1.0
AINR,BAGR,Sp,3.0
AIYL,BAGR,Rp,1.0
AQR,BAGR,Sp,2.0
AVAL,BAGR,R,1.0
AVAL,BAGR,Rp,1.0
AVEL,BAGR,R,2.0
AVEL,BAGR,Rp,2.0
BAGL,BAGR,Sp,1.0
BAGL,BAGR,EJ,1.0
RIGL,BAGR,EJ,1.0
RIR,BAGR,EJ,1.0
IL2VL,BAGR,Sp,1.0
RIAL,BAGR,R,2.0
RIAL,BAGR,Rp,3.0
RIBL,BAGR,R,1.0
RIBL,BAGR,Rp,3.0
RIBL,BAGR,Sp,1.0
RIGL,BAGR,R,2.0
RIGL,BAGR,Rp,3.0
RIGL,BAGR,Sp,1.0
RIH,BAGR,Sp,1.0
RIR,BAGR,Sp,1.0
ADEL,BDUL,R,3.0
ADEL,BDUL,Sp,1.0
ALML,BDUL,S,5.0
ALML,BDUL,Sp,1.0
AVHL,BDUL,Rp,1.0
AVJR,BDUL,Rp,1.0
AVKR,BDUL,S,1.0
AVM,BDUL,S,2.0
AVM,BDUL,Sp,1.0
HSNL,BDUL,Rp,1.0
PVNL,BDUL,R,2.0
PVNL,BDUL,S,1.0
PVNL,BDUL,Sp,1.0
PVNR,BDUL,Rp,2.0
PVNR,BDUL,Sp,1.0
SAADL,BDUL,Rp,1.0
URADL,BDUL,Rp,1.0
ADER,BDUR,R,1.0
ALMR,BDUR,Rp,1.0
ALMR,BDUR,S,5.0
AVAL,BDUR,Rp,3.0
AVHL,BDUR,Rp,1.0
AVJL,BDUR,Rp,2.0
AVM,BDUR,S,2.0
AVM,BDUR,Sp,2.0
CEPDR,BDUR,S,1.0
HSNR,BDUR,R,1.0
HSNR,BDUR,Rp,3.0
HSNR,BDUR,Sp,1.0
PVCL,BDUR,R,1.0
PVCL,BDUR,Rp,1.0
PVNL,BDUR,R,2.0
PVNL,BDUR,Rp,2.0
PVNL,BDUR,Sp,2.0
PVNR,BDUR,Rp,1.0
PVNR,BDUR,S,2.0
PVNR,BDUR,Sp,2.0
SDQL,BDUR,Rp,1.0
URADR,BDUR,Rp,1.0
ADEL,CEPDL,S,1.0
ALML,CEPDL,S,3.0
AVER,CEPDL,R,1.0
AVER,CEPDL,Rp,4.0
OLQDL,CEPDL,EJ,1.0
RIH,CEPDL,EJ,1.0
IL1DL,CEPDL,Rp,4.0
OLLL,CEPDL,Rp,2.0
OLLL,CEPDL,Sp,3.0
OLQDL,CEPDL,Rp,6.0
RIBL,CEPDL,Rp,2.0
RICL,CEPDL,R,1.0
RICL,CEPDL,Rp,1.0
RICR,CEPDL,R,2.0
RICR,CEPDL,Rp,2.0
RIH,CEPDL,S,1.0
RIPL,CEPDL,Rp,2.0
RIS,CEPDL,Rp,1.0
RMDVL,CEPDL,R,1.0
RMDVL,CEPDL,Rp,2.0
RMGL,CEPDL,R,1.0
RMGL,CEPDL,Rp,3.0
RMGL,CEPDL,Sp,1.0
RMHR,CEPDL,R,1.0
RMHR,CEPDL,Rp,3.0
SIADR,CEPDL,R,1.0
SIADR,CEPDL,Rp,1.0
SMBDR,CEPDL,Rp,1.0
URADL,CEPDL,Rp,2.0
URBL,CEPDL,Rp,4.0
URBL,CEPDL,S,1.0
URYDL,CEPDL,Rp,2.0
ADER,CEPDR,S,1.0
ALMR,CEPDR,S,1.0
AVEL,CEPDR,Rp,6.0
BDUR,CEPDR,R,1.0
OLQDR,CEPDR,EJ,2.0
RIH,CEPDR,EJ,1.0
IL1DR,CEPDR,Rp,5.0
IL1R,CEPDR,Rp,1.0
IL2DR,CEPDR,Sp,1.0
OLLR,CEPDR,R,1.0
OLLR,CEPDR,Rp,7.0
OLLR,CEPDR,S,1.0
OLLR,CEPDR,Sp,1.0
OLQDR,CEPDR,Rp,5.0
RIBR,CEPDR,Rp,1.0
RICL,CEPDR,Rp,4.0
RICR,CEPDR,Rp,3.0
RIH,CEPDR,S,1.0
RIS,CEPDR,Rp,1.0
RIS,CEPDR,Sp,1.0
RMDDL,CEPDR,Rp,1.0
RMDVR,CEPDR,Rp,2.0
RMGR,CEPDR,R,1.0
RMHL,CEPDR,Rp,4.0
RMHR,CEPDR,Rp,1.0
SIADL,CEPDR,R,1.0
SMBDR,CEPDR,Rp,1.0
URADR,CEPDR,Rp,1.0
URBR,CEPDR,Rp,2.0
URBR,CEPDR,S,1.0
URYDR,CEPDR,Rp,1.0
ADLL,CEPVL,Rp,1.0
ALML,CEPVL,Sp,2.0
AVER,CEPVL,R,1.0
AVER,CEPVL,Rp,2.0
OLQVL,CEPVL,EJ,1.0
RIH,CEPVL,EJ,1.0
IL1VL,CEPVL,Rp,2.0
OLLL,CEPVL,Rp,4.0
OLLL,CEPVL,Sp,4.0
OLQVL,CEPVL,Rp,6.0
RIAL,CEPVL,Sp,1.0
RICL,CEPVL,R,1.0
RICL,CEPVL,Rp,6.0
RICR,CEPVL,Rp,4.0
RIH,CEPVL,S,1.0
RIPL,CEPVL,Rp,1.0
RIS,CEPVL,Sp,2.0
RMDDL,CEPVL,Rp,4.0
RMHL,CEPVL,Rp,1.0
SIAVL,CEPVL,R,1.0
SIAVL,CEPVL,Rp,1.0
URAVL,CEPVL,Rp,2.0
ALMR,CEPVR,S,1.0
ASGR,CEPVR,Rp,1.0
ASKR,CEPVR,Sp,1.0
AVEL,CEPVR,R,1.0
AVEL,CEPVR,Rp,4.0
OLQVR,CEPVR,EJ,1.0
RIH,CEPVR,EJ,1.0
IL1VR,CEPVR,R,1.0
IL1VR,CEPVR,Rp,1.0
IL2VR,CEPVR,Rp,2.0
OLLR,CEPVR,R,1.0
OLLR,CEPVR,Rp,6.0
OLLR,CEPVR,Sp,6.0
OLQVR,CEPVR,Rp,3.0
RIAR,CEPVR,Sp,1.0
RICL,CEPVR,Rp,2.0
RICR,CEPVR,R,2.0
RICR,CEPVR,Rp,2.0
RIH,CEPVR,S,1.0
RIH,CEPVR,Sp,1.0
RIPR,CEPVR,Rp,1.0
RIS,CEPVR,Sp,1.0
RIVL,CEPVR,Rp,1.0
RMDDR,CEPVR,Rp,2.0
RMHR,CEPVR,Rp,2.0
SIAVR,CEPVR,Rp,2.0
URAVR,CEPVR,Rp,1.0
AS01,DA01,S,2.0
AVAL,DA01,S,2.0
AVAR,DA01,S,2.0
AVDL,DA01,Sp,1.0
AVDR,DA01,Sp,2.0
AVEL,DA01,Sp,5.0
AVER,DA01,Sp,5.0
AVM,DA01,Sp,1.0
AVAL,DA01,EJ,2.0
AVAR,DA01,EJ,6.0
DA04,DA01,EJ,1.0
SABVL,DA01,EJ,2.0
SABVR,DA01,EJ,3.0
DD01,DA01,R,2.0
DD01,DA01,Rp,2.0
VD01,DA01,R,3.0
VD01,DA01,Rp,14.0
VD02,DA01,Rp,1.0
AVAL,DA02,S,2.0
AVAR,DA02,S,2.0
AVDL,DA02,S,1.0
AVDR,DA02,S,1.0
AVEL,DA02,Sp,1.0
AVER,DA02,S,1.0
AVER,DA02,Sp,2.0
AVL,DA02,S,1.0
AS02,DA02,EJ,1.0
AS03,DA02,EJ,1.0
AVAL,DA02,EJ,2.0
AVAR,DA02,EJ,2.0
SABVL,DA02,EJ,1.0
VA01,DA02,EJ,2.0
DD01,DA02,Rp,1.0
DD01,DA02,S,2.0
PVCL,DA02,S,1.0
VD01,DA02,R,2.0
VD02,DA02,R,2.0
VD02,DA02,Rp,9.0
VD03,DA02,R,3.0
VD03,DA02,Rp,2.0
AS03,DA03,S,1.0
AS04,DA03,R,1.0
AVAL,DA03,S,6.0
AVAR,DA03,S,3.0
AVDL,DA03,S,4.0
AVDR,DA03,S,1.0
AVDR,DA03,Sp,1.0
AVEL,DA03,S,1.0
AVEL,DA03,Sp,2.0
AVER,DA03,S,1.0
AS04,DA03,EJ,1.0
AVAR,DA03,EJ,2.0
DA04,DA03,R,1.0
DA04,DA03,Rp,1.0
DA04,DA03,S,1.0
DB02,DA03,S,5.0
DB03,DA03,Rp,1.0
DD02,DA03,Rp,1.0
DD02,DA03,S,1.0
VD03,DA03,R,1.0
VD03,DA03,Rp,24.0
VD04,DA03,Rp,6.0
AVAL,DA04,S,7.0
AVAR,DA04,S,6.0
AVDL,DA04,S,1.0
AVDL,DA04,Sp,1.0
AVDR,DA04,S,1.0
AVDR,DA04,Sp,1.0
AVEL,DA04,Sp,1.0
DA03,DA04,Rp,1.0
DA03,DA04,S,2.0
AVAL,DA04,EJ,3.0
AVAR,DA04,EJ,2.0
DA01,DA04,EJ,1.0
DB03,DA04,EJ,1.0
VB06,DA04,EJ,1.0
DB03,DA04,Rp,1.0
DD02,DA04,Rp,1.0
VD04,DA04,Rp,12.0
VD05,DA04,R,2.0
VD05,DA04,Rp,13.0
AVAL,DA05,S,7.0
AVAR,DA05,S,2.0
AVBR,DA05,S,1.0
AVDL,DA05,Sp,1.0
AVDR,DA05,S,2.0
AS06,DA05,EJ,2.0
AVAL,DA05,EJ,1.0
AVAR,DA05,EJ,5.0
VA04,DA05,EJ,1.0
VA05,DA05,EJ,2.0
DB04,DA05,Rp,1.0
HSNR,DA05,Sp,1.0
PVCL,DA05,S,1.0
VD05,DA05,Rp,1.0
VD06,DA05,R,4.0
VD06,DA05,Rp,12.0
AVAL,DA06,S,11.0
AVAR,DA06,S,11.0
AVAL,DA06,EJ,10.0
AVAR,DA06,EJ,2.0
HSNR,DA06,Sp,1.0
PVCL,DA06,Sp,1.0
RID,DA06,S,1.0
RID,DA06,Sp,2.0
VD04,DA06,R,2.0
VD04,DA06,Rp,2.0
VD05,DA06,R,2.0
VD05,DA06,Rp,1.0
VD06,DA06,Rp,3.0
AVAL,DA07,Sp,2.0
AVAR,DA07,Sp,3.0
AVAL,DA07,EJ,2.0
AVAL,DA08,Sp,4.0
AVAR,DA08,S,1.0
AVAR,DA08,Sp,7.0
AVDL,DA08,S,1.0
AVDR,DA08,Sp,1.0
AVG,DA08,Sp,1.0
AVAR,DA08,EJ,1.0
DA09,DA08,EJ,1.0
DVB,DA08,S,2.0
DVB,DA08,Sp,2.0
PHAR,DA08,Sp,1.0
PHBR,DA08,Sp,1.0
VA12,DA08,S,3.0
AVAL,DA09,S,2.0
AVAL,DA09,Sp,1.0
AVAR,DA09,Sp,2.0
AVDR,DA09,S,1.0
DA08,DA09,EJ,1.0
PDA,DA09,EJ,1.0
PHCL,DA09,EJ,1.0
RID,DA09,EJ,1.0
DD06,DA09,Rp,1.0
PDA,DA09,Sp,1.0
PHCL,DA09,Sp,7.0
PHCR,DA09,Sp,2.0
PVCR,DA09,Sp,1.0
PVR,DA09,S,1.0
VA12,DA09,S,5.0
VD13,DA09,R,1.0
AS01,DB01,Rp,1.0
AS02,DB01,Rp,1.0
AS02,DB01,S,1.0
AS03,DB01,Rp,1.0
AIBR,DB01,EJ,1.0
AVBR,DB01,EJ,3.0
DB02,DB01,EJ,1.0
DB04,DB01,EJ,1.0
DVA,DB01,EJ,1.0
RID,DB01,EJ,1.0
RIS,DB01,EJ,1.0
VB03,DB01,EJ,1.0
VB04,DB01,EJ,1.0
DD01,DB01,R,4.0
DD01,DB01,Rp,6.0
VD01,DB01,R,11.0
VD01,DB01,Rp,10.0
VD02,DB01,R,7.0
VD02,DB01,Rp,8.0
VD03,DB01,Rp,1.0
DA03,DB02,Rp,5.0
AVBR,DB02,EJ,1.0
DB01,DB02,EJ,1.0
DB03,DB02,EJ,6.0
VB01,DB02,EJ,2.0
DD02,DB02,R,1.0
DD02,DB02,Rp,1.0
DVA,DB02,Sp,1.0
PVCL,DB02,S,3.0
PVCR,DB02,S,1.0
PVR,DB02,S,1.0
VD03,DB02,R,7.0
VD03,DB02,Rp,16.0
VD04,DB02,R,6.0
VD04,DB02,Rp,8.0
VD05,DB02,Rp,1.0
AS04,DB03,Rp,1.0
AS05,DB03,Rp,1.0
AVAR,DB03,S,1.0
AVER,DB03,Sp,1.0
DA03,DB03,S,1.0
DA04,DB03,S,1.0
AVBL,DB03,EJ,1.0
AVBR,DB03,EJ,1.0
DA04,DB03,EJ,1.0
DB02,DB03,EJ,6.0
DB04,DB03,EJ,1.0
DD02,DB03,Rp,4.0
DD03,DB03,Rp,10.0
DVA,DB03,S,2.0
PVCL,DB03,S,4.0
PVCR,DB03,S,3.0
PVR,DB03,S,1.0
VD04,DB03,Rp,9.0
VD05,DB03,R,3.0
VD05,DB03,Rp,23.0
VD06,DB03,R,1.0
VD06,DB03,Rp,6.0
AVDR,DB04,S,1.0
DA05,DB04,S,1.0
AVBL,DB04,EJ,1.0
AVBR,DB04,EJ,1.0
DB01,DB04,EJ,1.0
DB03,DB04,EJ,1.0
VB02,DB04,EJ,1.0
VB04,DB04,EJ,1.0
DD03,DB04,Rp,3.0
DVA,DB04,S,1.0
PVCL,DB04,S,3.0
PVCR,DB04,S,4.0
VC02,DB04,S,1.0
VD06,DB04,R,7.0
VD06,DB04,Rp,6.0
AVAL,DB05,S,2.0
AVAR,DB05,S,1.0
AVAR,DB05,EJ,2.0
AVBL,DB05,EJ,1.0
AVBR,DB05,EJ,1.0
DVA,DB05,Sp,1.0
PVCL,DB05,S,2.0
PVCR,DB05,S,1.0
AVAL,DB06,Sp,1.0
AVAR,DB06,S,5.0
AVAL,DB06,EJ,3.0
AVBL,DB06,EJ,2.0
AVBR,DB06,EJ,1.0
DVA,DB06,S,2.0
PVCL,DB06,S,2.0
PVCR,DB06,S,2.0
AVBL,DB07,EJ,2.0
AVBR,DB07,EJ,1.0
DVA,DB07,S,1.0
DVA,DB07,Sp,1.0
PVCL,DB07,S,1.0
PVCL,DB07,Sp,2.0
PVCR,DB07,Sp,1.0
VA12,DB07,S,4.0
VD13,DB07,R,2.0
AS02,DD01,S,1.0
AS03,DD01,S,1.0
AVL,DD01,S,1.0
DA01,DD01,S,4.0
DA02,DD01,Rp,2.0
DA02,DD01,S,1.0
DB01,DD01,S,10.0
AVBR,DD01,EJ,1.0
DD02,DD01,EJ,1.0
VD01,DD01,EJ,4.0
VD02,DD01,EJ,2.0
PVNL,DD01,Sp,2.0
PVQR,DD01,Sp,1.0
RID,DD01,S,3.0
RID,DD01,Sp,1.0
VA01,DD01,S,9.0
VA02,DD01,S,13.0
VA03,DD01,S,18.0
VB01,DD01,Sp,1.0
VB02,DD01,S,20.0
VC01,DD01,S,7.0
VC02,DD01,S,6.0
VC03,DD01,S,2.0
VD01,DD01,S,1.0
VD02,DD01,Rp,1.0
VD02,DD01,S,1.0
AS05,DD02,S,1.0
DA03,DD02,Rp,1.0
DA03,DD02,S,1.0
DA04,DD02,S,1.0
DB02,DD02,S,2.0
DB03,DD02,S,4.0
DD01,DD02,EJ,1.0
DD03,DD02,EJ,2.0
VD04,DD02,EJ,2.0
PVPR,DD02,Sp,1.0
RID,DD02,S,3.0
RID,DD02,Sp,1.0
VA03,DD02,S,11.0
VA04,DD02,S,21.0
VA05,DD02,S,5.0
VB02,DD02,S,1.0
VB03,DD02,S,37.0
VB04,DD02,S,6.0
VC01,DD02,S,6.0
VC02,DD02,S,4.0
VC03,DD02,S,4.0
VD03,DD02,Rp,1.0
VD04,DD02,R,1.0
DB03,DD03,S,10.0
DB04,DD03,S,3.0
DD02,DD03,EJ,2.0
DD04,DD03,EJ,1.0
PVNR,DD03,S,1.0
RID,DD03,S,1.0
RID,DD03,Sp,2.0
VA05,DD03,S,13.0
VA06,DD03,S,24.0
VA07,DD03,S,3.0
VB04,DD03,S,16.0
VB05,DD03,S,27.0
VC01,DD03,S,6.0
VC02,DD03,S,9.0
VC03,DD03,S,5.0
DD03,DD04,EJ,1.0
VC03,DD04,EJ,1.0
VD08,DD04,EJ,1.0
VA07,DD04,S,12.0
VA08,DD04,S,21.0
VA09,DD04,S,3.0
VB06,DD04,S,30.0
VB07,DD04,S,2.0
VC03,DD04,S,12.0
VD08,DD04,S,1.0
VD10,DD05,EJ,1.0
PVDL,DD05,S,1.0
VA09,DD05,S,15.0
VB08,DD05,R,1.0
VB08,DD05,S,30.0
VB09,DD05,S,8.0
VD09,DD05,R,1.0
VD10,DD05,S,1.0
AVL,DD06,Sp,2.0
DA09,DD06,S,1.0
DVB,DD06,Sp,3.0
PDA,DD06,Sp,1.0
VA11,DD06,S,10.0
VA12,DD06,S,2.0
VB10,DD06,S,9.0
VB11,DD06,S,7.0
AIZL,DVA,Rp,3.0
AIZL,DVA,S,1.0
AIZR,DVA,S,1.0
AIZR,DVA,Sp,1.0
AQR,DVA,R,1.0
AQR,DVA,Rp,3.0
AUAL,DVA,Rp,1.0
AUAR,DVA,Rp,1.0
AVAL,DVA,Rp,3.0
AVAR,DVA,Rp,1.0
AVBL,DVA,Rp,1.0
AVEL,DVA,R,3.0
AVEL,DVA,Rp,6.0
AVER,DVA,R,2.0
AVER,DVA,Rp,3.0
AVKL,DVA,S,1.0
DB02,DVA,Rp,1.0
DB03,DVA,R,2.0
DB04,DVA,R,1.0
DB05,DVA,Rp,1.0
DB06,DVA,R,2.0
DB07,DVA,R,1.0
DB07,DVA,Rp,1.0
AVBL,DVA,EJ,1.0
AVBR,DVA,EJ,1.0
DB01,DVA,EJ,1.0
PVCL,DVA,EJ,1.0
PVR,DVA,EJ,2.0
FLPL,DVA,Sp,1.0
FLPR,DVA,Sp,1.0
PDEL,DVA,R,1.0
PDEL,DVA,Rp,2.0
PDEL,DVA,S,16.0
PDEL,DVA,Sp,8.0
PDER,DVA,S,19.0
PDER,DVA,Sp,16.0
PHAL,DVA,Sp,2.0
PHAR,DVA,S,1.0
PHAR,DVA,Sp,1.0
PHCL,DVA,S,4.0
PHCL,DVA,Sp,2.0
PHCR,DVA,S,3.0
PHCR,DVA,Sp,5.0
PLMR,DVA,Sp,5.0
PVCL,DVA,Rp,3.0
PVCL,DVA,Sp,4.0
PVCR,DVA,Rp,1.0
PVDR,DVA,S,2.0
PVDR,DVA,Sp,1.0
PVM,DVA,S,2.0
PVM,DVA,Sp,1.0
PVR,DVA,R,1.0
PVR,DVA,Rp,2.0
PVR,DVA,Sp,1.0
RIAL,DVA,R,1.0
RIAR,DVA,R,1.0
RIAR,DVA,Rp,1.0
RIMR,DVA,Rp,1.0
RIR,DVA,Rp,3.0
RIR,DVA,Sp,2.0
SAADR,DVA,Rp,1.0
SAAVL,DVA,Rp,1.0
SAAVR,DVA,Rp,1.0
SABD,DVA,Rp,1.0
SDQR,DVA,Sp,3.0
SMBDL,DVA,Rp,3.0
SMBDR,DVA,Rp,2.0
SMBVL,DVA,Rp,3.0
SMBVR,DVA,Rp,2.0
VA02,DVA,Rp,1.0
VA12,DVA,Rp,1.0
VB01,DVA,Rp,1.0
VB01,DVA,Sp,1.0
VB11,DVA,Rp,2.0
AVL,DVB,R,2.0
AVL,DVB,Rp,3.0
DA08,DVB,R,2.0
DA08,DVB,Rp,2.0
DD06,DVB,Rp,3.0
AS09,DVB,EJ,7.0
AVL,DVB,EJ,1.0
VA09,DVB,EJ,1.0
VB09,DVB,EJ,1.0
DVC,DVB,Rp,3.0
PDA,DVB,Rp,1.0
PHCL,DVB,Rp,1.0
PVPL,DVB,R,1.0
PVPL,DVB,Rp,1.0
AIBL,DVC,Rp,1.0
AIBR,DVC,Rp,3.0
AVAL,DVC,Rp,5.0
AVAR,DVC,Rp,7.0
AVBL,DVC,Rp,1.0
AVDR,DVC,S,1.0
AVKL,DVC,Rp,2.0
AVKR,DVC,Rp,1.0
DVB,DVC,Sp,3.0
AIBL,DVC,EJ,1.0
AIBR,DVC,EJ,2.0
AVL,DVC,EJ,9.0
PVPL,DVC,EJ,2.0
PVPR,DVC,EJ,13.0
VA09,DVC,EJ,1.0
VD01,DVC,EJ,5.0
VD10,DVC,EJ,4.0
PVPR,DVC,S,1.0
PVPR,DVC,Sp,1.0
PVQR,DVC,Sp,1.0
PVT,DVC,Rp,1.0
PVT,DVC,S,2.0
RIBL,DVC,Rp,1.0
RIBR,DVC,Rp,1.0
RIGL,DVC,R,1.0
RIGL,DVC,Rp,4.0
RIGL,DVC,Sp,1.0
RIGR,DVC,Rp,5.0
RMFL,DVC,Rp,2.0
RMFR,DVC,Rp,4.0
VC01,DVC,S,1.0
VC02,DVC,S,1.0
VC03,DVC,S,1.0
VC05,DVC,S,2.0
ADEL,FLPL,Rp,2.0
ADEL,FLPL,S,1.0
ADEL,FLPL,Sp,1.0
ADER,FLPL,Rp,2.0
ADER,FLPL,Sp,1.0
AIBL,FLPL,R,1.0
AIBL,FLPL,Rp,1.0
AIBL,FLPL,Sp,1.0
AIBR,FLPL,Rp,2.0
AVAL,FLPL,R,4.0
AVAL,FLPL,Rp,10.0
AVAR,FLPL,Rp,17.0
AVBL,FLPL,R,1.0
AVBL,FLPL,Rp,3.0
AVBR,FLPL,R,1.0
AVBR,FLPL,Rp,4.0
AVDL,FLPL,Rp,6.0
AVDR,FLPL,Rp,13.0
DVA,FLPL,Rp,1.0
AVAL,FLPL,EJ,1.0
AVDL,FLPL,EJ,1.0
FLPR,FLPL,EJ,2.0
RIH,FLPL,EJ,1.0
FLPR,FLPL,Rp,1.0
FLPR,FLPL,Sp,2.0
PVCR,FLPL,Sp,1.0
SDQL,FLPL,Sp,1.0
ADAL,FLPR,Sp,1.0
ADER,FLPR,R,1.0
ADER,FLPR,Rp,1.0
ADER,FLPR,Sp,1.0
AIBR,FLPR,Rp,1.0
AVAL,FLPR,R,2.0
AVAL,FLPR,Rp,10.0
AVAR,FLPR,Rp,5.0
AVBL,FLPR,Rp,5.0
AVBR,FLPR,Rp,1.0
AVDL,FLPR,R,2.0
AVDL,FLPR,Rp,8.0
AVDR,FLPR,Rp,1.0
AVEL,FLPR,Rp,4.0
AVER,FLPR,Rp,2.0
AVJR,FLPR,R,1.0
DVA,FLPR,Rp,1.0
FLPL,FLPR,Rp,2.0
FLPL,FLPR,Sp,1.0
AVDL,FLPR,EJ,1.0
AVDR,FLPR,EJ,1.0
FLPL,FLPR,EJ,2.0
PVCL,FLPR,Rp,2.0
VB01,FLPR,Rp,1.0
AIAL,HSNL,Rp,1.0
AIAL,HSNL,S,1.0
AIMR,HSNL,Sp,1.0
AIYR,HSNL,Sp,1.0
AIZL,HSNL,Rp,2.0
AIZR,HSNL,Rp,1.0
ASHL,HSNL,Rp,1.0
ASHR,HSNL,Rp,2.0
ASJL,HSNL,Sp,1.0
ASJR,HSNL,R,1.0
ASKL,HSNL,Rp,1.0
AVDR,HSNL,Rp,2.0
AVFL,HSNL,R,1.0
AVFL,HSNL,Rp,5.0
AVFL,HSNL,Sp,1.0
AVJL,HSNL,R,1.0
AVJL,HSNL,Rp,1.0
AWBL,HSNL,R,1.0
AWBL,HSNL,Rp,1.0
AWBR,HSNL,Rp,2.0
BDUL,HSNL,Sp,1.0
HSNR,HSNL,EJ,1.0
HSNR,HSNL,Rp,3.0
HSNR,HSNL,S,1.0
PLML,HSNL,S,1.0
PVQL,HSNL,Sp,2.0
RIFL,HSNL,Rp,3.0
RIML,HSNL,Rp,2.0
RIR,HSNL,Sp,1.0
SABVL,HSNL,Rp,2.0
VC05,HSNL,R,3.0
VC05,HSNL,S,1.0
AIBL,HSNR,Rp,1.0
AIBR,HSNR,Rp,1.0
AIMR,HSNR,Sp,2.0
AIYL,HSNR,Sp,1.0
AIZL,HSNR,Rp,1.0
AIZR,HSNR,Rp,1.0
AS05,HSNR,R,1.0
ASHL,HSNR,Rp,2.0
ASHR,HSNR,Sp,1.0
ASJL,HSNR,Sp,1.0
ASJR,HSNR,Sp,1.0
AVBR,HSNR,S,1.0
AVDR,HSNR,Rp,1.0
AVFL,HSNR,R,1.0
AVFL,HSNR,Rp,1.0
AVFR,HSNR,S,1.0
AVJL,HSNR,Rp,1.0
AVJL,HSNR,S,1.0
AVL,HSNR,R,1.0
AVL,HSNR,S,1.0
AWBL,HSNR,Rp,1.0
BDUR,HSNR,Rp,1.0
BDUR,HSNR,S,1.0
BDUR,HSNR,Sp,3.0
DA05,HSNR,Rp,1.0
DA06,HSNR,Rp,1.0
HSNL,HSNR,EJ,1.0
HSNL,HSNR,R,1.0
HSNL,HSNR,Sp,3.0
PLMR,HSNR,S,1.0
PVNR,HSNR,EJ,1.0
PVNR,HSNR,R,1.0
PVNR,HSNR,Rp,1.0
PVNR,HSNR,Sp,1.0
PVQR,HSNR,Rp,1.0
PVQR,HSNR,S,1.0
RIFR,HSNR,R,1.0
RIFR,HSNR,Rp,3.0
RIFR,HSNR,Sp,1.0
RMGR,HSNR,Rp,1.0
SABD,HSNR,R,1.0
SABVR,HSNR,Rp,1.0
VA06,HSNR,Rp,1.0
VC02,HSNR,R,1.0
VC02,HSNR,Rp,2.0
VC03,HSNR,R,1.0
VC03,HSNR,S,1.0
VD04,HSNR,R,2.0
CEPDL,IL1DL,Sp,4.0
IL1DR,IL1DL,EJ,1.0
IL1L,IL1DL,EJ,1.0
OLLL,IL1DL,EJ,1.0
RMEV,IL1DL,EJ,1.0
IL1L,IL1DL,S,1.0
IL2DL,IL1DL,Sp,7.0
PVR,IL1DL,R,1.0
PVR,IL1DL,Sp,1.0
RIH,IL1DL,Rp,1.0
RIPL,IL1DL,Rp,2.0
RMDDR,IL1DL,Rp,1.0
RMDVL,IL1DL,Rp,4.0
URADL,IL1DL,Sp,2.0
URYDL,IL1DL,Rp,1.0
CEPDR,IL1DR,Sp,5.0
IL1DL,IL1DR,EJ,1.0
IL1R,IL1DR,EJ,1.0
OLLR,IL1DR,EJ,1.0
RMEV,IL1DR,EJ,1.0
IL1R,IL1DR,S,1.0
IL2DR,IL1DR,Sp,7.0
OLLR,IL1DR,Sp,2.0
PVR,IL1DR,Sp,1.0
RIPR,IL1DR,Rp,5.0
RMDVR,IL1DR,Rp,5.0
URADR,IL1DR,Sp,1.0
ADEL,IL1L,Sp,1.0
AVER,IL1L,Rp,2.0
IL1DL,IL1L,R,1.0
IL1DL,IL1L,EJ,1.0
IL1VL,IL1L,EJ,1.0
IL1VL,IL1L,Sp,1.0
IL2L,IL1L,Sp,1.0
RMDDL,IL1L,Rp,5.0
RMDL,IL1L,Rp,1.0
RMDR,IL1L,Rp,3.0
RMDVL,IL1L,Rp,4.0
RMDVR,IL1L,Rp,2.0
RMER,IL1L,Rp,1.0
URBL,IL1L,Sp,1.0
AVEL,IL1R,Rp,1.0
AVER,IL1R,Rp,1.0
CEPDR,IL1R,Sp,1.0
IL1DR,IL1R,R,1.0
IL1DR,IL1R,EJ,1.0
IL1VR,IL1R,EJ,1.0
IL1VR,IL1R,Sp,1.0
IL2R,IL1R,Sp,1.0
RIAR,IL1R,Sp,1.0
RMDDL,IL1R,Rp,3.0
RMDDR,IL1R,Rp,2.0
RMDL,IL1R,R,1.0
RMDL,IL1R,Rp,3.0
RMDR,IL1R,Rp,2.0
RMDVL,IL1R,Rp,1.0
RMDVR,IL1R,Rp,4.0
RMEL,IL1R,Rp,2.0
RMHL,IL1R,Rp,1.0
URAVR,IL1R,Sp,1.0
URBR,IL1R,Sp,3.0
URXR,IL1R,Rp,2.0
CEPVL,IL1VL,Sp,2.0
IL1L,IL1VL,Rp,1.0
IL1L,IL1VL,EJ,1.0
IL1VR,IL1VL,EJ,1.0
RMED,IL1VL,EJ,1.0
IL2VL,IL1VL,Sp,7.0
OLLL,IL1VL,Sp,2.0
OLQVL,IL1VL,S,1.0
OLQVL,IL1VL,Sp,1.0
PVR,IL1VL,Sp,1.0
RIPL,IL1VL,Rp,4.0
RMDDL,IL1VL,Rp,5.0
URYVL,IL1VL,Rp,1.0
URYVL,IL1VL,Sp,1.0
CEPVR,IL1VR,S,1.0
CEPVR,IL1VR,Sp,1.0
IL1R,IL1VR,Rp,1.0
IL1R,IL1VR,EJ,1.0
IL1VL,IL1VR,EJ,1.0
IL2R,IL1VR,EJ,1.0
IL2VR,IL1VR,Rp,1.0
IL2VR,IL1VR,Sp,6.0
OLLR,IL1VR,Sp,1.0
OLQVR,IL1VR,Sp,1.0
PVR,IL1VR,Sp,1.0
RIPR,IL1VR,R,1.0
RIPR,IL1VR,Rp,5.0
RMDDR,IL1VR,Rp,10.0
RMER,IL1VR,Rp,1.0
URYVR,IL1VR,Sp,1.0
AUAL,IL2DL,R,1.0
IL1DL,IL2DL,Rp,7.0
OLQDL,IL2DL,Rp,2.0
RIBL,IL2DL,Rp,1.0
RIPL,IL2DL,Rp,10.0
RMEL,IL2DL,Rp,4.0
RMER,IL2DL,Rp,3.0
URADL,IL2DL,R,1.0
URADL,IL2DL,Rp,2.0
CEPDR,IL2DR,Rp,1.0
IL1DR,IL2DR,Rp,7.0
RICR,IL2DR,Rp,1.0
RIPR,IL2DR,Rp,11.0
RMED,IL2DR,Rp,1.0
RMEL,IL2DR,Rp,2.0
RMER,IL2DR,Rp,2.0
RMEV,IL2DR,Rp,1.0
URADR,IL2DR,Rp,3.0
ADEL,IL2L,Rp,2.0
ADEL,IL2L,S,1.0
ADEL,IL2L,Sp,1.0
AVEL,IL2L,Rp,1.0
IL1L,IL2L,Rp,1.0
RMGL,IL2L,EJ,1.0
IL2VL,IL2L,Sp,1.0
OLQDL,IL2L,R,2.0
OLQDL,IL2L,Rp,3.0
OLQVL,IL2L,R,2.0
OLQVL,IL2L,Rp,6.0
RICL,IL2L,Rp,1.0
RIH,IL2L,Rp,7.0
RIH,IL2L,Sp,2.0
RMDL,IL2L,R,1.0
RMDL,IL2L,Rp,2.0
RMDR,IL2L,Rp,1.0
RMER,IL2L,Rp,2.0
RMEV,IL2L,Rp,2.0
URXL,IL2L,Rp,2.0
ADER,IL2R,R,1.0
ADER,IL2R,Rp,1.0
IL1R,IL2R,Rp,1.0
IL1VR,IL2R,EJ,1.0
RMGR,IL2R,EJ,1.0
URXR,IL2R,EJ,1.0
OLLR,IL2R,R,1.0
OLLR,IL2R,Rp,1.0
OLLR,IL2R,S,1.0
OLQDR,IL2R,Rp,2.0
OLQVR,IL2R,R,2.0
OLQVR,IL2R,Rp,5.0
RIH,IL2R,Rp,6.0
RIH,IL2R,Sp,1.0
RMDL,IL2R,R,1.0
RMDL,IL2R,Rp,1.0
RMEL,IL2R,Rp,2.0
RMEV,IL2R,Rp,1.0
URBR,IL2R,R,1.0
URBR,IL2R,S,1.0
BAGR,IL2VL,Rp,1.0
IL1VL,IL2VL,Rp,7.0
IL2L,IL2VL,Rp,1.0
OLQVL,IL2VL,Rp,1.0
OLQVL,IL2VL,Sp,1.0
RIAL,IL2VL,Rp,1.0
RIH,IL2VL,Rp,2.0
RIPL,IL2VL,Rp,11.0
RMEL,IL2VL,R,1.0
RMEL,IL2VL,Rp,1.0
RMER,IL2VL,Rp,4.0
RMEV,IL2VL,Rp,1.0
URAVL,IL2VL,Rp,3.0
CEPVR,IL2VR,Sp,2.0
IL1VR,IL2VR,Rp,6.0
IL1VR,IL2VR,Sp,1.0
OLQVR,IL2VR,R,1.0
OLQVR,IL2VR,Rp,1.0
RIAR,IL2VR,Rp,2.0
RIH,IL2VR,R,1.0
RIH,IL2VR,Rp,2.0
RIPR,IL2VR,R,1.0
RIPR,IL2VR,Rp,14.0
RMEL,IL2VR,Rp,3.0
RMER,IL2VR,Rp,2.0
RMEV,IL2VR,Rp,3.0
URAVR,IL2VR,Rp,4.0
URXR,IL2VR,Rp,1.0
AVAL,LUAL,Rp,5.0
AVAL,LUAL,Sp,1.0
AVAR,LUAL,R,1.0
AVAR,LUAL,Rp,5.0
AVAR,LUAL,Sp,1.0
AVDL,LUAL,Rp,4.0
AVDL,LUAL,Sp,1.0
AVDR,LUAL,Rp,2.0
AVDR,LUAL,Sp,2.0
AVJL,LUAL,Rp,1.0
AVAL,LUAL,EJ,1.0
PLML,LUAL,EJ,1.0
PVR,LUAL,EJ,1.0
PHBL,LUAL,Rp,1.0
PHCL,LUAL,Sp,1.0
PVNL,LUAL,Rp,1.0
PVWL,LUAL,Rp,1.0
VA12,LUAL,S,2.0
AVAL,LUAR,Rp,3.0
AVAR,LUAR,Rp,7.0
AVAR,LUAR,Sp,3.0
AVDL,LUAR,Rp,1.0
AVDR,LUAR,Rp,3.0
AVJR,LUAR,Rp,1.0
PLMR,LUAR,EJ,1.0
PVR,LUAR,EJ,1.0
PHCR,LUAR,Sp,1.0
PQR,LUAR,Rp,1.0
PQR,LUAR,Sp,1.0
PVCR,LUAR,Rp,3.0
PVCR,LUAR,Sp,1.0
PVR,LUAR,R,1.0
PVWL,LUAR,Rp,1.0
ADEL,OLLL,S,1.0
ADEL,OLLL,Sp,1.0
AVER,OLLL,R,3.0
AVER,OLLL,Rp,18.0
CEPDL,OLLL,Rp,3.0
CEPDL,OLLL,Sp,2.0
CEPVL,OLLL,Rp,4.0
CEPVL,OLLL,Sp,4.0
IL1VL,OLLL,Rp,2.0
IL1DL,OLLL,EJ,1.0
OLLR,OLLL,EJ,2.0
RIGL,OLLL,EJ,1.0
RIBL,OLLL,Rp,8.0
RMDDL,OLLL,Rp,7.0
RMDL,OLLL,R,2.0
RMDVL,OLLL,Rp,1.0
RMEL,OLLL,Rp,2.0
SAADR,OLLL,S,1.0
SMDDL,OLLL,R,2.0
SMDDL,OLLL,Rp,1.0
SMDDR,OLLL,R,3.0
SMDDR,OLLL,Rp,1.0
SMDVR,OLLL,R,4.0
URYDL,OLLL,Rp,1.0
ADER,OLLR,Sp,2.0
ADLR,OLLR,Sp,1.0
AVEL,OLLR,R,1.0
AVEL,OLLR,Rp,15.0
CEPDR,OLLR,R,1.0
CEPDR,OLLR,Rp,1.0
CEPDR,OLLR,S,1.0
CEPDR,OLLR,Sp,7.0
CEPVR,OLLR,Rp,6.0
CEPVR,OLLR,S,1.0
CEPVR,OLLR,Sp,6.0
IL1DR,OLLR,Rp,2.0
IL1VR,OLLR,Rp,1.0
IL2R,OLLR,R,1.0
IL2R,OLLR,S,1.0
IL2R,OLLR,Sp,1.0
IL1DR,OLLR,EJ,1.0
OLLL,OLLR,EJ,2.0
RIGR,OLLR,EJ,1.0
RIBR,OLLR,R,2.0
RIBR,OLLR,Rp,8.0
RIS,OLLR,Sp,1.0
RMDDR,OLLR,Rp,10.0
RMDL,OLLR,R,3.0
RMDL,OLLR,Sp,2.0
RMDVR,OLLR,Rp,3.0
RMER,OLLR,Rp,2.0
SAAVL,OLLR,Sp,1.0
SMDDR,OLLR,R,1.0
SMDVL,OLLR,R,4.0
SMDVR,OLLR,R,3.0
VC05,OLLR,S,1.0
CEPDL,OLQDL,Sp,6.0
IL2DL,OLQDL,Sp,2.0
IL2L,OLQDL,S,2.0
IL2L,OLQDL,Sp,3.0
CEPDL,OLQDL,EJ,1.0
RIBL,OLQDL,EJ,2.0
RIGL,OLQDL,EJ,1.0
RMDVL,OLQDL,EJ,1.0
URBL,OLQDL,EJ,1.0
RICR,OLQDL,R,1.0
RIH,OLQDL,S,2.0
RIH,OLQDL,Sp,2.0
RIPL,OLQDL,S,1.0
RIPR,OLQDL,S,1.0
RMDDR,OLQDL,R,1.0
RMDDR,OLQDL,Rp,3.0
SIBVL,OLQDL,Rp,3.0
AIMR,OLQDR,Sp,1.0
CEPDR,OLQDR,Sp,5.0
IL2R,OLQDR,Sp,2.0
CEPDR,OLQDR,EJ,2.0
RIBR,OLQDR,EJ,2.0
RIGR,OLQDR,EJ,1.0
RIH,OLQDR,EJ,1.0
RMDVR,OLQDR,EJ,1.0
URBR,OLQDR,EJ,1.0
RICL,OLQDR,R,1.0
RICR,OLQDR,Rp,1.0
RIH,OLQDR,Sp,2.0
RIPL,OLQDR,S,1.0
RIPR,OLQDR,S,1.0
RMDDL,OLQDR,R,1.0
RMDDL,OLQDR,Rp,2.0
RMHR,OLQDR,Rp,1.0
SIBVR,OLQDR,Rp,2.0
ADFL,OLQVL,Sp,1.0
ADLL,OLQVL,Sp,1.0
CEPVL,OLQVL,Sp,6.0
IL1VL,OLQVL,R,1.0
IL1VL,OLQVL,Rp,1.0
IL2L,OLQVL,S,2.0
IL2L,OLQVL,Sp,6.0
IL2VL,OLQVL,Rp,1.0
IL2VL,OLQVL,Sp,1.0
ADLL,OLQVL,EJ,1.0
CEPVL,OLQVL,EJ,1.0
RIBL,OLQVL,EJ,1.0
RIGL,OLQVL,EJ,1.0
RMDDL,OLQVL,EJ,1.0
URBL,OLQVL,EJ,1.0
RICL,OLQVL,R,1.0
RIH,OLQVL,Rp,1.0
RIH,OLQVL,Sp,1.0
RIPL,OLQVL,Rp,1.0
RMDVR,OLQVL,R,1.0
RMDVR,OLQVL,Rp,3.0
SIBDL,OLQVL,Rp,3.0
CEPVR,OLQVR,Sp,3.0
IL1VR,OLQVR,Rp,1.0
IL2R,OLQVR,S,2.0
IL2R,OLQVR,Sp,5.0
IL2VR,OLQVR,S,1.0
IL2VR,OLQVR,Sp,1.0
CEPVR,OLQVR,EJ,1.0
RIBR,OLQVR,EJ,1.0
RIGR,OLQVR,EJ,1.0
RMDDR,OLQVR,EJ,1.0
URBR,OLQVR,EJ,1.0
RICR,OLQVR,R,1.0
RIH,OLQVR,Rp,2.0
RIH,OLQVR,Sp,6.0
RIPR,OLQVR,Rp,2.0
RMDVL,OLQVR,Rp,4.0
RMER,OLQVR,Rp,1.0
SIBDR,OLQVR,Rp,4.0
URXR,OLQVR,Sp,1.0
AS11,PDA,Rp,1.0
AS11,PDA,S,1.0
DA09,PDA,Rp,1.0
DD06,PDA,Rp,1.0
DVB,PDA,Sp,1.0
DA09,PDA,EJ,1.0
PVNR,PDA,Rp,1.0
VD13,PDA,Rp,3.0
AS11,PDB,S,1.0
AS11,PDB,EJ,2.0
RID,PDB,EJ,2.0
VD13,PDB,Rp,4.0
AVAR,PDEL,Sp,1.0
AVKL,PDEL,R,1.0
AVKL,PDEL,Rp,5.0
AVKL,PDEL,S,2.0
AVKL,PDEL,Sp,1.0
DVA,PDEL,R,16.0
DVA,PDEL,Rp,8.0
DVA,PDEL,S,1.0
DVA,PDEL,Sp,2.0
PDER,PDEL,EJ,3.0
PVCR,PDEL,EJ,1.0
PVM,PDEL,EJ,1.0
PDER,PDEL,Rp,1.0
PLMR,PDEL,Sp,2.0
PVCR,PDEL,Sp,1.0
PVM,PDEL,Rp,2.0
PVM,PDEL,S,1.0
PVM,PDEL,Sp,6.0
PVR,PDEL,Rp,2.0
PVR,PDEL,Sp,1.0
VA09,PDEL,R,1.0
VD11,PDEL,R,1.0
AVAR,PDER,Sp,1.0
AVFL,PDER,Sp,1.0
AVKL,PDER,Rp,16.0
AVKL,PDER,Sp,1.0
DVA,PDER,R,19.0
DVA,PDER,Rp,16.0
PDEL,PDER,Sp,1.0
PDEL,PDER,EJ,3.0
PVM,PDER,EJ,1.0
VA08,PDER,EJ,1.0
VD09,PDER,EJ,1.0
PLMR,PDER,Sp,3.0
PVCL,PDER,R,1.0
PVCR,PDER,R,1.0
PVM,PDER,S,2.0
PVM,PDER,Sp,6.0
PVR,PDER,Sp,1.0
AVDR,PHAL,Rp,1.0
AVFL,PHAL,Rp,3.0
AVG,PHAL,R,1.0
AVG,PHAL,Rp,4.0
AVG,PHAL,Sp,2.0
AVHL,PHAL,Rp,1.0
AVHR,PHAL,Rp,1.0
DVA,PHAL,Rp,2.0
PHAR,PHAL,EJ,2.0
PHAR,PHAL,Rp,5.0
PHAR,PHAL,S,1.0
PHAR,PHAL,Sp,5.0
PHBL,PHAL,Rp,5.0
PHBR,PHAL,Rp,5.0
PVQL,PHAL,Rp,2.0
AVG,PHAR,R,1.0
AVG,PHAR,Rp,2.0
AVHR,PHAR,Rp,1.0
DA08,PHAR,Rp,1.0
DVA,PHAR,R,1.0
DVA,PHAR,Rp,1.0
PHAL,PHAR,R,1.0
PHAL,PHAR,Rp,5.0
PHAL,PHAR,Sp,5.0
PHAL,PHAR,EJ,2.0
PHBL,PHAR,Rp,1.0
PVPL,PHAR,EJ,3.0
PHBR,PHAR,Rp,5.0
PVQL,PHAR,Rp,2.0
AVAL,PHBL,Rp,9.0
AVAR,PHBL,Rp,6.0
AVDL,PHBL,Rp,1.0
LUAL,PHBL,Sp,1.0
PHAL,PHBL,Sp,5.0
PHAR,PHBL,Sp,1.0
PHBR,PHBL,EJ,3.0
PHBR,PHBL,Rp,1.0
PHBR,PHBL,Sp,1.0
PVCL,PHBL,Rp,13.0
VA12,PHBL,Rp,1.0
AVAL,PHBR,Rp,7.0
AVAR,PHBR,Rp,7.0
AVDL,PHBR,Rp,1.0
AVDR,PHBR,Rp,1.0
AVFL,PHBR,Rp,1.0
DA08,PHBR,Rp,1.0
PHAL,PHBR,Sp,5.0
PHAR,PHBR,Sp,5.0
PHBL,PHBR,Rp,1.0
PHBL,PHBR,Sp,1.0
AVHL,PHBR,EJ,1.0
PHBL,PHBR,EJ,3.0
PVCL,PHBR,Rp,6.0
PVCR,PHBR,Rp,3.0
VA12,PHBR,Rp,2.0
AVAL,PHCL,Rp,1.0
DA09,PHCL,Rp,7.0
DVA,PHCL,R,4.0
DVA,PHCL,Rp,2.0
DVB,PHCL,Sp,1.0
LUAL,PHCL,Rp,1.0
DA09,PHCL,EJ,1.0
PHCR,PHCL,EJ,1.0
PLML,PHCL,EJ,1.0
VA12,PHCL,EJ,1.0
PHCR,PHCL,Sp,1.0
PVCL,PHCL,Rp,2.0
VA12,PHCL,Rp,2.0
AVHR,PHCR,Rp,1.0
DA09,PHCR,Rp,2.0
DVA,PHCR,R,3.0
DVA,PHCR,Rp,5.0
LUAR,PHCR,Rp,1.0
PHCL,PHCR,Rp,1.0
PHCL,PHCR,EJ,1.0
PVCR,PHCR,EJ,1.0
VA12,PHCR,EJ,1.0
PVCR,PHCR,Rp,8.0
VA12,PHCR,Rp,1.0
HSNL,PLML,R,1.0
LUAL,PLML,EJ,1.0
PHCL,PLML,EJ,1.0
PVCL,PLML,EJ,1.0
AS06,PLMR,Rp,1.0
AVAL,PLMR,R,1.0
AVAL,PLMR,Rp,3.0
AVAR,PLMR,Rp,1.0
AVDL,PLMR,R,1.0
AVDR,PLMR,Rp,4.0
AVJL,PLMR,Sp,2.0
DVA,PLMR,Rp,5.0
HSNR,PLMR,R,1.0
PDEL,PLMR,Rp,2.0
PDER,PLMR,Rp,3.0
LUAR,PLMR,EJ,1.0
PVCR,PLMR,EJ,1.0
PVR,PLMR,EJ,2.0
PVCL,PLMR,Rp,2.0
SAADL,PLNL,Rp,5.0
SMBVL,PLNL,R,1.0
SMBVL,PLNL,Rp,5.0
SMBVL,PLNL,Sp,1.0
SAADR,PLNR,Rp,4.0
SMBVR,PLNR,R,2.0
SMBVR,PLNR,Rp,4.0
AVAL,PQR,R,3.0
AVAL,PQR,Rp,5.0
AVAR,PQR,R,2.0
AVAR,PQR,Rp,9.0
AVDL,PQR,Rp,7.0
AVDR,PQR,Rp,6.0
AVDR,PQR,S,1.0
AVG,PQR,R,1.0
LUAR,PQR,Rp,1.0
LUAR,PQR,Sp,1.0
PVPL,PQR,EJ,4.0
PVNL,PQR,Rp,1.0
PVNL,PQR,Sp,1.0
PVNR,PQR,Sp,2.0
ADLR,PVCL,S,1.0
ADLR,PVCL,Sp,1.0
ALML,PVCL,S,2.0
ALML,PVCL,Sp,2.0
AS01,PVCL,R,1.0
AVAL,PVCL,R,1.0
AVAL,PVCL,Rp,1.0
AVAL,PVCL,S,3.0
AVAL,PVCL,Sp,7.0
AVAR,PVCL,Rp,4.0
AVAR,PVCL,S,2.0
AVAR,PVCL,Sp,5.0
AVBL,PVCL,Rp,5.0
AVBR,PVCL,R,1.0
AVBR,PVCL,Rp,11.0
AVDL,PVCL,Rp,5.0
AVDL,PVCL,Sp,1.0
AVDR,PVCL,Rp,2.0
AVEL,PVCL,Rp,2.0
AVER,PVCL,Rp,1.0
AVG,PVCL,Sp,1.0
AVJL,PVCL,R,1.0
AVJL,PVCL,Rp,2.0
AVJL,PVCL,Sp,1.0
AVJR,PVCL,R,1.0
AVJR,PVCL,Sp,2.0
AVM,PVCL,Sp,4.0
BDUR,PVCL,S,1.0
BDUR,PVCL,Sp,1.0
DA02,PVCL,R,1.0
DA05,PVCL,Rp,1.0
DA06,PVCL,Rp,1.0
DB02,PVCL,Rp,3.0
DB03,PVCL,R,1.0
DB03,PVCL,Rp,3.0
DB04,PVCL,R,1.0
DB04,PVCL,Rp,2.0
DB05,PVCL,Rp,2.0
DB06,PVCL,R,2.0
DB07,PVCL,R,1.0
DB07,PVCL,Rp,2.0
DVA,PVCL,Rp,4.0
DVA,PVCL,Sp,3.0
FLPR,PVCL,Sp,2.0
PDER,PVCL,S,1.0
PHBL,PVCL,Sp,13.0
PHBR,PVCL,Sp,6.0
PHCL,PVCL,Sp,2.0
PLMR,PVCL,Sp,2.0
AVAL,PVCL,EJ,2.0
AVJL,PVCL,EJ,1.0
AVJR,PVCL,EJ,1.0
DVA,PVCL,EJ,1.0
PLML,PVCL,EJ,1.0
PVCR,PVCL,EJ,5.0
VB09,PVCL,EJ,2.0
VB10,PVCL,EJ,1.0
PVCR,PVCL,Rp,2.0
PVCR,PVCL,S,1.0
PVCR,PVCL,Sp,2.0
PVDL,PVCL,Sp,1.0
PVDR,PVCL,S,2.0
PVDR,PVCL,Sp,11.0
PVM,PVCL,S,2.0
PVNL,PVCL,Sp,1.0
PVNR,PVCL,S,1.0
PVPR,PVCL,Sp,4.0
RID,PVCL,R,1.0
RID,PVCL,Rp,4.0
RIFR,PVCL,Sp,1.0
RIS,PVCL,R,2.0
SIBVL,PVCL,Rp,2.0
VA12,PVCL,S,2.0
VB03,PVCL,Rp,1.0
VB04,PVCL,Rp,1.0
VB05,PVCL,R,1.0
VB06,PVCL,Rp,2.0
VB08,PVCL,Rp,1.0
VB10,PVCL,R,2.0
VB11,PVCL,Rp,1.0
VD13,PVCL,Sp,1.0
ALML,PVCR,S,1.0
ALML,PVCR,Sp,1.0
ALMR,PVCR,S,3.0
AQR,PVCR,Rp,1.0
AQR,PVCR,Sp,2.0
AS02,PVCR,Rp,1.0
AVAL,PVCR,R,2.0
AVAL,PVCR,Rp,5.0
AVAL,PVCR,S,2.0
AVAL,PVCR,Sp,4.0
AVAR,PVCR,Rp,7.0
AVAR,PVCR,Sp,5.0
AVBL,PVCR,R,2.0
AVBL,PVCR,Rp,6.0
AVBR,PVCR,Rp,6.0
AVDL,PVCR,Rp,5.0
AVDR,PVCR,Rp,1.0
AVEL,PVCR,Rp,1.0
AVEL,PVCR,Sp,1.0
AVER,PVCR,Rp,1.0
AVJL,PVCR,Sp,2.0
AVJR,PVCR,S,1.0
AVJR,PVCR,Sp,3.0
AVL,PVCR,R,1.0
AVM,PVCR,S,1.0
AVM,PVCR,Sp,4.0
DA09,PVCR,Rp,1.0
DB02,PVCR,Rp,1.0
DB03,PVCR,R,1.0
DB03,PVCR,Rp,2.0
DB04,PVCR,Rp,4.0
DB05,PVCR,Rp,1.0
DB06,PVCR,R,2.0
DB07,PVCR,Rp,1.0
DVA,PVCR,Sp,1.0
FLPL,PVCR,Rp,1.0
LUAR,PVCR,Rp,1.0
LUAR,PVCR,Sp,3.0
PDEL,PVCR,Rp,1.0
PDER,PVCR,S,1.0
PHBR,PVCR,Sp,3.0
PHCR,PVCR,Sp,8.0
PVCL,PVCR,R,1.0
PVCL,PVCR,Rp,2.0
PVCL,PVCR,Sp,2.0
AVAL,PVCR,EJ,5.0
AVAR,PVCR,EJ,3.0
AVJL,PVCR,EJ,3.0
PDEL,PVCR,EJ,1.0
PHCR,PVCR,EJ,1.0
PLMR,PVCR,EJ,1.0
PVCL,PVCR,EJ,5.0
PVWL,PVCR,EJ,2.0
PVWR,PVCR,EJ,1.0
VA08,PVCR,EJ,2.0
PVDL,PVCR,Rp,1.0
PVDL,PVCR,Sp,6.0
PVDR,PVCR,Sp,10.0
VA09,PVCR,EJ,1.0
PVPL,PVCR,S,1.0
PVPL,PVCR,Sp,2.0
PVPR,PVCR,S,1.0
PVPR,PVCR,Sp,6.0
PVR,PVCR,Rp,1.0
PVR,PVCR,S,1.0
PVWR,PVCR,Rp,1.0
PVWR,PVCR,Sp,1.0
RID,PVCR,R,2.0
RID,PVCR,Rp,3.0
RIFR,PVCR,Sp,1.0
SIBVR,PVCR,Rp,2.0
VA12,PVCR,S,3.0
VB04,PVCR,R,2.0
VB04,PVCR,Rp,1.0
VB06,PVCR,R,1.0
VB06,PVCR,Rp,1.0
VB07,PVCR,Rp,3.0
VB08,PVCR,Rp,1.0
VB10,PVCR,R,1.0
VB11,PVCR,S,1.0
VC02,PVCR,S,1.0
VD13,PVCR,S,1.0
AVAL,PVDL,Rp,6.0
AVAR,PVDL,Rp,6.0
DD05,PVDL,Rp,1.0
PVCL,PVDL,Rp,1.0
PVCR,PVDL,Rp,6.0
PVCR,PVDL,Sp,1.0
PVDR,PVDL,Sp,1.0
VD10,PVDL,Rp,1.0
AVAL,PVDR,Rp,6.0
AVAR,PVDR,Rp,9.0
DVA,PVDR,R,2.0
DVA,PVDR,Rp,1.0
PVCL,PVDR,R,2.0
PVCL,PVDR,Rp,11.0
PVCR,PVDR,Rp,10.0
PVDL,PVDR,Rp,1.0
VA09,PVDR,Rp,1.0
AVKL,PVM,R,7.0
AVKL,PVM,Rp,4.0
AVKL,PVM,S,1.0
AVM,PVM,Rp,1.0
DVA,PVM,R,2.0
DVA,PVM,Rp,1.0
PDEL,PVM,R,1.0
PDEL,PVM,Rp,6.0
PDEL,PVM,Sp,2.0
PDER,PVM,R,2.0
PDER,PVM,Rp,6.0
PVCL,PVM,R,2.0
AVL,PVM,EJ,1.0
PDEL,PVM,EJ,1.0
PDER,PVM,EJ,1.0
PVR,PVM,Rp,1.0
AVAL,PVNL,Rp,2.0
AVBR,PVNL,R,1.0
AVDL,PVNL,Rp,3.0
AVDR,PVNL,Rp,3.0
AVEL,PVNL,R,1.0
AVFL,PVNL,Sp,2.0
AVFR,PVNL,Rp,1.0
AVG,PVNL,Rp,1.0
AVHR,PVNL,Sp,1.0
AVJL,PVNL,Rp,5.0
AVJR,PVNL,R,2.0
AVJR,PVNL,Rp,3.0
AVL,PVNL,Rp,2.0
AVM,PVNL,Sp,1.0
BDUL,PVNL,R,1.0
BDUL,PVNL,Rp,1.0
BDUL,PVNL,S,2.0
BDUR,PVNL,Rp,2.0
BDUR,PVNL,S,2.0
BDUR,PVNL,Sp,2.0
DD01,PVNL,Rp,2.0
LUAL,PVNL,Sp,1.0
PQR,PVNL,Rp,1.0
PQR,PVNL,Sp,1.0
PVCL,PVNL,Rp,1.0
AVBR,PVNL,EJ,2.0
PVNR,PVNL,Rp,5.0
PVNR,PVNL,Sp,1.0
PVQR,PVNL,EJ,1.0
PVT,PVNL,R,1.0
PVWL,PVNL,Rp,1.0
RIFL,PVNL,Rp,1.0
AIMR,PVNR,Sp,1.0
AVAL,PVNR,R,2.0
AVAL,PVNR,Rp,2.0
AVBL,PVNR,Rp,1.0
AVBL,PVNR,Sp,1.0
AVBR,PVNR,Rp,2.0
AVDR,PVNR,Rp,1.0
AVEL,PVNR,R,2.0
AVEL,PVNR,Rp,1.0
AVG,PVNR,S,1.0
AVG,PVNR,Sp,1.0
AVJL,PVNR,Rp,4.0
AVJL,PVNR,Sp,1.0
AVJR,PVNR,Rp,1.0
AVL,PVNR,Rp,2.0
BDUL,PVNR,Rp,1.0
BDUL,PVNR,Sp,2.0
BDUR,PVNR,R,2.0
BDUR,PVNR,Rp,2.0
BDUR,PVNR,Sp,1.0
DD03,PVNR,R,1.0
HSNR,PVNR,Rp,1.0
HSNR,PVNR,S,1.0
HSNR,PVNR,Sp,1.0
PDA,PVNR,Sp,1.0
PQR,PVNR,Rp,2.0
PVCL,PVNR,R,1.0
PVNL,PVNR,Rp,1.0
PVNL,PVNR,Sp,5.0
HSNR,PVNR,EJ,1.0
PVT,PVNR,Rp,2.0
PVWL,PVNR,Rp,2.0
VA11,PVNR,S,2.0
VC02,PVNR,R,1.0
VC02,PVNR,Rp,1.0
VC03,PVNR,Rp,1.0
VC03,PVNR,S,1.0
VD06,PVNR,R,1.0
VD07,PVNR,R,1.0
VD12,PVNR,Rp,1.0
ADAL,PVPL,Rp,1.0
AQR,PVPL,Rp,1.0
AQR,PVPL,Sp,1.0
AVAL,PVPL,R,1.0
AVAL,PVPL,Rp,1.0
AVAR,PVPL,R,1.0
AVAR,PVPL,Rp,1.0
AVBL,PVPL,R,2.0
AVBL,PVPL,Rp,3.0
AVBR,PVPL,Rp,6.0
AVDR,PVPL,Rp,2.0
AVER,PVPL,Rp,1.0
AVHR,PVPL,Rp,1.0
AVHR,PVPL,Sp,3.0
DVB,PVPL,S,1.0
DVB,PVPL,Sp,1.0
PVCR,PVPL,R,1.0
PVCR,PVPL,Rp,2.0
AQR,PVPL,EJ,7.0
AVAL,PVPL,EJ,1.0
AVKL,PVPL,EJ,1.0
AVKR,PVPL,EJ,6.0
DVC,PVPL,EJ,2.0
PHAR,PVPL,EJ,3.0
PQR,PVPL,EJ,4.0
PVPR,PVPL,EJ,1.0
PVT,PVPL,EJ,1.0
VD03,PVPL,EJ,1.0
VD13,PVPL,EJ,2.0
RIFL,PVPL,Sp,3.0
RIGL,PVPL,R,2.0
RIR,PVPL,Sp,1.0
ADFR,PVPR,Rp,1.0
ADFR,PVPR,Sp,1.0
AQR,PVPR,Rp,2.0
ASHR,PVPR,Rp,1.0
ASHR,PVPR,Sp,1.0
AVAL,PVPR,Rp,1.0
AVAR,PVPR,Rp,2.0
AVBL,PVPR,Rp,4.0
AVBR,PVPR,Rp,5.0
AVG,PVPR,Sp,1.0
AVHL,PVPR,Rp,3.0
AVHL,PVPR,Sp,2.0
AVL,PVPR,R,1.0
AVL,PVPR,Rp,3.0
AVL,PVPR,S,1.0
DD02,PVPR,Rp,1.0
DVC,PVPR,R,1.0
DVC,PVPR,Rp,1.0
PVCL,PVPR,Rp,4.0
PVCR,PVPR,R,1.0
PVCR,PVPR,Rp,6.0
AQR,PVPR,EJ,9.0
AVKL,PVPR,EJ,1.0
DVC,PVPR,EJ,13.0
PVPL,PVPR,EJ,1.0
VD04,PVPR,EJ,1.0
VD05,PVPR,EJ,1.0
PVQR,PVPR,Rp,1.0
RIAR,PVPR,R,2.0
RIFR,PVPR,Sp,4.0
RIGR,PVPR,Rp,1.0
RIMR,PVPR,Rp,1.0
RMGR,PVPR,Rp,1.0
VC03,PVPR,S,1.0
AIAL,PVQL,R,3.0
AIAL,PVQL,Rp,3.0
AIML,PVQL,S,1.0
ASJL,PVQL,Rp,1.0
ASJL,PVQL,S,8.0
ASJL,PVQL,Sp,6.0
ASKL,PVQL,Rp,4.0
AVFL,PVQL,Sp,1.0
AVFR,PVQL,Sp,1.0
AVHL,PVQL,S,1.0
AVKR,PVQL,S,1.0
HSNL,PVQL,Rp,2.0
PHAL,PVQL,Sp,2.0
PHAR,PVQL,Sp,2.0
ADAL,PVQL,EJ,1.0
ASKL,PVQL,EJ,5.0
PVQR,PVQL,EJ,2.0
RMGL,PVQL,Rp,1.0
AIAR,PVQR,R,3.0
AIAR,PVQR,Rp,4.0
ASER,PVQR,Rp,1.0
ASJR,PVQR,S,9.0
ASJR,PVQR,Sp,4.0
ASKR,PVQR,Rp,4.0
AVBL,PVQR,Rp,1.0
AVFL,PVQR,Sp,1.0
AVFR,PVQR,Rp,1.0
AVG,PVQR,Sp,1.0
AVHL,PVQR,Sp,2.0
AVJR,PVQR,S,1.0
AVL,PVQR,Rp,1.0
AWAR,PVQR,Rp,2.0
DD01,PVQR,Rp,1.0
DVC,PVQR,Rp,1.0
HSNR,PVQR,R,1.0
HSNR,PVQR,Sp,1.0
PVPR,PVQR,Sp,1.0
ADAR,PVQR,EJ,1.0
ASKR,PVQR,EJ,4.0
AVFL,PVQR,EJ,1.0
PVNL,PVQR,EJ,1.0
PVQL,PVQR,EJ,2.0
PVT,PVQR,Rp,1.0
RIFR,PVQR,Rp,1.0
VC02,PVQR,S,1.0
VC03,PVQR,S,4.0
VD01,PVQR,Rp,1.0
ADAL,PVR,Rp,1.0
ADER,PVR,Sp,1.0
AS06,PVR,R,1.0
AVBL,PVR,Rp,4.0
AVBR,PVR,Rp,4.0
AVJL,PVR,R,1.0
AVJL,PVR,Rp,2.0
AVJR,PVR,Rp,2.0
AVKL,PVR,R,1.0
AVM,PVR,Sp,3.0
DA09,PVR,R,1.0
DB02,PVR,R,1.0
DB03,PVR,R,1.0
DVA,PVR,Rp,1.0
DVA,PVR,S,1.0
DVA,PVR,Sp,2.0
IL1DL,PVR,Rp,1.0
IL1DL,PVR,S,1.0
IL1DR,PVR,Rp,1.0
IL1VL,PVR,Rp,1.0
IL1VR,PVR,Rp,1.0
LUAR,PVR,S,1.0
PDEL,PVR,Rp,1.0
PDEL,PVR,Sp,2.0
PDER,PVR,Rp,1.0
PVCR,PVR,R,1.0
PVCR,PVR,Sp,1.0
PVM,PVR,Sp,1.0
ALML,PVR,EJ,1.0
DVA,PVR,EJ,2.0
LUAL,PVR,EJ,1.0
LUAR,PVR,EJ,1.0
PLMR,PVR,EJ,2.0
RIPL,PVR,Rp,3.0
RIPR,PVR,Rp,3.0
SABD,PVR,Rp,1.0
SMDVL,PVR,S,1.0
URADL,PVR,Rp,1.0
AIBL,PVT,Rp,2.0
AIBR,PVT,Rp,4.0
AVEL,PVT,Sp,1.0
AVG,PVT,S,1.0
AVKL,PVT,R,2.0
AVKL,PVT,Rp,5.0
AVKR,PVT,Rp,7.0
AVL,PVT,Rp,2.0
DVC,PVT,R,2.0
DVC,PVT,Sp,1.0
PVNL,PVT,S,1.0
PVNR,PVT,Sp,2.0
PVQR,PVT,Sp,1.0
AIBL,PVT,EJ,1.0
AIBR,PVT,EJ,1.0
AVKL,PVT,EJ,2.0
PVPL,PVT,EJ,1.0
RIBL,PVT,EJ,1.0
PVWL,PVT,Sp,2.0
RIBR,PVT,EJ,1.0
PVWR,PVT,S,1.0
RIGL,PVT,Rp,2.0
RIGR,PVT,Rp,3.0
RIH,PVT,R,1.0
RMEV,PVT,Rp,1.0
RMFL,PVT,Rp,2.0
RMFL,PVT,Sp,1.0
RMFR,PVT,R,1.0
RMFR,PVT,Rp,2.0
SMBDR,PVT,Rp,1.0
VA09,PVT,S,1.0
VB10,PVT,S,1.0
VC01,PVT,S,2.0
VC02,PVT,S,2.0
VC05,PVT,S,1.0
AVJL,PVWL,Rp,1.0
AVL,PVWL,Sp,1.0
LUAL,PVWL,Sp,1.0
LUAR,PVWL,Sp,1.0
PVNL,PVWL,Sp,1.0
PVNR,PVWL,Sp,2.0
PVT,PVWL,Rp,2.0
PVWR,PVWL,Rp,1.0
PVCR,PVWL,EJ,2.0
VA12,PVWL,Rp,1.0
AVAR,PVWR,Rp,1.0
AVDR,PVWR,Rp,1.0
PVCR,PVWR,Rp,1.0
PVCR,PVWR,Sp,1.0
PVT,PVWR,R,1.0
PVWL,PVWR,Sp,1.0
PVCR,PVWR,EJ,1.0
VA12,PVWR,Rp,1.0
ADEL,RIAL,Sp,1.0
ADFL,RIAL,S,3.0
ADFL,RIAL,Sp,12.0
AIBR,RIAL,Sp,1.0
AIYL,RIAL,S,1.0
AIYL,RIAL,Sp,6.0
AIZL,RIAL,S,3.0
AIZL,RIAL,Sp,5.0
AQR,RIAL,S,1.0
AQR,RIAL,Sp,2.0
ASHL,RIAL,Sp,4.0
AUAL,RIAL,Sp,5.0
AWBL,RIAL,S,1.0
AWBL,RIAL,Sp,2.0
AWCL,RIAL,S,2.0
AWCL,RIAL,Sp,1.0
BAGR,RIAL,S,2.0
BAGR,RIAL,Sp,3.0
CEPVL,RIAL,Rp,1.0
DVA,RIAL,S,1.0
IL2VL,RIAL,Sp,1.0
RIAR,RIAL,Rp,1.0
RIAR,RIAL,Sp,4.0
RIBL,RIAL,S,1.0
RIBL,RIAL,Sp,2.0
RIH,RIAL,S,1.0
RIH,RIAL,Sp,10.0
RIR,RIAL,S,1.0
RIR,RIAL,Sp,4.0
RIVL,RIAL,Rp,2.0
RIVL,RIAL,Sp,1.0
RIVR,RIAL,R,1.0
RIVR,RIAL,Rp,3.0
RIVR,RIAL,Sp,2.0
RMDDL,RIAL,R,2.0
RMDDL,RIAL,Rp,10.0
RMDDR,RIAL,Rp,7.0
RMDL,RIAL,R,4.0
RMDL,RIAL,Rp,2.0
RMDL,RIAL,Sp,4.0
RMDR,RIAL,R,4.0
RMDR,RIAL,Rp,2.0
RMDR,RIAL,Sp,3.0
RMDVL,RIAL,R,1.0
RMDVL,RIAL,Rp,8.0
RMDVR,RIAL,R,2.0
RMDVR,RIAL,Rp,9.0
SIADL,RIAL,Rp,2.0
SMDDL,RIAL,R,3.0
SMDDL,RIAL,Rp,5.0
SMDDL,RIAL,Sp,1.0
SMDDR,RIAL,R,3.0
SMDDR,RIAL,Rp,7.0
SMDDR,RIAL,Sp,2.0
SMDVL,RIAL,R,1.0
SMDVL,RIAL,Rp,5.0
SMDVL,RIAL,Sp,3.0
SMDVR,RIAL,R,1.0
SMDVR,RIAL,Rp,10.0
SMDVR,RIAL,Sp,7.0
URXL,RIAL,S,1.0
URXL,RIAL,Sp,7.0
URYVL,RIAL,Sp,1.0
ADFR,RIAR,S,1.0
ADFR,RIAR,Sp,15.0
AIYR,RIAR,Sp,6.0
AIZR,RIAR,S,4.0
AIZR,RIAR,Sp,3.0
AQR,RIAR,S,1.0
AQR,RIAR,Sp,1.0
ASEL,RIAR,S,1.0
ASHR,RIAR,Sp,2.0
AUAR,RIAR,S,1.0
AUAR,RIAR,Sp,5.0
AWBR,RIAR,Sp,1.0
BAGL,RIAR,S,2.0
BAGL,RIAR,Sp,3.0
CEPVR,RIAR,Rp,1.0
DVA,RIAR,S,1.0
DVA,RIAR,Sp,1.0
IL1R,RIAR,Rp,1.0
IL2VR,RIAR,Sp,2.0
PVPR,RIAR,S,2.0
RIAL,RIAR,Rp,4.0
RIAL,RIAR,Sp,1.0
RIBR,RIAR,Sp,2.0
RIH,RIAR,Sp,8.0
RIR,RIAR,Sp,1.0
RIVL,RIAR,Rp,1.0
RIVL,RIAR,S,1.0
RIVR,RIAR,S,1.0
RIVR,RIAR,Sp,1.0
RMDDL,RIAR,R,1.0
RMDDL,RIAR,Rp,9.0
RMDDR,RIAR,R,1.0
RMDDR,RIAR,Rp,10.0
RMDL,RIAR,R,2.0
RMDL,RIAR,Rp,1.0
RMDL,RIAR,Sp,3.0
RMDR,RIAR,R,1.0
RMDR,RIAR,Rp,7.0
RMDR,RIAR,S,3.0
RMDR,RIAR,Sp,4.0
RMDVL,RIAR,Rp,12.0
RMDVR,RIAR,R,1.0
RMDVR,RIAR,Rp,9.0
SAADR,RIAR,Rp,1.0
SIADL,RIAR,Rp,1.0
SIADR,RIAR,Rp,1.0
SIAVL,RIAR,Rp,1.0
SMDDL,RIAR,R,2.0
SMDDL,RIAR,Rp,5.0
SMDDL,RIAR,S,1.0
SMDDL,RIAR,Sp,1.0
SMDDR,RIAR,R,1.0
SMDDR,RIAR,Rp,6.0
SMDDR,RIAR,S,1.0
SMDVL,RIAR,R,2.0
SMDVL,RIAR,Rp,11.0
SMDVL,RIAR,Sp,8.0
SMDVR,RIAR,R,1.0
SMDVR,RIAR,Rp,6.0
SMDVR,RIAR,Sp,5.0
URXR,RIAR,Sp,3.0
URYVR,RIAR,Sp,1.0
AIBR,RIBL,Rp,2.0
AIBR,RIBL,Sp,4.0
AINL,RIBL,S,1.0
AINR,RIBL,Sp,2.0
AIYL,RIBL,Sp,4.0
ASIL,RIBL,Sp,1.0
AUAL,RIBL,Rp,1.0
AUAL,RIBL,S,2.0
AUAL,RIBL,Sp,7.0
AVAL,RIBL,R,1.0
AVAL,RIBL,Rp,1.0
AVBR,RIBL,Rp,1.0
AVDR,RIBL,Rp,1.0
AVEL,RIBL,R,1.0
AVEL,RIBL,Rp,1.0
AVER,RIBL,R,3.0
AVER,RIBL,Rp,2.0
BAGL,RIBL,S,1.0
BAGR,RIBL,Rp,1.0
BAGR,RIBL,S,1.0
BAGR,RIBL,Sp,3.0
CEPDL,RIBL,Sp,2.0
DVC,RIBL,Sp,1.0
IL2DL,RIBL,Sp,1.0
OLLL,RIBL,Sp,8.0
RIAL,RIBL,R,1.0
RIAL,RIBL,Rp,2.0
AVBL,RIBL,EJ,1.0
AVBR,RIBL,EJ,1.0
OLQDL,RIBL,EJ,2.0
OLQVL,RIBL,EJ,1.0
PVT,RIBL,EJ,1.0
RIBL,RIBL,EJ,1.0
RIBR,RIBL,EJ,3.0
RIGL,RIBL,EJ,1.0
SIADL,RIBL,EJ,1.0
SIAVL,RIBL,EJ,1.0
SIBDL,RIBL,EJ,1.0
SIBVL,RIBL,EJ,1.0
SIBVR,RIBL,EJ,1.0
SMBDL,RIBL,EJ,1.0
SMDDL,RIBL,EJ,1.0
SMDVR,RIBL,EJ,2.0
RIGL,RIBL,S,1.0
RIH,RIBL,Sp,5.0
RIML,RIBL,S,1.0
RIS,RIBL,Sp,3.0
RMED,RIBL,Sp,1.0
SMDVR,RIBL,Rp,2.0
URYDL,RIBL,Sp,1.0
URYVL,RIBL,Sp,2.0
AIBL,RIBR,R,1.0
AIBL,RIBR,Rp,1.0
AIBL,RIBR,S,1.0
AIBL,RIBR,Sp,3.0
AINL,RIBR,Sp,2.0
AIYR,RIBR,Sp,2.0
AIZR,RIBR,R,1.0
AUAR,RIBR,S,4.0
AUAR,RIBR,Sp,9.0
AVAR,RIBR,R,2.0
AVEL,RIBR,R,2.0
AVEL,RIBR,Rp,1.0
AVER,RIBR,R,1.0
AVER,RIBR,Rp,1.0
BAGL,RIBR,R,1.0
BAGL,RIBR,Rp,1.0
BAGL,RIBR,S,1.0
BAGL,RIBR,Sp,6.0
CEPDR,RIBR,Sp,1.0
DVC,RIBR,Sp,1.0
OLLR,RIBR,S,2.0
OLLR,RIBR,Sp,8.0
RIAR,RIBR,Rp,2.0
AVBL,RIBR,EJ,1.0
AVBR,RIBR,EJ,1.0
OLQDR,RIBR,EJ,2.0
OLQVR,RIBR,EJ,1.0
PVT,RIBR,EJ,1.0
RIBL,RIBR,EJ,3.0
RIBR,RIBR,EJ,1.0
RIGR,RIBR,EJ,1.0
SIADR,RIBR,EJ,1.0
SIAVR,RIBR,EJ,1.0
SIBDR,RIBR,EJ,1.0
SIBVR,RIBR,EJ,1.0
SMBDR,RIBR,EJ,1.0
SMDDL,RIBR,EJ,1.0
SMDDR,RIBR,EJ,1.0
SMDVL,RIBR,EJ,2.0
RIGR,RIBR,R,1.0
RIGR,RIBR,S,1.0
RIH,RIBR,Rp,1.0
RIH,RIBR,Sp,4.0
RIMR,RIBR,Sp,1.0
RIS,RIBR,Sp,5.0
RMED,RIBR,Sp,1.0
SMDDL,RIBR,Rp,1.0
URYDR,RIBR,Sp,1.0
URYVR,RIBR,Sp,1.0
ADAL,RICL,S,1.0
ADAL,RICL,Sp,1.0
ADAR,RICL,Rp,1.0
ADAR,RICL,Sp,1.0
ADLR,RICL,Sp,1.0
AVAL,RICL,Rp,5.0
AVAR,RICL,Rp,6.0
AVKR,RICL,Rp,1.0
CEPDL,RICL,S,1.0
CEPDL,RICL,Sp,1.0
CEPDR,RICL,Sp,4.0
CEPVL,RICL,S,1.0
CEPVL,RICL,Sp,6.0
CEPVR,RICL,Sp,2.0
IL2L,RICL,Sp,1.0
OLQDR,RICL,S,1.0
OLQVL,RICL,S,1.0
ASHL,RICL,EJ,2.0
AVKL,RICL,EJ,1.0
AVKR,RICL,EJ,1.0
AWBR,RICL,EJ,1.0
RIML,RICL,Rp,1.0
RIMR,RICL,R,1.0
RIMR,RICL,Rp,2.0
RIVR,RICL,R,1.0
RMFR,RICL,Rp,1.0
SMBDL,RICL,Rp,2.0
SMDDL,RICL,Rp,3.0
SMDDR,RICL,Rp,3.0
SMDVR,RICL,Rp,1.0
URXL,RICL,S,1.0
ADAL,RICR,Sp,1.0
ADAR,RICR,Rp,1.0
ADLR,RICR,Sp,1.0
AVAL,RICR,Rp,5.0
AVAR,RICR,Rp,5.0
CEPDL,RICR,S,2.0
CEPDL,RICR,Sp,2.0
CEPDR,RICR,Sp,3.0
CEPVL,RICR,Sp,4.0
CEPVR,RICR,S,2.0
CEPVR,RICR,Sp,2.0
IL2DR,RICR,Sp,1.0
OLQDL,RICR,S,1.0
OLQDR,RICR,Sp,1.0
OLQVR,RICR,S,1.0
ASHR,RICR,EJ,2.0
AVKL,RICR,EJ,1.0
SDQL,RICR,Sp,1.0
SDQR,RICR,Sp,1.0
SMBDR,RICR,Rp,1.0
SMDDL,RICR,Rp,4.0
SMDDR,RICR,Rp,3.0
SMDVL,RICR,Rp,2.0
SMDVR,RICR,Rp,1.0
URBL,RICR,S,1.0
URBR,RICR,S,1.0
AINR,RID,Sp,1.0
AS02,RID,Rp,1.0
AVM,RID,Sp,1.0
DA06,RID,Rp,3.0
DD01,RID,R,2.0
DD01,RID,Rp,2.0
DD02,RID,R,2.0
DD02,RID,Rp,2.0
DD03,RID,Rp,3.0
PVCL,RID,S,1.0
PVCL,RID,Sp,4.0
PVCR,RID,S,2.0
PVCR,RID,Sp,3.0
ALA,RID,EJ,1.0
AVBL,RID,EJ,1.0
AVBR,RID,EJ,2.0
DA09,RID,EJ,1.0
DB01,RID,EJ,1.0
PDB,RID,EJ,2.0
RMGL,RID,Sp,1.0
VD05,RID,Rp,2.0
VD13,RID,R,1.0
ADEL,RIFL,Sp,1.0
AIAL,RIFL,Sp,1.0
AIBL,RIFL,Sp,1.0
AIML,RIFL,Sp,1.0
ALML,RIFL,Rp,2.0
AVBL,RIFL,Rp,10.0
AVBR,RIFL,Rp,1.0
AVHR,RIFL,Rp,1.0
AVJR,RIFL,Rp,2.0
HSNL,RIFL,Sp,3.0
PVNL,RIFL,Sp,1.0
PVPL,RIFL,Rp,3.0
AVG,RIFL,EJ,1.0
VD01,RIFL,EJ,1.0
RIML,RIFL,Rp,4.0
AIAR,RIFR,Sp,2.0
AIMR,RIFR,Sp,1.0
ASHR,RIFR,Rp,2.0
ASKR,RIFR,Sp,1.0
AVBL,RIFR,Rp,1.0
AVBR,RIFR,R,3.0
AVBR,RIFR,Rp,14.0
AVFL,RIFR,Rp,1.0
AVHL,RIFR,Rp,1.0
AVJL,RIFR,Rp,1.0
AVJL,RIFR,Sp,1.0
AVJR,RIFR,Rp,2.0
AWAR,RIFR,Sp,2.0
HSNR,RIFR,Rp,1.0
HSNR,RIFR,S,1.0
HSNR,RIFR,Sp,3.0
PVCL,RIFR,Rp,1.0
PVCR,RIFR,Rp,1.0
PVPR,RIFR,Rp,4.0
PVQR,RIFR,Sp,1.0
AVG,RIFR,EJ,1.0
RIMR,RIFR,Rp,4.0
RIPR,RIFR,Rp,1.0
ADEL,RIGL,S,2.0
ADEL,RIGL,Sp,3.0
ADER,RIGL,S,4.0
ADER,RIGL,Sp,3.0
ADFL,RIGL,Sp,1.0
AIZL,RIGL,S,1.0
AIZR,RIGL,Rp,1.0
ALNL,RIGL,Rp,1.0
AVAR,RIGL,Sp,1.0
AVEL,RIGL,R,1.0
AVEL,RIGL,Rp,1.0
AVER,RIGL,Rp,1.0
AVHR,RIGL,Sp,1.0
AVKR,RIGL,Rp,2.0
BAGL,RIGL,S,1.0
BAGR,RIGL,Rp,1.0
BAGR,RIGL,S,2.0
BAGR,RIGL,Sp,3.0
DVC,RIGL,Rp,1.0
DVC,RIGL,S,1.0
DVC,RIGL,Sp,4.0
PVPL,RIGL,S,2.0
PVT,RIGL,Sp,2.0
RIBL,RIGL,R,1.0
AIBR,RIGL,EJ,3.0
AQR,RIGL,EJ,2.0
AVKL,RIGL,EJ,1.0
BAGR,RIGL,EJ,1.0
OLLL,RIGL,EJ,1.0
OLQDL,RIGL,EJ,1.0
OLQVL,RIGL,EJ,1.0
RIBL,RIGL,EJ,1.0
RIGR,RIGL,EJ,3.0
RMEL,RIGL,EJ,1.0
URYDL,RIGL,EJ,1.0
URYVL,RIGL,EJ,1.0
VB02,RIGL,EJ,1.0
VD01,RIGL,EJ,2.0
RIR,RIGL,R,2.0
RIR,RIGL,Sp,1.0
RMFL,RIGL,Rp,1.0
RMHR,RIGL,Rp,3.0
URXL,RIGL,S,2.0
URXL,RIGL,Sp,1.0
ADEL,RIGR,S,3.0
ADEL,RIGR,Sp,3.0
ADER,RIGR,Sp,4.0
ADFR,RIGR,S,1.0
ADFR,RIGR,Sp,2.0
AIBL,RIGR,Sp,1.0
ALNR,RIGR,Rp,1.0
AVER,RIGR,R,2.0
AVKL,RIGR,Rp,4.0
AVKR,RIGR,Rp,1.0
AWAR,RIGR,S,1.0
BAGL,RIGR,S,3.0
BAGL,RIGR,Sp,1.0
DVC,RIGR,Sp,5.0
PVPR,RIGR,Sp,1.0
PVT,RIGR,Sp,3.0
RIBR,RIGR,R,1.0
RIBR,RIGR,S,1.0
AIBL,RIGR,EJ,3.0
AQR,RIGR,EJ,1.0
AVKR,RIGR,EJ,1.0
BAGL,RIGR,EJ,1.0
OLLR,RIGR,EJ,1.0
OLQDR,RIGR,EJ,1.0
OLQVR,RIGR,EJ,1.0
RIBR,RIGR,EJ,1.0
RIGL,RIGR,EJ,3.0
URYDR,RIGR,EJ,1.0
URYVR,RIGR,EJ,1.0
RIR,RIGR,R,1.0
RMFL,RIGR,S,1.0
RMHL,RIGR,Rp,4.0
URXR,RIGR,S,2.0
ADEL,RIH,Sp,2.0
ADER,RIH,Sp,1.0
ADFR,RIH,Rp,1.0
AIZL,RIH,Rp,4.0
AIZR,RIH,Rp,4.0
AUAR,RIH,Rp,1.0
BAGR,RIH,Rp,1.0
CEPDL,RIH,R,1.0
CEPDR,RIH,R,1.0
CEPVL,RIH,R,1.0
CEPVR,RIH,R,1.0
CEPVR,RIH,Rp,1.0
IL1DL,RIH,Sp,1.0
IL2L,RIH,Rp,2.0
IL2L,RIH,Sp,7.0
IL2R,RIH,Rp,1.0
IL2R,RIH,Sp,6.0
IL2VL,RIH,Sp,2.0
IL2VR,RIH,S,1.0
IL2VR,RIH,Sp,2.0
OLQDL,RIH,R,2.0
OLQDL,RIH,Rp,2.0
OLQDR,RIH,Rp,2.0
OLQVL,RIH,Rp,1.0
OLQVL,RIH,Sp,1.0
OLQVR,RIH,Rp,6.0
OLQVR,RIH,Sp,2.0
PVT,RIH,S,1.0
RIAL,RIH,R,1.0
RIAL,RIH,Rp,10.0
RIAR,RIH,Rp,8.0
RIBL,RIH,Rp,5.0
RIBR,RIH,Rp,4.0
RIBR,RIH,Sp,1.0
CEPDL,RIH,EJ,1.0
CEPDR,RIH,EJ,1.0
CEPVL,RIH,EJ,1.0
CEPVR,RIH,EJ,1.0
FLPL,RIH,EJ,1.0
OLQDR,RIH,EJ,1.0
RIPL,RIH,R,4.0
RIPL,RIH,Rp,1.0
RIPR,RIH,R,3.0
RIPR,RIH,Rp,3.0
RMER,RIH,Rp,2.0
RMEV,RIH,Rp,1.0
URYVL,RIH,Sp,1.0
URYVR,RIH,Rp,1.0
ADAL,RIML,Sp,3.0
AIBL,RIML,Sp,2.0
AIBR,RIML,S,4.0
AIBR,RIML,Sp,12.0
AIZL,RIML,Sp,4.0
ASHL,RIML,Sp,1.0
AVAL,RIML,Rp,1.0
AVBL,RIML,Rp,2.0
AVBR,RIML,Rp,3.0
AVKL,RIML,Sp,2.0
AVKR,RIML,Sp,2.0
HSNL,RIML,Sp,2.0
RIBL,RIML,R,1.0
RICL,RIML,Sp,1.0
RIFL,RIML,Sp,4.0
AIBR,RIML,EJ,1.0
AIYL,RIML,EJ,1.0
AVAR,RIML,EJ,2.0
AVEL,RIML,EJ,2.0
AVER,RIML,EJ,3.0
RIS,RIML,EJ,1.0
RIS,RIML,Sp,1.0
RMDL,RIML,Rp,1.0
RMDR,RIML,Rp,1.0
RMFR,RIML,Rp,1.0
SAADL,RIML,S,1.0
SAADL,RIML,Sp,2.0
SAADR,RIML,R,1.0
SAADR,RIML,S,1.0
SAADR,RIML,Sp,3.0
SAAVL,RIML,Rp,3.0
SAAVL,RIML,Sp,2.0
SAAVR,RIML,R,2.0
SAAVR,RIML,Sp,5.0
SMDDR,RIML,R,1.0
SMDDR,RIML,Rp,4.0
SMDVL,RIML,Rp,1.0
VB01,RIML,Sp,2.0
ADAR,RIMR,Rp,1.0
ADAR,RIMR,Sp,5.0
AIBL,RIMR,Rp,4.0
AIBL,RIMR,S,1.0
AIBL,RIMR,Sp,12.0
AIBR,RIMR,Sp,1.0
AIZR,RIMR,S,1.0
AIZR,RIMR,Sp,3.0
AVAL,RIMR,Rp,2.0
AVBL,RIMR,Rp,2.0
AVBR,RIMR,R,1.0
AVBR,RIMR,Rp,4.0
AVHL,RIMR,Sp,1.0
AVJL,RIMR,Rp,1.0
AVKL,RIMR,Rp,1.0
AVKL,RIMR,Sp,1.0
AVKR,RIMR,Sp,2.0
DVA,RIMR,Sp,1.0
PVPR,RIMR,Sp,1.0
RIBR,RIMR,Rp,1.0
RICL,RIMR,S,1.0
RICL,RIMR,Sp,2.0
RIFR,RIMR,Sp,4.0
AIBL,RIMR,EJ,1.0
AIYR,RIMR,EJ,1.0
AVAL,RIMR,EJ,3.0
AVAR,RIMR,EJ,1.0
AVEL,RIMR,EJ,3.0
AVER,RIMR,EJ,2.0
RIS,RIMR,EJ,1.0
RIS,RIMR,Rp,1.0
RIS,RIMR,S,1.0
RIS,RIMR,Sp,3.0
RMDL,RIMR,R,2.0
RMDL,RIMR,Rp,1.0
RMDR,RIMR,Rp,1.0
RMDR,RIMR,S,2.0
RMFL,RIMR,Rp,1.0
RMFR,RIMR,Rp,1.0
SAADL,RIMR,S,1.0
SAADL,RIMR,Sp,5.0
SAADR,RIMR,S,2.0
SAADR,RIMR,Sp,3.0
SAAVL,RIMR,R,1.0
SAAVL,RIMR,Rp,2.0
SAAVL,RIMR,Sp,12.0
SAAVR,RIMR,Rp,3.0
SAAVR,RIMR,Sp,2.0
SMDDL,RIMR,Rp,2.0
SMDDR,RIMR,Rp,4.0
ADAL,RIPL,Sp,1.0
ADLL,RIPL,Sp,1.0
ASHL,RIPL,Sp,1.0
CEPDL,RIPL,Sp,2.0
CEPVL,RIPL,Sp,1.0
IL1DL,RIPL,Sp,2.0
IL1VL,RIPL,Sp,4.0
IL2DL,RIPL,Sp,10.0
IL2VL,RIPL,Sp,11.0
OLQDL,RIPL,R,1.0
OLQDR,RIPL,R,1.0
OLQVL,RIPL,Sp,1.0
PVR,RIPL,Sp,3.0
RIH,RIPL,S,4.0
RIH,RIPL,Sp,1.0
RMED,RIPL,EJ,1.0
URADL,RIPL,Sp,3.0
URAVL,RIPL,Sp,3.0
ADAR,RIPR,Sp,1.0
CEPVR,RIPR,Sp,1.0
IL1DR,RIPR,Sp,5.0
IL1VR,RIPR,S,1.0
IL1VR,RIPR,Sp,5.0
IL2DR,RIPR,Sp,11.0
IL2VR,RIPR,S,1.0
IL2VR,RIPR,Sp,14.0
OLQDL,RIPR,R,1.0
OLQDR,RIPR,R,1.0
OLQVR,RIPR,Sp,2.0
PVR,RIPR,Sp,3.0
RIFR,RIPR,Sp,1.0
RIH,RIPR,S,3.0
RIH,RIPR,Sp,3.0
RMED,RIPR,EJ,1.0
URADR,RIPR,Sp,3.0
URAVR,RIPR,Sp,3.0
URXR,RIPR,Sp,3.0
ADFL,RIR,Sp,2.0
ADFR,RIR,Sp,3.0
AFDR,RIR,Rp,1.0
AIZL,RIR,R,3.0
AIZL,RIR,Rp,3.0
AIZR,RIR,R,4.0
AIZR,RIR,Rp,1.0
AUAL,RIR,Rp,1.0
AVHL,RIR,Sp,3.0
AVHR,RIR,S,1.0
AVHR,RIR,Sp,3.0
AWAR,RIR,Sp,2.0
AWBR,RIR,Rp,1.0
AWBR,RIR,Sp,2.0
BAGR,RIR,Rp,1.0
DVA,RIR,Rp,2.0
DVA,RIR,Sp,3.0
HSNL,RIR,Rp,1.0
PVPL,RIR,Rp,1.0
RIAL,RIR,R,1.0
RIAL,RIR,Rp,4.0
RIAR,RIR,Rp,1.0
RIGL,RIR,Rp,1.0
RIGL,RIR,S,2.0
RIGR,RIR,S,1.0
BAGL,RIR,EJ,1.0
BAGR,RIR,EJ,1.0
RMGR,RIR,Sp,1.0
URXL,RIR,Rp,5.0
URXR,RIR,R,1.0
URXR,RIR,Rp,1.0
AVEL,RIS,Rp,7.0
AVER,RIS,Rp,7.0
AVJL,RIS,Sp,1.0
AVKL,RIS,R,1.0
AVKR,RIS,Rp,4.0
AVL,RIS,Rp,2.0
CEPDL,RIS,Sp,1.0
CEPDR,RIS,Rp,1.0
CEPDR,RIS,Sp,1.0
CEPVL,RIS,Rp,2.0
CEPVR,RIS,Rp,1.0
OLLR,RIS,Rp,1.0
PVCL,RIS,S,2.0
RIBL,RIS,Rp,3.0
RIBR,RIS,Rp,5.0
RIML,RIS,Rp,1.0
RIMR,RIS,R,1.0
RIMR,RIS,Rp,3.0
RIMR,RIS,Sp,1.0
AIBR,RIS,EJ,1.0
AVJL,RIS,EJ,1.0
DB01,RIS,EJ,1.0
RIML,RIS,EJ,1.0
RIMR,RIS,EJ,1.0
SMDDL,RIS,EJ,1.0
SMDDR,RIS,EJ,1.0
SMDVL,RIS,EJ,1.0
RMDDL,RIS,Rp,1.0
RMDL,RIS,Rp,2.0
RMDR,RIS,R,1.0
RMDR,RIS,Rp,3.0
RMDR,RIS,Sp,1.0
SDQL,RIS,S,2.0
SDQL,RIS,Sp,1.0
SMDDR,RIS,Rp,2.0
SMDVR,RIS,Rp,1.0
URYVL,RIS,Sp,1.0
URYVR,RIS,Rp,1.0
ADEL,RIVL,Sp,1.0
CEPVR,RIVL,Sp,1.0
RIAL,RIVL,Rp,1.0
RIAL,RIVL,Sp,2.0
RIAR,RIVL,R,1.0
RIAR,RIVL,Sp,1.0
AIBL,RIVL,EJ,1.0
RIVR,RIVL,EJ,2.0
SDQR,RIVL,EJ,2.0
SMDVL,RIVL,EJ,1.0
RMDL,RIVL,Rp,2.0
SAADR,RIVL,R,3.0
SIAVR,RIVL,Rp,2.0
SMDDR,RIVL,Rp,1.0
SMDVL,RIVL,Sp,1.0
ADAR,RIVR,Sp,1.0
ADEL,RIVR,Sp,1.0
RIAL,RIVR,Rp,2.0
RIAL,RIVR,S,1.0
RIAL,RIVR,Sp,3.0
RIAR,RIVR,R,1.0
RIAR,RIVR,Rp,1.0
RICL,RIVR,S,1.0
AIBR,RIVR,EJ,1.0
RIVL,RIVR,EJ,2.0
SDQR,RIVR,EJ,2.0
RMDDL,RIVR,Rp,1.0
SMDVR,RIVR,EJ,2.0
RMDR,RIVR,Rp,1.0
RMDVR,RIVR,Rp,1.0
RMEV,RIVR,R,1.0
SAADL,RIVR,R,2.0
SIAVL,RIVR,Rp,2.0
SMDDL,RIVR,Rp,2.0
SMDVR,RIVR,Rp,2.0
SMDVR,RIVR,Sp,1.0
ALMR,RMDDL,Sp,1.0
CEPDR,RMDDL,Sp,1.0
CEPVL,RMDDL,Sp,4.0
IL1L,RMDDL,Sp,5.0
IL1R,RMDDL,Sp,3.0
IL1VL,RMDDL,Sp,5.0
OLLL,RMDDL,Sp,7.0
OLQDR,RMDDL,S,1.0
OLQDR,RMDDL,Sp,2.0
RIAL,RMDDL,S,2.0
RIAL,RMDDL,Sp,10.0
RIAR,RMDDL,S,1.0
RIAR,RMDDL,Sp,9.0
RIS,RMDDL,Sp,1.0
RIVR,RMDDL,Sp,1.0
OLQVL,RMDDL,EJ,1.0
RMDL,RMDDL,EJ,1.0
RMDVL,RMDDL,EJ,1.0
SMDDL,RMDDL,EJ,1.0
RMDR,RMDDL,S,1.0
RMDVR,RMDDL,Rp,7.0
RMDVR,RMDDL,S,1.0
RMDVR,RMDDL,Sp,3.0
SMDVR,RMDDL,S,1.0
SMDVR,RMDDL,Sp,1.0
URYDR,RMDDL,Sp,3.0
URYVL,RMDDL,Sp,4.0
ALML,RMDDR,S,1.0
CEPVR,RMDDR,Sp,2.0
IL1DL,RMDDR,Sp,1.0
IL1R,RMDDR,Sp,2.0
IL1VR,RMDDR,Sp,10.0
OLLR,RMDDR,Sp,10.0
OLQDL,RMDDR,S,1.0
OLQDL,RMDDR,Sp,3.0
RIAL,RMDDR,Sp,7.0
RIAR,RMDDR,S,1.0
RIAR,RMDDR,Sp,10.0
OLQVR,RMDDR,EJ,1.0
RMDVR,RMDDR,EJ,1.0
SAADR,RMDDR,EJ,1.0
RMDL,RMDDR,S,1.0
SMDDR,RMDDR,EJ,1.0
RMDVL,RMDDR,R,1.0
RMDVL,RMDDR,Rp,11.0
RMDVL,RMDDR,Sp,6.0
SMDVL,RMDDR,Sp,1.0
URBL,RMDDR,Sp,1.0
URYDL,RMDDR,Rp,1.0
URYDL,RMDDR,S,1.0
URYDL,RMDDR,Sp,3.0
URYVR,RMDDR,Sp,6.0
ADEL,RMDL,S,2.0
ADEL,RMDL,Sp,2.0
IL1L,RMDL,Sp,1.0
IL1R,RMDL,S,1.0
IL1R,RMDL,Sp,3.0
IL2L,RMDL,S,1.0
IL2L,RMDL,Sp,2.0
IL2R,RMDL,S,1.0
IL2R,RMDL,Sp,1.0
OLLL,RMDL,S,2.0
OLLR,RMDL,Rp,2.0
OLLR,RMDL,S,3.0
RIAL,RMDL,Rp,4.0
RIAL,RMDL,S,4.0
RIAL,RMDL,Sp,2.0
RIAR,RMDL,Rp,3.0
RIAR,RMDL,S,2.0
RIAR,RMDL,Sp,1.0
RIML,RMDL,Sp,1.0
RIMR,RMDL,S,2.0
RIMR,RMDL,Sp,1.0
RIS,RMDL,Sp,2.0
RIVL,RMDL,Sp,2.0
RMDDR,RMDL,R,1.0
RMDR,RMDL,Rp,3.0
RMDR,RMDL,Sp,1.0
RMDDL,RMDL,EJ,1.0
RMDVL,RMDL,EJ,1.0
RMER,RMDL,Rp,1.0
RMFL,RMDL,Rp,1.0
RMFR,RMDL,Sp,2.0
RMGL,RMDL,Sp,1.0
RMGR,RMDL,Sp,4.0
URBR,RMDL,Sp,1.0
ADER,RMDR,Sp,2.0
ALA,RMDR,Sp,1.0
AVKL,RMDR,Rp,1.0
AVKR,RMDR,S,1.0
IL1L,RMDR,Sp,3.0
IL1R,RMDR,Sp,2.0
IL2L,RMDR,Sp,1.0
RIAL,RMDR,Rp,3.0
RIAL,RMDR,S,4.0
RIAL,RMDR,Sp,2.0
RIAR,RMDR,R,3.0
RIAR,RMDR,Rp,4.0
RIAR,RMDR,S,1.0
RIAR,RMDR,Sp,7.0
RIML,RMDR,Sp,1.0
RIMR,RMDR,R,2.0
RIMR,RMDR,Sp,1.0
RIS,RMDR,Rp,1.0
RIS,RMDR,S,1.0
RIS,RMDR,Sp,3.0
RIVR,RMDR,Sp,1.0
RMDDL,RMDR,R,1.0
RMDL,RMDR,Rp,1.0
RMDL,RMDR,Sp,3.0
RMDVR,RMDR,EJ,1.0
RMFL,RMDR,Sp,3.0
RMGL,RMDR,S,1.0
RMGL,RMDR,Sp,2.0
RMGR,RMDR,Sp,2.0
RMHL,RMDR,Sp,1.0
URBR,RMDR,Sp,1.0
URXR,RMDR,Sp,1.0
CEPDL,RMDVL,S,1.0
CEPDL,RMDVL,Sp,2.0
IL1DL,RMDVL,Sp,4.0
IL1L,RMDVL,Sp,4.0
IL1R,RMDVL,Sp,1.0
OLLL,RMDVL,Sp,1.0
OLQVR,RMDVL,Sp,4.0
RIAL,RMDVL,S,1.0
RIAL,RMDVL,Sp,8.0
RIAR,RMDVL,Sp,12.0
RMDDR,RMDVL,Rp,6.0
RMDDR,RMDVL,S,1.0
RMDDR,RMDVL,Sp,11.0
AVER,RMDVL,EJ,1.0
OLQDL,RMDVL,EJ,1.0
RMDDL,RMDVL,EJ,1.0
RMDL,RMDVL,EJ,1.0
RMDVR,RMDVL,EJ,1.0
SAAVL,RMDVL,EJ,1.0
SMDVL,RMDVL,EJ,1.0
RMGL,RMDVL,Sp,3.0
URAVR,RMDVL,Sp,1.0
URYDL,RMDVL,S,2.0
URYDL,RMDVL,Sp,4.0
URYVR,RMDVL,S,1.0
URYVR,RMDVL,Sp,3.0
CEPDR,RMDVR,Sp,2.0
IL1DR,RMDVR,Sp,5.0
IL1L,RMDVR,Sp,2.0
IL1R,RMDVR,Sp,4.0
OLLR,RMDVR,Sp,3.0
OLQVL,RMDVR,S,1.0
OLQVL,RMDVR,Sp,3.0
RIAL,RMDVR,S,2.0
RIAL,RMDVR,Sp,9.0
RIAR,RMDVR,S,1.0
RIAR,RMDVR,Sp,9.0
RIVR,RMDVR,Sp,1.0
RMDDL,RMDVR,R,1.0
RMDDL,RMDVR,Rp,3.0
RMDDL,RMDVR,Sp,7.0
AVEL,RMDVR,EJ,1.0
AVER,RMDVR,EJ,1.0
OLQDR,RMDVR,EJ,1.0
RMDDR,RMDVR,EJ,1.0
RMDR,RMDVR,EJ,1.0
RMDVL,RMDVR,EJ,1.0
SAAVR,RMDVR,EJ,1.0
SMDVR,RMDVR,EJ,1.0
RMGR,RMDVR,Sp,5.0
SIBDR,RMDVR,Rp,1.0
SIBVR,RMDVR,Rp,1.0
URADR,RMDVR,Sp,1.0
URYDR,RMDVR,S,1.0
URYDR,RMDVR,Sp,4.0
URYVL,RMDVR,Sp,2.0
IL2DR,RMED,Sp,1.0
RIBL,RMED,Rp,1.0
RIBR,RMED,Rp,1.0
IL1VL,RMED,EJ,1.0
RIPL,RMED,EJ,1.0
RIPR,RMED,EJ,1.0
RMEV,RMED,EJ,2.0
SMBDL,RMED,Sp,3.0
SMBDR,RMED,Sp,4.0
URADR,RMED,Sp,1.0
IL1R,RMEL,Sp,2.0
IL2DL,RMEL,Sp,4.0
IL2DR,RMEL,Sp,2.0
IL2R,RMEL,Sp,2.0
IL2VL,RMEL,S,1.0
IL2VL,RMEL,Sp,1.0
IL2VR,RMEL,Sp,3.0
OLLL,RMEL,Sp,2.0
RIGL,RMEL,EJ,1.0
RMEV,RMEL,EJ,1.0
URADL,RMEL,Sp,1.0
URAVL,RMEL,Sp,1.0
IL1L,RMER,Sp,1.0
IL1VR,RMER,Sp,1.0
IL2DL,RMER,Sp,3.0
IL2DR,RMER,Sp,2.0
IL2L,RMER,Sp,2.0
IL2VL,RMER,Sp,4.0
IL2VR,RMER,Sp,2.0
OLLR,RMER,Sp,2.0
OLQVR,RMER,Sp,1.0
RIH,RMER,Sp,2.0
RMDL,RMER,Sp,1.0
RMEV,RMER,EJ,1.0
RMHR,RMER,Sp,1.0
URADR,RMER,Sp,1.0
URAVL,RMER,Sp,1.0
URAVR,RMER,Sp,2.0
IL2DR,RMEV,Sp,1.0
IL2L,RMEV,Sp,2.0
IL2R,RMEV,Sp,1.0
IL2VL,RMEV,Sp,1.0
IL2VR,RMEV,Sp,3.0
PVT,RMEV,Sp,1.0
RIH,RMEV,Sp,1.0
RIVR,RMEV,S,1.0
AVEL,RMEV,EJ,1.0
AVER,RMEV,EJ,1.0
IL1DL,RMEV,EJ,1.0
IL1DR,RMEV,EJ,1.0
RMED,RMEV,EJ,2.0
RMEL,RMEV,EJ,1.0
RMER,RMEV,EJ,1.0
SMBVL,RMEV,S,1.0
SMBVL,RMEV,Sp,4.0
SMBVR,RMEV,Sp,3.0
SMDDR,RMEV,R,1.0
URAVL,RMEV,Sp,2.0
URAVR,RMEV,Sp,2.0
AVKL,RMFL,Rp,4.0
AVKR,RMFL,Rp,4.0
AVKR,RMFL,Sp,1.0
DVC,RMFL,Sp,2.0
PVT,RMFL,Rp,1.0
PVT,RMFL,Sp,2.0
RIGL,RMFL,Sp,1.0
RIGR,RMFL,R,1.0
RIMR,RMFL,Sp,1.0
RMDL,RMFL,Sp,1.0
RMDR,RMFL,Rp,3.0
URBR,RMFL,EJ,1.0
RMGR,RMFL,Rp,1.0
SAADR,RMFL,Sp,1.0
SDQL,RMFL,Sp,1.0
VB01,RMFL,Sp,2.0
AVKL,RMFR,Rp,3.0
AVKL,RMFR,Sp,1.0
AVKR,RMFR,Rp,3.0
DVC,RMFR,Sp,4.0
PVT,RMFR,S,1.0
PVT,RMFR,Sp,2.0
RICL,RMFR,Sp,1.0
RIML,RMFR,Sp,1.0
RIMR,RMFR,Sp,1.0
RMDL,RMFR,Rp,2.0
SAAVL,RMFR,Sp,2.0
ADAL,RMGL,Rp,1.0
ADEL,RMGL,S,1.0
AIAL,RMGL,S,1.0
AIBR,RMGL,R,1.0
ALML,RMGL,Rp,1.0
ALML,RMGL,Sp,1.0
ALNL,RMGL,Rp,1.0
ASHL,RMGL,Rp,1.0
AVAL,RMGL,Rp,1.0
AVBR,RMGL,Rp,2.0
AVEL,RMGL,Rp,2.0
CEPDL,RMGL,Rp,1.0
CEPDL,RMGL,S,1.0
CEPDL,RMGL,Sp,3.0
PVQL,RMGL,Sp,1.0
RID,RMGL,Rp,1.0
RMDL,RMGL,Rp,1.0
RMDR,RMGL,R,1.0
RMDR,RMGL,Rp,2.0
RMDVL,RMGL,Rp,3.0
ADLL,RMGL,EJ,1.0
ASHL,RMGL,EJ,1.0
ASKL,RMGL,EJ,1.0
AWBL,RMGL,EJ,1.0
IL2L,RMGL,EJ,1.0
RMHL,RMGL,EJ,3.0
URXL,RMGL,EJ,1.0
RMHR,RMGL,Rp,1.0
RMHR,RMGL,Sp,1.0
SAADR,RMGL,S,1.0
SIAVL,RMGL,Rp,1.0
SIBVL,RMGL,Rp,2.0
SIBVR,RMGL,Rp,1.0
SMBVL,RMGL,R,1.0
SMBVL,RMGL,Rp,1.0
URXL,RMGL,Rp,1.0
URXL,RMGL,S,2.0
ADAR,RMGR,Rp,1.0
AIMR,RMGR,Rp,1.0
AIMR,RMGR,S,1.0
AIMR,RMGR,Sp,1.0
ALNR,RMGR,Rp,1.0
ASHR,RMGR,Rp,1.0
ASHR,RMGR,Sp,2.0
AVAR,RMGR,Rp,1.0
AVBR,RMGR,Rp,1.0
AVDL,RMGR,Rp,1.0
AVER,RMGR,Rp,3.0
AVJL,RMGR,Rp,1.0
CEPDR,RMGR,S,1.0
HSNR,RMGR,Sp,1.0
PVPR,RMGR,Sp,1.0
RIR,RMGR,Rp,1.0
RMDL,RMGR,Rp,4.0
RMDR,RMGR,Rp,2.0
RMDVR,RMGR,Rp,5.0
RMFL,RMGR,Sp,1.0
ASHR,RMGR,EJ,1.0
ASKR,RMGR,EJ,1.0
AWBR,RMGR,EJ,1.0
IL2R,RMGR,EJ,1.0
RMHR,RMGR,EJ,1.0
URXR,RMGR,EJ,1.0
SAADL,RMGR,S,1.0
URXR,RMGR,Rp,1.0
URXR,RMGR,S,1.0
ADEL,RMHL,Sp,1.0
CEPDR,RMHL,Sp,4.0
CEPVL,RMHL,Sp,1.0
IL1R,RMHL,Sp,1.0
RIGR,RMHL,Sp,4.0
RMDR,RMHL,Rp,1.0
RMGL,RMHL,EJ,3.0
SIBVR,RMHL,EJ,1.0
SDQR,RMHL,Sp,2.0
ALNR,RMHR,Sp,1.0
CEPDL,RMHR,S,1.0
CEPDL,RMHR,Sp,3.0
CEPDR,RMHR,Sp,1.0
CEPVR,RMHR,Sp,2.0
OLQDR,RMHR,Sp,1.0
RIGL,RMHR,Sp,3.0
RMER,RMHR,Rp,1.0
RMGL,RMHR,Rp,1.0
RMGL,RMHR,Sp,1.0
RMGR,RMHR,EJ,1.0
SDQR,RMHR,Sp,1.0
AIBL,SAADL,Rp,1.0
AIBL,SAADL,Sp,2.0
AIBR,SAADL,Sp,1.0
AVAL,SAADL,Rp,6.0
AVKR,SAADL,Sp,1.0
BDUL,SAADL,Sp,1.0
PLNL,SAADL,Sp,5.0
RIML,SAADL,R,1.0
RIML,SAADL,Rp,2.0
RIMR,SAADL,R,1.0
RIMR,SAADL,Rp,5.0
RIVR,SAADL,S,2.0
RMGR,SAADL,R,1.0
SMBDL,SAADL,EJ,1.0
SMBVL,SAADL,S,3.0
VB01,SAADL,S,7.0
VB01,SAADL,Sp,2.0
AIBL,SAADR,Sp,2.0
AIBR,SAADR,R,1.0
AVAR,SAADR,Rp,3.0
AVKL,SAADR,S,1.0
DVA,SAADR,Sp,1.0
OLLL,SAADR,R,1.0
PLNR,SAADR,Sp,4.0
RIAR,SAADR,Sp,1.0
RIML,SAADR,R,1.0
RIML,SAADR,Rp,3.0
RIML,SAADR,S,1.0
RIMR,SAADR,R,2.0
RIMR,SAADR,Rp,3.0
RIVL,SAADR,S,3.0
RMFL,SAADR,Rp,1.0
RMGL,SAADR,R,1.0
RMDDR,SAADR,EJ,1.0
SMBVR,SAADR,S,4.0
VB01,SAADR,S,2.0
VB01,SAADR,Sp,2.0
AIBL,SAAVL,Rp,1.0
ALNL,SAAVL,Rp,1.0
ALNL,SAAVL,Sp,3.0
AVAL,SAAVL,R,1.0
AVAL,SAAVL,Rp,16.0
DVA,SAAVL,Sp,1.0
OLLR,SAAVL,Rp,1.0
RIML,SAAVL,Rp,2.0
RIML,SAAVL,Sp,3.0
RIMR,SAAVL,Rp,12.0
RIMR,SAAVL,S,1.0
RIMR,SAAVL,Sp,2.0
RMFR,SAAVL,Rp,2.0
RMDVL,SAAVL,EJ,1.0
SMBVR,SAAVL,EJ,3.0
SMBDR,SAAVL,S,3.0
SMDDR,SAAVL,Rp,8.0
ADER,SAAVR,S,1.0
ALNR,SAAVR,Sp,2.0
AVAR,SAAVR,R,4.0
AVAR,SAAVR,Rp,9.0
DVA,SAAVR,Sp,1.0
RIML,SAAVR,Rp,5.0
RIML,SAAVR,S,2.0
RIMR,SAAVR,Rp,2.0
RIMR,SAAVR,Sp,3.0
RMDVR,SAAVR,EJ,1.0
SMBVL,SAAVR,EJ,2.0
SMBDL,SAAVR,S,1.0
SMBDL,SAAVR,Sp,1.0
SMDDL,SAAVR,Rp,6.0
AVAR,SABD,Sp,1.0
AVDL,SABD,S,1.0
AVDL,SABD,Sp,1.0
AVDR,SABD,Sp,1.0
AVEL,SABD,Sp,6.0
AVER,SABD,Sp,2.0
AVL,SABD,S,1.0
AVL,SABD,Sp,4.0
DVA,SABD,Sp,1.0
HSNR,SABD,S,1.0
PVR,SABD,Sp,1.0
AVAL,SABD,EJ,4.0
VA02,SABD,EJ,3.0
VA03,SABD,EJ,2.0
VA04,SABD,EJ,1.0
VA02,SABD,R,1.0
VB01,SABD,S,1.0
AVAR,SABVL,S,1.0
AVAR,SABVL,Sp,2.0
AVDL,SABVL,Sp,1.0
AVDR,SABVL,Sp,3.0
AVEL,SABVL,Sp,7.0
AVER,SABVL,Sp,3.0
AVJR,SABVL,Sp,1.0
AVL,SABVL,Sp,4.0
HSNL,SABVL,Sp,2.0
AVAR,SABVL,EJ,3.0
DA01,SABVL,EJ,2.0
DA02,SABVL,EJ,1.0
AVDL,SABVR,Sp,1.0
AVDR,SABVR,Sp,1.0
AVEL,SABVR,Sp,3.0
AVER,SABVR,Sp,3.0
AVL,SABVR,Sp,3.0
HSNR,SABVR,Sp,1.0
AVAL,SABVR,EJ,1.0
AVAR,SABVR,EJ,1.0
DA01,SABVR,EJ,3.0
AIBR,SDQL,Rp,1.0
ALML,SDQL,Rp,1.0
ALML,SDQL,Sp,1.0
AVAL,SDQL,R,1.0
AVAL,SDQL,Rp,1.0
AVAR,SDQL,Rp,3.0
AVEL,SDQL,Rp,1.0
BDUR,SDQL,Sp,1.0
FLPL,SDQL,Rp,1.0
RICR,SDQL,Rp,1.0
RIS,SDQL,R,2.0
RIS,SDQL,Rp,1.0
RMFL,SDQL,Rp,1.0
SDQR,SDQL,EJ,1.0
ADLL,SDQR,Rp,1.0
AIBL,SDQR,Rp,2.0
AVAL,SDQR,Rp,2.0
AVBL,SDQR,R,2.0
AVBL,SDQR,Rp,4.0
AVBR,SDQR,Rp,4.0
DVA,SDQR,Rp,3.0
RICR,SDQR,Rp,1.0
RMHL,SDQR,Rp,2.0
RMHR,SDQR,Rp,1.0
AVAL,SDQR,EJ,1.0
AVBL,SDQR,EJ,1.0
RIVL,SDQR,EJ,2.0
RIVR,SDQR,EJ,2.0
SDQL,SDQR,EJ,1.0
SIBVL,SDQR,EJ,1.0
ALMR,SIADL,Sp,1.0
CEPDR,SIADL,S,1.0
RIAL,SIADL,Sp,2.0
RIAR,SIADL,Sp,1.0
RIBL,SIADL,EJ,1.0
ADEL,SIADR,Sp,1.0
CEPDL,SIADR,S,1.0
CEPDL,SIADR,Sp,1.0
RIAR,SIADR,Sp,1.0
RIBR,SIADR,EJ,1.0
CEPVL,SIAVL,S,1.0
CEPVL,SIAVL,Sp,1.0
RIAR,SIAVL,Sp,1.0
RIVR,SIAVL,Sp,2.0
RMGL,SIAVL,Sp,1.0
RIBL,SIAVL,EJ,1.0
URBL,SIAVL,Sp,1.0
AVKL,SIAVR,Sp,1.0
CEPVR,SIAVR,Sp,2.0
RIVL,SIAVR,Sp,2.0
RIBR,SIAVR,EJ,1.0
URBR,SIAVR,Sp,2.0
URXR,SIAVR,Sp,1.0
OLQVL,SIBDL,Sp,3.0
RIBL,SIBDL,EJ,1.0
SIBVL,SIBDL,EJ,1.0
ADEL,SIBDR,Sp,1.0
OLQVR,SIBDR,Sp,4.0
RMDVR,SIBDR,Sp,1.0
AIML,SIBDR,EJ,1.0
RIBR,SIBDR,EJ,1.0
SIBVR,SIBDR,EJ,1.0
URYVR,SIBDR,Sp,1.0
AVM,SIBVL,Sp,1.0
OLQDL,SIBVL,Sp,3.0
PVCL,SIBVL,Sp,2.0
RMGL,SIBVL,Sp,2.0
AVBL,SIBVL,EJ,1.0
AVBR,SIBVL,EJ,1.0
RIBL,SIBVL,EJ,1.0
SDQR,SIBVL,EJ,1.0
SIBDL,SIBVL,EJ,1.0
URYVR,SIBVL,Sp,1.0
OLQDR,SIBVR,Sp,2.0
PVCR,SIBVR,Sp,2.0
RMDVR,SIBVR,Sp,1.0
RMGL,SIBVR,Sp,1.0
RIBL,SIBVR,EJ,1.0
RIBR,SIBVR,EJ,1.0
RMHL,SIBVR,EJ,1.0
SIBDR,SIBVR,EJ,1.0
URYVL,SIBVR,Sp,1.0
AIZL,SMBDL,S,1.0
AIZL,SMBDL,Sp,8.0
ALNR,SMBDL,Sp,2.0
AVAR,SMBDL,Rp,1.0
AVHR,SMBDL,Sp,1.0
AVKR,SMBDL,S,1.0
AWBL,SMBDL,Sp,1.0
DVA,SMBDL,Sp,3.0
RICL,SMBDL,Sp,2.0
RMED,SMBDL,Rp,3.0
SAAVR,SMBDL,R,1.0
SAAVR,SMBDL,Rp,1.0
AVKL,SMBDL,EJ,1.0
AVKR,SMBDL,EJ,1.0
RIBL,SMBDL,EJ,1.0
SAADL,SMBDL,EJ,1.0
URBR,SMBDL,Sp,1.0
ADEL,SMBDR,Sp,1.0
ADFR,SMBDR,Sp,1.0
AIZR,SMBDR,Sp,5.0
ALNL,SMBDR,Sp,2.0
AVAL,SMBDR,Rp,1.0
AVHL,SMBDR,Sp,1.0
CEPDL,SMBDR,Sp,1.0
CEPDR,SMBDR,Sp,1.0
DVA,SMBDR,Sp,2.0
PVT,SMBDR,Sp,1.0
RICR,SMBDR,Sp,1.0
RMED,SMBDR,Rp,4.0
SAAVL,SMBDR,R,3.0
ALNL,SMBDR,EJ,1.0
AVKL,SMBDR,EJ,1.0
AVKR,SMBDR,EJ,2.0
RIBR,SMBDR,EJ,1.0
URBL,SMBDR,Sp,1.0
ADFL,SMBVL,Sp,2.0
AIML,SMBVL,S,1.0
AIZL,SMBVL,Sp,7.0
AVHR,SMBVL,Sp,1.0
DVA,SMBVL,Sp,3.0
PLNL,SMBVL,Rp,1.0
PLNL,SMBVL,S,1.0
PLNL,SMBVL,Sp,5.0
RMEV,SMBVL,R,1.0
RMEV,SMBVL,Rp,4.0
RMGL,SMBVL,S,1.0
RMGL,SMBVL,Sp,1.0
SAADL,SMBVL,R,3.0
SAAVR,SMBVL,EJ,2.0
ADFR,SMBVR,Sp,2.0
AIZR,SMBVR,Sp,3.0
AVHL,SMBVR,Sp,2.0
AWBR,SMBVR,Sp,1.0
DVA,SMBVR,Sp,2.0
PLNR,SMBVR,S,2.0
PLNR,SMBVR,Sp,4.0
RMEV,SMBVR,Rp,3.0
SAADR,SMBVR,R,4.0
AVKL,SMBVR,EJ,1.0
AVKR,SMBVR,EJ,1.0
SAAVL,SMBVR,EJ,3.0
AIBR,SMDDL,S,1.0
AIBR,SMDDL,Sp,2.0
AVKR,SMDDL,Sp,1.0
OLLL,SMDDL,S,2.0
OLLL,SMDDL,Sp,1.0
RIAL,SMDDL,Rp,1.0
RIAL,SMDDL,S,3.0
RIAL,SMDDL,Sp,5.0
RIAR,SMDDL,R,1.0
RIAR,SMDDL,Rp,1.0
RIAR,SMDDL,S,2.0
RIAR,SMDDL,Sp,5.0
RIBR,SMDDL,Sp,1.0
RICL,SMDDL,Sp,3.0
RICR,SMDDL,Sp,4.0
RIMR,SMDDL,Sp,2.0
RIVR,SMDDL,Sp,2.0
SAAVR,SMDDL,Sp,6.0
RIBL,SMDDL,EJ,1.0
RIBR,SMDDL,EJ,1.0
RIS,SMDDL,EJ,1.0
RMDDL,SMDDL,EJ,1.0
SMDVR,SMDDL,Rp,2.0
SMDVR,SMDDL,Sp,2.0
URYDL,SMDDL,Sp,1.0
URYDR,SMDDL,S,3.0
URYDR,SMDDL,Sp,1.0
AIBL,SMDDR,Sp,4.0
AIZR,SMDDR,Sp,1.0
ALNR,SMDDR,Sp,1.0
AVKL,SMDDR,Sp,1.0
AVKR,SMDDR,Sp,2.0
OLLL,SMDDR,S,3.0
OLLL,SMDDR,Sp,1.0
OLLR,SMDDR,S,1.0
RIAL,SMDDR,Rp,2.0
RIAL,SMDDR,S,3.0
RIAL,SMDDR,Sp,7.0
RIAR,SMDDR,R,1.0
RIAR,SMDDR,S,1.0
RIAR,SMDDR,Sp,6.0
RICL,SMDDR,Sp,3.0
RICR,SMDDR,Sp,3.0
RIML,SMDDR,S,1.0
RIML,SMDDR,Sp,4.0
RIMR,SMDDR,Sp,4.0
RIS,SMDDR,Sp,2.0
RIVL,SMDDR,Sp,1.0
RMEV,SMDDR,S,1.0
SAAVL,SMDDR,Sp,8.0
RIBR,SMDDR,EJ,1.0
RIS,SMDDR,EJ,1.0
RMDDR,SMDDR,EJ,1.0
VD01,SMDDR,EJ,1.0
SMDVL,SMDDR,Sp,4.0
URYDL,SMDDR,S,1.0
URYDL,SMDDR,Sp,1.0
ADAR,SMDVL,S,2.0
AIBR,SMDVL,Sp,1.0
ALNL,SMDVL,Sp,1.0
ALNR,SMDVL,S,1.0
OLLR,SMDVL,S,4.0
PVR,SMDVL,R,1.0
RIAL,SMDVL,Rp,3.0
RIAL,SMDVL,S,1.0
RIAL,SMDVL,Sp,5.0
RIAR,SMDVL,Rp,8.0
RIAR,SMDVL,S,2.0
RIAR,SMDVL,Sp,11.0
RICR,SMDVL,Sp,2.0
RIML,SMDVL,Sp,1.0
RIVL,SMDVL,Rp,1.0
RMDDR,SMDVL,Rp,1.0
SMDDR,SMDVL,Rp,4.0
RIBR,SMDVL,EJ,2.0
RIS,SMDVL,EJ,1.0
RIVL,SMDVL,EJ,1.0
RMDVL,SMDVL,EJ,1.0
SMDVR,SMDVL,EJ,1.0
URYVR,SMDVL,Sp,3.0
ADAL,SMDVR,S,2.0
OLLL,SMDVR,S,4.0
OLLR,SMDVR,S,3.0
RIAL,SMDVR,Rp,7.0
RIAL,SMDVR,S,1.0
RIAL,SMDVR,Sp,10.0
RIAR,SMDVR,Rp,5.0
RIAR,SMDVR,S,1.0
RIAR,SMDVR,Sp,6.0
RIBL,SMDVR,Sp,2.0
RICL,SMDVR,Sp,1.0
RICR,SMDVR,Sp,1.0
RIS,SMDVR,Sp,1.0
RIVR,SMDVR,Rp,1.0
RIVR,SMDVR,Sp,2.0
RMDDL,SMDVR,R,1.0
RMDDL,SMDVR,Rp,1.0
SMDDL,SMDVR,Rp,2.0
SMDDL,SMDVR,Sp,2.0
RIBL,SMDVR,EJ,2.0
RIVR,SMDVR,EJ,2.0
RMDVR,SMDVR,EJ,1.0
SMDVL,SMDVR,EJ,1.0
VB01,SMDVR,EJ,1.0
URYVL,SMDVR,S,1.0
URYVL,SMDVR,Sp,3.0
BDUL,URADL,Sp,1.0
CEPDL,URADL,Sp,2.0
IL1DL,URADL,Rp,2.0
IL2DL,URADL,S,1.0
IL2DL,URADL,Sp,2.0
PVR,URADL,Sp,1.0
RIPL,URADL,Rp,3.0
RMEL,URADL,Rp,1.0
BDUR,URADR,Sp,1.0
CEPDR,URADR,Sp,1.0
IL1DR,URADR,Rp,1.0
IL2DR,URADR,Sp,3.0
RIPR,URADR,Rp,3.0
RMDVR,URADR,Rp,1.0
RMED,URADR,Rp,1.0
RMER,URADR,Rp,1.0
URYDR,URADR,Rp,1.0
CEPVL,URAVL,Sp,2.0
IL2VL,URAVL,Sp,3.0
RIPL,URAVL,Rp,3.0
RMEL,URAVL,Rp,1.0
RMER,URAVL,Rp,1.0
RMEV,URAVL,Rp,2.0
CEPVR,URAVR,Sp,1.0
IL1R,URAVR,Rp,1.0
IL2VR,URAVR,Sp,4.0
RIPR,URAVR,Rp,3.0
RMDVL,URAVR,Rp,1.0
RMER,URAVR,Rp,2.0
RMEV,URAVR,Rp,2.0
ADEL,URBL,Sp,1.0
AVBL,URBL,R,1.0
CEPDL,URBL,R,1.0
CEPDL,URBL,Sp,4.0
IL1L,URBL,Rp,1.0
RICR,URBL,R,1.0
RMDDR,URBL,Rp,1.0
SIAVL,URBL,Rp,1.0
SMBDR,URBL,Rp,1.0
OLQDL,URBL,EJ,1.0
OLQVL,URBL,EJ,1.0
URXL,URBL,R,2.0
URXL,URBL,Rp,2.0
VC05,URBL,S,3.0
ADAR,URBR,Rp,1.0
AVBR,URBR,Rp,1.0
CEPDR,URBR,R,1.0
CEPDR,URBR,Sp,2.0
IL1R,URBR,Rp,3.0
IL2R,URBR,R,1.0
IL2R,URBR,S,1.0
RICR,URBR,R,1.0
RMDL,URBR,Rp,1.0
RMDR,URBR,Rp,1.0
SIAVR,URBR,Rp,2.0
SMBDL,URBR,Rp,1.0
OLQDR,URBR,EJ,1.0
OLQVR,URBR,EJ,1.0
RMFL,URBR,EJ,1.0
URXR,URBR,R,2.0
URXR,URBR,Rp,4.0
AQR,URXL,Sp,1.0
ASHL,URXL,Rp,1.0
AUAL,URXL,R,1.0
AUAL,URXL,Rp,4.0
AVBL,URXL,Rp,1.0
AVEL,URXL,R,3.0
AVEL,URXL,Rp,1.0
AVJR,URXL,Rp,1.0
IL2L,URXL,Sp,2.0
RIAL,URXL,R,1.0
RIAL,URXL,Rp,7.0
RICL,URXL,R,1.0
RIGL,URXL,R,2.0
RIGL,URXL,Rp,1.0
RIR,URXL,Sp,5.0
RMGL,URXL,R,2.0
RMGL,URXL,Sp,1.0
URBL,URXL,S,2.0
URBL,URXL,Sp,2.0
RMGL,URXL,EJ,1.0
ADFR,URXR,S,1.0
AUAR,URXR,R,1.0
AUAR,URXR,Rp,3.0
AUAR,URXR,S,1.0
AVBL,URXR,Rp,1.0
AVBR,URXR,Rp,2.0
AVER,URXR,R,2.0
IL1R,URXR,Sp,2.0
IL2VR,URXR,Sp,1.0
OLQVR,URXR,Rp,1.0
RIAR,URXR,Rp,3.0
RIGR,URXR,R,2.0
RIPR,URXR,Rp,3.0
RIR,URXR,S,1.0
RIR,URXR,Sp,1.0
RMDR,URXR,Rp,1.0
RMGR,URXR,R,1.0
RMGR,URXR,Sp,1.0
SIAVR,URXR,Rp,1.0
URBR,URXR,S,2.0
URBR,URXR,Sp,4.0
IL2R,URXR,EJ,1.0
RMGR,URXR,EJ,1.0
AVER,URYDL,Rp,2.0
CEPDL,URYDL,Sp,2.0
IL1DL,URYDL,Sp,1.0
OLLL,URYDL,Sp,1.0
RIBL,URYDL,Rp,1.0
RMDDR,URYDL,R,1.0
RMDDR,URYDL,Rp,3.0
RMDDR,URYDL,Sp,1.0
RMDVL,URYDL,R,2.0
RMDVL,URYDL,Rp,4.0
SMDDL,URYDL,Rp,1.0
SMDDR,URYDL,R,1.0
SMDDR,URYDL,Rp,1.0
AVAL,URYDL,EJ,1.0
RIGL,URYDL,EJ,1.0
AVEL,URYDR,Rp,2.0
AVER,URYDR,Rp,2.0
CEPDR,URYDR,Sp,1.0
RIBR,URYDR,Rp,1.0
RMDDL,URYDR,Rp,3.0
RMDVR,URYDR,R,1.0
RMDVR,URYDR,Rp,4.0
SMDDL,URYDR,R,3.0
SMDDL,URYDR,Rp,1.0
URADR,URYDR,Sp,1.0
AVAR,URYDR,EJ,1.0
RIGR,URYDR,EJ,1.0
AVBR,URYVL,Rp,1.0
AVER,URYVL,Rp,5.0
IL1VL,URYVL,Rp,1.0
IL1VL,URYVL,Sp,1.0
RIAL,URYVL,Rp,1.0
RIBL,URYVL,Rp,2.0
RIH,URYVL,Rp,1.0
RIS,URYVL,Rp,1.0
RMDDL,URYVL,Rp,4.0
RMDVR,URYVL,Rp,2.0
SIBVR,URYVL,Rp,1.0
SMDVR,URYVL,R,1.0
SMDVR,URYVL,Rp,3.0
AVAR,URYVL,EJ,1.0
RIGL,URYVL,EJ,1.0
AVAL,URYVR,Rp,1.0
AVEL,URYVR,Rp,6.0
IL1VR,URYVR,Rp,1.0
RIAR,URYVR,Rp,1.0
RIBR,URYVR,Rp,1.0
RIH,URYVR,Sp,1.0
RIS,URYVR,Sp,1.0
RMDDR,URYVR,Rp,6.0
RMDVL,URYVR,R,1.0
RMDVL,URYVR,Rp,3.0
SIBDR,URYVR,Rp,1.0
SIBVL,URYVR,Rp,1.0
SMDVL,URYVR,Rp,3.0
AVAL,URYVR,EJ,1.0
RIGR,URYVR,EJ,1.0
AVEL,VA01,Sp,5.0
AVER,VA01,Sp,1.0
AVM,VA01,Sp,2.0
DD01,VA01,Rp,9.0
AVAL,VA01,EJ,3.0
DA02,VA01,EJ,2.0
VB01,VA01,S,3.0
VD01,VA01,Rp,2.0
VD01,VA01,S,2.0
AVAL,VA02,R,1.0
AVAL,VA02,S,1.0
AVAR,VA02,S,2.0
AVBL,VA02,S,1.0
AVDR,VA02,S,1.0
AVER,VA02,Sp,1.0
DD01,VA02,Rp,13.0
DVA,VA02,Sp,1.0
SABD,VA02,S,1.0
AVAL,VA02,EJ,4.0
SABD,VA02,EJ,3.0
VD01,VA02,EJ,1.0
VD02,VA02,EJ,3.0
VA03,VA02,R,1.0
VA03,VA02,Rp,1.0
VB01,VA02,Rp,2.0
VB02,VA02,S,1.0
VD01,VA02,Rp,2.0
VD02,VA02,Rp,8.0
VD02,VA02,S,6.0
AVAL,VA03,S,2.0
AVAR,VA03,S,5.0
AVDR,VA03,S,2.0
AVEL,VA03,S,1.0
AVEL,VA03,Sp,2.0
AVER,VA03,S,2.0
DD01,VA03,R,1.0
DD01,VA03,Rp,17.0
DD02,VA03,Rp,11.0
VA02,VA03,S,2.0
AS01,VA03,EJ,1.0
AVAL,VA03,EJ,1.0
AVAR,VA03,EJ,2.0
SABD,VA03,EJ,2.0
VA04,VA03,Rp,1.0
VB01,VA03,S,1.0
VD02,VA03,Rp,3.0
VD03,VA03,Rp,3.0
VD03,VA03,S,2.0
AVAL,VA04,S,2.0
AVAR,VA04,S,2.0
AVBR,VA04,S,1.0
AVDL,VA04,R,1.0
AVER,VA04,Sp,1.0
DD02,VA04,Rp,21.0
VA03,VA04,S,1.0
AS02,VA04,EJ,2.0
AVAL,VA04,EJ,1.0
AVAR,VA04,EJ,3.0
DA05,VA04,EJ,1.0
SABD,VA04,EJ,1.0
VB03,VA04,R,1.0
VB03,VA04,Rp,1.0
VB03,VA04,S,1.0
VD04,VA04,Rp,3.0
AVAL,VA05,S,3.0
AVAR,VA05,S,1.0
AVDL,VA05,S,1.0
AVDL,VA05,Sp,1.0
AVER,VA05,S,1.0
DD02,VA05,Rp,5.0
DD03,VA05,R,1.0
DD03,VA05,Rp,12.0
AS03,VA05,EJ,2.0
AVAL,VA05,EJ,5.0
AVAR,VA05,EJ,3.0
DA05,VA05,EJ,2.0
VD05,VA05,Rp,2.0
VD05,VA05,S,2.0
AVAL,VA06,S,4.0
AVAR,VA06,S,3.0
AVDR,VA06,Sp,1.0
DD03,VA06,R,9.0
DD03,VA06,Rp,15.0
HSNR,VA06,Sp,1.0
AVAL,VA06,EJ,6.0
AVAR,VA06,EJ,2.0
VB05,VA06,Rp,2.0
VD05,VA06,Rp,1.0
VD06,VA06,Rp,2.0
VD06,VA06,S,1.0
AVBL,VA07,S,1.0
DD03,VA07,Rp,3.0
DD04,VA07,Rp,12.0
AS05,VA07,EJ,1.0
AVAL,VA07,EJ,2.0
AVAR,VA07,EJ,4.0
VB03,VA07,EJ,1.0
VD07,VA07,Rp,9.0
AVAL,VA08,S,9.0
AVAR,VA08,S,11.0
AVAR,VA08,Sp,1.0
DD04,VA08,R,5.0
DD04,VA08,Rp,16.0
AS06,VA08,EJ,1.0
AVAL,VA08,EJ,10.0
AVAR,VA08,EJ,4.0
AVBR,VA08,EJ,1.0
PDER,VA08,EJ,1.0
PVCR,VA08,EJ,2.0
VA08,VA08,EJ,1.0
VB08,VA08,EJ,3.0
VB09,VA08,EJ,3.0
VD08,VA08,EJ,1.0
VA09,VA08,R,1.0
VB06,VA08,Rp,1.0
VB06,VA08,S,1.0
VB08,VA08,R,1.0
VD07,VA08,Rp,5.0
VD08,VA08,R,3.0
VD08,VA08,Rp,2.0
VD08,VA08,S,4.0
AVAL,VA09,S,7.0
AVAR,VA09,S,4.0
AVAR,VA09,Sp,2.0
AVBR,VA09,S,1.0
DD04,VA09,Rp,3.0
DD05,VA09,R,15.0
PDEL,VA09,S,1.0
PVDR,VA09,S,1.0
PVT,VA09,R,1.0
VA08,VA09,S,1.0
AVAL,VA09,EJ,1.0
AVBR,VA09,EJ,1.0
DVB,VA09,EJ,1.0
DVC,VA09,EJ,1.0
PVCR,VA09,EJ,1.0
VB08,VA09,EJ,1.0
VB09,VA09,EJ,4.0
VD07,VA09,EJ,1.0
VB08,VA09,R,4.0
VB08,VA09,Rp,2.0
VB08,VA09,S,9.0
VD09,VA09,R,9.0
VD09,VA09,Rp,1.0
AVAL,VA10,Sp,5.0
AVAR,VA10,Sp,4.0
AVBL,VA10,S,1.0
AVAL,VA10,EJ,1.0
AVAR,VA10,EJ,1.0
AVAL,VA11,Sp,6.0
AVAR,VA11,Sp,8.0
AVDR,VA11,Sp,1.0
AVG,VA11,S,1.0
DD06,VA11,Rp,10.0
PVNR,VA11,Rp,2.0
AVAL,VA11,EJ,1.0
AVAR,VA11,EJ,7.0
VA12,VA11,S,1.0
VB10,VA11,Rp,1.0
VD11,VA11,S,1.0
VD12,VA11,R,1.0
VD12,VA11,Rp,3.0
VD12,VA11,S,3.0
AS11,VA12,Rp,2.0
AVAL,VA12,Sp,2.0
DA08,VA12,Rp,3.0
DA09,VA12,R,1.0
DA09,VA12,Rp,4.0
DB07,VA12,Rp,4.0
DD06,VA12,Rp,2.0
DVA,VA12,Sp,1.0
LUAL,VA12,Rp,2.0
PHBL,VA12,Sp,1.0
PHBR,VA12,Sp,2.0
PHCL,VA12,Sp,2.0
PHCR,VA12,Sp,1.0
PVCL,VA12,Rp,2.0
PVCR,VA12,Rp,3.0
PVWL,VA12,Sp,1.0
PVWR,VA12,Sp,1.0
VA11,VA12,Rp,1.0
AVAR,VA12,EJ,1.0
PHCL,VA12,EJ,1.0
PHCR,VA12,EJ,1.0
VB11,VA12,EJ,1.0
VB11,VA12,S,1.0
VD12,VA12,Rp,3.0
VD12,VA12,S,2.0
VD13,VA12,R,2.0
VD13,VA12,Rp,9.0
VD13,VA12,S,1.0
AIBR,VB01,Rp,1.0
AIBR,VB01,Sp,3.0
AVFL,VB01,S,1.0
AVFL,VB01,Sp,0.0
DD01,VB01,Rp,1.0
DVA,VB01,Rp,1.0
DVA,VB01,Sp,1.0
FLPR,VB01,S,1.0
FLPR,VB01,Sp,0.0
RIML,VB01,Rp,2.0
RMFL,VB01,Rp,2.0
SAADL,VB01,R,7.0
SAADL,VB01,Rp,2.0
SAADR,VB01,R,2.0
SAADR,VB01,Rp,2.0
SABD,VB01,R,1.0
VA01,VB01,Rp,3.0
VA02,VB01,S,2.0
VA03,VB01,Rp,1.0
AVBL,VB01,EJ,1.0
AVKL,VB01,EJ,4.0
DB02,VB01,EJ,2.0
SMDVR,VB01,EJ,1.0
VB02,VB01,EJ,4.0
VD01,VB01,Rp,3.0
VD02,VB01,R,1.0
AIZL,VB02,Sp,1.0
AVBL,VB02,S,1.0
DD01,VB02,R,3.0
DD01,VB02,Rp,17.0
DD02,VB02,Rp,1.0
VA02,VB02,Rp,1.0
AVBL,VB02,EJ,3.0
AVBR,VB02,EJ,1.0
DB04,VB02,EJ,1.0
RIGL,VB02,EJ,1.0
VB01,VB02,EJ,4.0
VB03,VB02,EJ,1.0
VB05,VB02,EJ,1.0
VB07,VB02,EJ,2.0
VC02,VB02,Rp,1.0
VD02,VB02,Rp,9.0
VD02,VB02,S,3.0
VD03,VB02,Rp,3.0
VD03,VB02,S,2.0
DD02,VB03,R,6.0
DD02,VB03,Rp,31.0
PVCL,VB03,S,1.0
VA04,VB03,Rp,1.0
VA04,VB03,S,2.0
AVBR,VB03,EJ,1.0
DB01,VB03,EJ,1.0
VA07,VB03,EJ,1.0
VB02,VB03,EJ,1.0
DD02,VB04,R,2.0
DD02,VB04,Rp,4.0
DD03,VB04,R,14.0
DD03,VB04,Rp,2.0
PVCL,VB04,S,1.0
PVCR,VB04,S,3.0
AVBL,VB04,EJ,1.0
AVBR,VB04,EJ,1.0
DB01,VB04,EJ,1.0
DB04,VB04,EJ,1.0
VB05,VB04,EJ,1.0
VD05,VB04,S,2.0
DD03,VB05,R,6.0
DD03,VB05,Rp,21.0
PVCL,VB05,S,1.0
VA06,VB05,S,2.0
AVBL,VB05,EJ,1.0
VB02,VB05,EJ,1.0
VB04,VB05,EJ,1.0
VB06,VB05,EJ,1.0
VD06,VB05,R,1.0
VD06,VB05,Rp,6.0
VD06,VB05,S,2.0
DD04,VB06,Rp,30.0
PVCL,VB06,S,2.0
PVCR,VB06,S,2.0
VA08,VB06,Rp,1.0
VA08,VB06,S,1.0
AVBL,VB06,EJ,1.0
AVBR,VB06,EJ,2.0
DA04,VB06,EJ,1.0
VB05,VB06,EJ,1.0
VB07,VB06,R,1.0
VD06,VB06,R,1.0
VD07,VB06,Rp,8.0
DD04,VB07,Rp,2.0
PVCR,VB07,S,3.0
VB06,VB07,S,1.0
AVBL,VB07,EJ,2.0
AVBR,VB07,EJ,2.0
VB02,VB07,EJ,2.0
DD05,VB08,R,23.0
DD05,VB08,Rp,7.0
DD05,VB08,S,1.0
PVCL,VB08,S,1.0
PVCR,VB08,S,1.0
VA08,VB08,S,1.0
VA09,VB08,R,5.0
VA09,VB08,Rp,4.0
VA09,VB08,S,6.0
AVBL,VB08,EJ,7.0
AVBR,VB08,EJ,3.0
VA08,VB08,EJ,3.0
VA09,VB08,EJ,1.0
VB09,VB08,EJ,3.0
VB09,VB08,R,1.0
VB09,VB08,Rp,2.0
VB09,VB08,S,1.0
VD09,VB08,R,5.0
VD09,VB08,Rp,5.0
VD10,VB08,R,1.0
DD05,VB09,R,5.0
DD05,VB09,Rp,3.0
VB08,VB09,R,1.0
VB08,VB09,S,3.0
AVAL,VB09,EJ,5.0
AVAR,VB09,EJ,4.0
AVBL,VB09,EJ,1.0
AVBR,VB09,EJ,6.0
DVB,VB09,EJ,1.0
PVCL,VB09,EJ,2.0
VA08,VB09,EJ,3.0
VA09,VB09,EJ,4.0
VB08,VB09,EJ,3.0
VD10,VB09,R,4.0
VD10,VB09,Rp,1.0
VD10,VB09,S,2.0
DD06,VB10,Rp,9.0
PVCL,VB10,S,2.0
PVCR,VB10,S,1.0
PVT,VB10,Rp,1.0
VA11,VB10,S,1.0
AVBL,VB10,EJ,2.0
AVBR,VB10,EJ,1.0
AVKL,VB10,EJ,1.0
PVCL,VB10,EJ,1.0
VD11,VB10,Rp,1.0
VD11,VB10,S,1.0
VD12,VB10,Rp,2.0
VD12,VB10,S,1.0
DD06,VB11,R,1.0
DD06,VB11,Rp,6.0
DVA,VB11,Sp,2.0
PVCL,VB11,S,1.0
PVCR,VB11,Rp,1.0
VA12,VB11,Rp,1.0
AVBL,VB11,EJ,2.0
AVBR,VB11,EJ,1.0
VA12,VB11,EJ,1.0
VD12,VB11,S,1.0
AVL,VC01,Rp,2.0
DD01,VC01,R,4.0
DD01,VC01,Rp,3.0
DD02,VC01,R,2.0
DD02,VC01,Rp,4.0
DD03,VC01,R,2.0
DD03,VC01,Rp,4.0
DVC,VC01,R,1.0
PVT,VC01,R,2.0
VC02,VC01,EJ,6.0
VC03,VC01,EJ,2.0
VC02,VC01,Rp,3.0
VC02,VC01,S,4.0
VD01,VC01,EJ,1.0
VC03,VC01,Rp,1.0
VC03,VC01,S,2.0
VC04,VC01,S,1.0
VD01,VC01,R,1.0
VD01,VC01,Rp,3.0
VD02,VC01,R,1.0
VD03,VC01,Rp,1.0
VD04,VC01,Rp,2.0
VD05,VC01,R,2.0
VD05,VC01,Rp,3.0
VD06,VC01,Rp,1.0
DB04,VC02,Rp,1.0
DD01,VC02,R,2.0
DD01,VC02,Rp,4.0
DD02,VC02,Rp,4.0
DD03,VC02,R,5.0
DD03,VC02,Rp,4.0
DVC,VC02,R,1.0
HSNR,VC02,S,1.0
HSNR,VC02,Sp,2.0
PVCR,VC02,Rp,1.0
PVNR,VC02,S,1.0
PVNR,VC02,Sp,1.0
PVQR,VC02,R,1.0
PVT,VC02,R,2.0
VB02,VC02,S,1.0
VC01,VC02,Rp,4.0
VC01,VC02,S,3.0
VC01,VC02,EJ,6.0
VC03,VC02,EJ,2.0
VC03,VC02,Rp,4.0
VC03,VC02,S,1.0
VD01,VC02,Rp,2.0
VD02,VC02,R,1.0
VD02,VC02,Rp,1.0
VD04,VC02,R,1.0
VD04,VC02,Rp,4.0
VD05,VC02,Rp,5.0
VD06,VC02,R,1.0
AVBL,VC03,S,1.0
AVL,VC03,Rp,1.0
DD01,VC03,R,1.0
DD01,VC03,Rp,1.0
DD02,VC03,Rp,4.0
DD03,VC03,R,1.0
DD03,VC03,Rp,4.0
DD04,VC03,R,2.0
DD04,VC03,Rp,10.0
DVC,VC03,R,1.0
HSNR,VC03,R,1.0
HSNR,VC03,S,1.0
PVNR,VC03,R,1.0
PVNR,VC03,Sp,1.0
PVPR,VC03,R,1.0
PVQR,VC03,R,4.0
VC01,VC03,Rp,2.0
VC01,VC03,S,1.0
VC02,VC03,Rp,1.0
VC02,VC03,S,4.0
DD04,VC03,EJ,1.0
VC01,VC03,EJ,2.0
VC02,VC03,EJ,2.0
VC04,VC03,EJ,1.0
VC05,VC03,EJ,2.0
VC04,VC03,S,4.0
VC05,VC03,S,1.0
VD01,VC03,Rp,1.0
VD02,VC03,R,1.0
VD03,VC03,Rp,1.0
VD04,VC03,Rp,2.0
VD05,VC03,R,3.0
VD05,VC03,Rp,1.0
VD06,VC03,R,3.0
VD06,VC03,Rp,1.0
VD07,VC03,Rp,5.0
AVBL,VC04,Rp,1.0
AVHR,VC04,R,1.0
VC01,VC04,R,1.0
VC03,VC04,R,3.0
VC03,VC04,Rp,1.0
AVFR,VC04,EJ,1.0
VC03,VC04,EJ,1.0
VC05,VC04,EJ,1.0
VC05,VC04,R,1.0
VC05,VC04,S,1.0
AVFL,VC05,R,1.0
AVFR,VC05,R,1.0
DVC,VC05,R,2.0
HSNL,VC05,R,1.0
HSNL,VC05,S,3.0
OLLR,VC05,R,1.0
PVT,VC05,R,1.0
URBL,VC05,R,3.0
VC03,VC05,R,1.0
VC04,VC05,Rp,1.0
VC04,VC05,S,1.0
VC03,VC05,EJ,2.0
VC04,VC05,EJ,1.0
AS01,VD01,S,5.0
AVHL,VD01,Sp,1.0
DA01,VD01,S,17.0
DA02,VD01,S,2.0
DB01,VD01,S,21.0
DD01,VD01,Rp,1.0
PVQR,VD01,Sp,1.0
VA01,VD01,Rp,2.0
VA01,VD01,S,2.0
VA02,VD01,S,2.0
VB01,VD01,S,3.0
VC01,VD01,S,4.0
VC02,VD01,S,2.0
VC03,VD01,S,1.0
DD01,VD01,EJ,4.0
DVC,VD01,EJ,5.0
RIFL,VD01,EJ,1.0
RIGL,VD01,EJ,2.0
SMDDR,VD01,EJ,1.0
VA02,VD01,EJ,1.0
VC01,VD01,EJ,1.0
VD02,VD01,EJ,7.0
AS02,VD02,S,10.0
AS03,VD02,S,1.0
AVEL,VD02,Sp,1.0
DA01,VD02,S,1.0
DA02,VD02,S,11.0
DB01,VD02,S,15.0
DD01,VD02,Rp,1.0
DD01,VD02,S,1.0
VA02,VD02,Rp,6.0
VA02,VD02,S,8.0
VA03,VD02,S,3.0
VB01,VD02,S,1.0
VB02,VD02,Rp,3.0
VB02,VD02,S,9.0
VC01,VD02,S,1.0
VC02,VD02,S,2.0
VC03,VD02,S,1.0
AS01,VD02,EJ,1.0
DD01,VD02,EJ,2.0
VA02,VD02,EJ,3.0
VD01,VD02,EJ,7.0
VD03,VD02,EJ,2.0
AS03,VD03,S,15.0
AVBR,VD03,S,1.0
AVEL,VD03,Sp,1.0
DA02,VD03,S,5.0
DA03,VD03,S,25.0
DB01,VD03,S,1.0
DB02,VD03,S,23.0
DD02,VD03,S,1.0
VA03,VD03,Rp,2.0
VA03,VD03,S,3.0
VB02,VD03,Rp,2.0
VB02,VD03,S,3.0
VC01,VD03,S,1.0
VC03,VD03,S,1.0
PVPL,VD03,EJ,1.0
VD02,VD03,EJ,2.0
VD04,VD03,EJ,1.0
AS04,VD04,S,11.0
DA03,VD04,S,6.0
DA04,VD04,S,12.0
DA06,VD04,S,4.0
DB02,VD04,S,14.0
DB03,VD04,S,9.0
DD02,VD04,S,1.0
HSNR,VD04,S,2.0
VA04,VD04,S,3.0
VC01,VD04,S,2.0
VC02,VD04,S,5.0
VC03,VD04,S,2.0
DD02,VD04,EJ,2.0
PVPR,VD04,EJ,1.0
VD03,VD04,EJ,1.0
VD05,VD04,EJ,1.0
AS05,VD05,S,9.0
AVAR,VD05,R,1.0
DA04,VD05,S,15.0
DA05,VD05,S,1.0
DA06,VD05,S,3.0
DB02,VD05,S,1.0
DB03,VD05,S,26.0
RID,VD05,S,1.0
RID,VD05,Sp,1.0
VA05,VD05,R,1.0
VA05,VD05,Rp,1.0
VA05,VD05,S,2.0
VA06,VD05,S,1.0
VB04,VD05,Rp,2.0
VC01,VD05,S,5.0
VC02,VD05,S,5.0
VC03,VD05,S,4.0
PVPR,VD05,EJ,1.0
VD04,VD05,EJ,1.0
VD06,VD05,EJ,2.0
AS06,VD06,S,13.0
AVAL,VD06,R,1.0
DA05,VD06,S,16.0
DA06,VD06,S,3.0
DB03,VD06,S,7.0
DB04,VD06,S,13.0
PVNR,VD06,S,1.0
VA06,VD06,R,1.0
VA06,VD06,S,2.0
VB05,VD06,R,2.0
VB05,VD06,S,7.0
VB06,VD06,S,1.0
VC01,VD06,S,1.0
VC02,VD06,S,1.0
VC03,VD06,S,4.0
VD05,VD06,EJ,2.0
VD07,VD06,EJ,1.0
PVNR,VD07,S,1.0
VA07,VD07,S,9.0
VA08,VD07,S,5.0
VB06,VD07,S,8.0
VC03,VD07,S,5.0
VA09,VD07,EJ,1.0
VD06,VD07,EJ,1.0
DD04,VD08,Rp,1.0
VA08,VD08,R,1.0
VA08,VD08,Rp,3.0
VA08,VD08,S,5.0
DD04,VD08,EJ,1.0
VA08,VD08,EJ,1.0
DD05,VD09,S,1.0
VA09,VD09,S,10.0
VB08,VD09,S,10.0
PDER,VD09,EJ,1.0
VD10,VD09,EJ,5.0
DD05,VD10,R,1.0
PVDL,VD10,S,1.0
VB08,VD10,S,1.0
VB09,VD10,R,2.0
VB09,VD10,S,5.0
AVBR,VD10,EJ,1.0
DD05,VD10,EJ,1.0
DVC,VD10,EJ,4.0
VD09,VD10,EJ,5.0
AVAR,VD11,R,2.0
AVFR,VD11,S,1.0
PDEL,VD11,S,1.0
VA11,VD11,R,1.0
VB10,VD11,R,1.0
VB10,VD11,S,1.0
AVL,VD12,Sp,4.0
PVNR,VD12,Sp,1.0
VA11,VD12,Rp,3.0
VA11,VD12,S,4.0
VA12,VD12,Rp,2.0
VA12,VD12,S,3.0
VB10,VD12,Rp,1.0
VB10,VD12,S,2.0
VB11,VD12,Rp,1.0
AS11,VD13,S,2.0
AVAR,VD13,Rp,2.0
AVAR,VD13,Sp,2.0
DA09,VD13,S,1.0
DB07,VD13,S,2.0
PDA,VD13,Sp,3.0
PDB,VD13,S,2.0
PDB,VD13,Sp,2.0
PVCL,VD13,Rp,1.0
PVCR,VD13,R,1.0
RID,VD13,S,1.0
VA12,VD13,Rp,1.0
VA12,VD13,S,11.0
PVPL,VD13,EJ,2.0
AS02,NMJ,NMJ,11.0
AS03,NMJ,NMJ,12.0
AS04,NMJ,NMJ,9.0
AS05,NMJ,NMJ,10.0
AS06,NMJ,NMJ,10.0
AS09,NMJ,NMJ,1.0
AS11,NMJ,NMJ,2.0
AVFL,NMJ,NMJ,2.0
AVFR,NMJ,NMJ,4.0
AVKR,NMJ,NMJ,1.0
AVKR,NMJ,NMJ,1.0
AVL,NMJ,NMJ,10.0
DA01,NMJ,NMJ,16.0
DA02,NMJ,NMJ,15.0
DA03,NMJ,NMJ,30.0
DA04,NMJ,NMJ,26.0
DA05,NMJ,NMJ,17.0
DA06,NMJ,NMJ,6.0
VC01,NMJ,NMJ,1.0
VC03,NMJ,NMJ,3.0
AS01,NMJ,NMJ,13.0
DA09,NMJ,NMJ,1.0
DB01,NMJ,NMJ,3.0
DB02,NMJ,NMJ,24.0
DB03,NMJ,NMJ,25.0
DB04,NMJ,NMJ,6.0
DD01,NMJ,NMJ,34.0
DD02,NMJ,NMJ,28.0
DD03,NMJ,NMJ,32.0
DD05,NMJ,NMJ,1.0
DD06,NMJ,NMJ,1.0
DVB,NMJ,NMJ,1.0
DVB,NMJ,NMJ,4.0
HSNL,NMJ,NMJ,7.0
HSNR,NMJ,NMJ,5.0
HSNR,NMJ,NMJ,1.0
IL1DL,NMJ,NMJ,1.0
IL1DL,NMJ,NMJ,4.0
IL1DR,NMJ,NMJ,1.0
IL1DR,NMJ,NMJ,6.0
IL1L,NMJ,NMJ,1.0
IL1L,NMJ,NMJ,12.0
IL1R,NMJ,NMJ,1.0
IL1R,NMJ,NMJ,12.0
IL1VL,NMJ,NMJ,3.0
IL1VL,NMJ,NMJ,6.0
IL1VR,NMJ,NMJ,1.0
IL1VR,NMJ,NMJ,9.0
PDA,NMJ,NMJ,2.0
PDB,NMJ,NMJ,2.0
PLNL,NMJ,NMJ,1.0
PVNL,NMJ,NMJ,1.0
PVNL,NMJ,NMJ,2.0
PVNR,NMJ,NMJ,2.0
PVNR,NMJ,NMJ,1.0
RID,NMJ,NMJ,2.0
RID,NMJ,NMJ,1.0
RIML,NMJ,NMJ,3.0
RIML,NMJ,NMJ,1.0
RIMR,NMJ,NMJ,3.0
RIMR,NMJ,NMJ,1.0
RIVL,NMJ,NMJ,4.0
RIVR,NMJ,NMJ,3.0
RIVR,NMJ,NMJ,2.0
RMDDL,NMJ,NMJ,1.0
RMDDL,NMJ,NMJ,7.0
RMDDR,NMJ,NMJ,10.0
RMDL,NMJ,NMJ,9.0
RMDL,NMJ,NMJ,2.0
RMDR,NMJ,NMJ,3.0
RMDR,NMJ,NMJ,1.0
RMDVL,NMJ,NMJ,3.0
RMDVL,NMJ,NMJ,6.0
RMDVR,NMJ,NMJ,6.0
RMDVR,NMJ,NMJ,3.0
RMED,NMJ,NMJ,10.0
RMEL,NMJ,NMJ,12.0
RMER,NMJ,NMJ,15.0
RMEV,NMJ,NMJ,5.0
RMFL,NMJ,NMJ,2.0
RMFL,NMJ,NMJ,1.0
RMGL,NMJ,NMJ,3.0
RMGL,NMJ,NMJ,1.0
RMGR,NMJ,NMJ,3.0
RMHL,NMJ,NMJ,7.0
RMHL,NMJ,NMJ,1.0
RMHR,NMJ,NMJ,5.0
RMHR,NMJ,NMJ,2.0
SMBDL,NMJ,NMJ,3.0
SMBDL,NMJ,NMJ,5.0
SMBDR,NMJ,NMJ,3.0
SMBDR,NMJ,NMJ,7.0
SMBVL,NMJ,NMJ,3.0
SMBVL,NMJ,NMJ,3.0
SMBVR,NMJ,NMJ,3.0
SMBVR,NMJ,NMJ,3.0
SMDDL,NMJ,NMJ,4.0
SMDDL,NMJ,NMJ,1.0
SMDDR,NMJ,NMJ,3.0
SMDVL,NMJ,NMJ,3.0
SMDVR,NMJ,NMJ,3.0
SMDVR,NMJ,NMJ,1.0
URADL,NMJ,NMJ,1.0
URADL,NMJ,NMJ,5.0
URADR,NMJ,NMJ,2.0
URADR,NMJ,NMJ,5.0
URAVL,NMJ,NMJ,6.0
URAVL,NMJ,NMJ,3.0
URAVR,NMJ,NMJ,1.0
URAVR,NMJ,NMJ,7.0
VA01,NMJ,NMJ,11.0
VA02,NMJ,NMJ,19.0
VA03,NMJ,NMJ,29.0
VA04,NMJ,NMJ,25.0
VA05,NMJ,NMJ,19.0
VA06,NMJ,NMJ,20.0
VA07,NMJ,NMJ,27.0
VA08,NMJ,NMJ,23.0
VA09,NMJ,NMJ,20.0
VA11,NMJ,NMJ,18.0
VA12,NMJ,NMJ,14.0
VB01,NMJ,NMJ,5.0
VB02,NMJ,NMJ,26.0
VB03,NMJ,NMJ,35.0
VB04,NMJ,NMJ,20.0
VB05,NMJ,NMJ,22.0
VB06,NMJ,NMJ,28.0
VB07,NMJ,NMJ,2.0
VB08,NMJ,NMJ,32.0
VB09,NMJ,NMJ,24.0
VB10,NMJ,NMJ,20.0
VB11,NMJ,NMJ,14.0
VC01,NMJ,NMJ,5.0
VC02,NMJ,NMJ,9.0
VC02,NMJ,NMJ,1.0
VC03,NMJ,NMJ,8.0
VC04,NMJ,NMJ,4.0
VC04,NMJ,NMJ,3.0
VC05,NMJ,NMJ,2.0
VC06,NMJ,NMJ,1.0
VD01,NMJ,NMJ,12.0
VD02,NMJ,NMJ,22.0
VD03,NMJ,NMJ,23.0
VD04,NMJ,NMJ,25.0
VD05,NMJ,NMJ,26.0
VD06,NMJ,NMJ,27.0
VD07,NMJ,NMJ,24.0
VD08,NMJ,NMJ,25.0
VD09,NMJ,NMJ,28.0
VD10,NMJ,NMJ,22.0
VD11,NMJ,NMJ,11.0
VD12,NMJ,NMJ,13.0
VD13,NMJ,NMJ,12.0
